time,text,language,scam_type,lure_principles,named_entity,url_shortener,exact_key,scam_score,predicted_scam
Yesterday 10:56 PM,It’s me jiyong,English,wrong number,,jiyong,,453190780730a7b9,0.010549994895752764,0
Today 16:19,Wwwwwwwwwwwwwwwwwwwwwwwwwwwwwwwwwwwwwwwwwwwwwwwwwwwwwwwwwwwwwwwwwwwwwwwwwwwwwwwwwwwwwqkqdfjfieuqfjfdjfci ejfjkfjjgfigjfjduerjrurufjdjcjjfjfd fyp I'm going on <DATE_TIME> so I'm sorry to bother but I don't have it right away so I'm not going back on the time now so I'm not trying anything out for a long period of time so I'm just saying I'm not trying anything out of my life and I'm so tired and tired I love this song so I'm not going on this video I don't know how much it was supposed to be like my hair and my life I love it I just want my life and my love to see what you want to me I don't want you in my love and love your love and I miss my life so I,English,others,,,,edf3cc5bd0449c14,0.02707622474593837,0
02/06/2018 10:46 PM,VALIDATION OK,English,others,,,,84e17676deb72ced,0.02767440334046289,0
Today 14:42,Hey <NAMED_ENTITY> are you there It's me <NAMED_ENTITY>,English,wrong number,,,,b9683795cdc6f211,0.03337410086578688,0
Saturday 10:38 AM,Hey. <NAMED_ENTITY> when are you picking me up?,English,wrong number,,,,290dbd564dca7309,0.03349124839711081,0
"21 MAR, 2022 10:17:48","Hi Julanne long time no see, I'm <NAMED_ENTITY>, how are you doing?",English,wrong number,,,,4bfbc8fca6ce88bb,0.03654213347740561,0
Today 12:33,"hey you<NAMED_ENTITY> i'm in <NAMED_ENTITY>, my S N A P : - Chiquita228 🥳",English,wrong number,,,,6402f6f9501a23c6,0.03738060242532504,0
Today 12:06 PM,"Hey, Anne how's it going so far?",English,wrong number,,,,0bc718c59cca56ef,0.040661682913185684,0
今天 上午 3:51,I'm sorry <NAMED_ENTITY> no I ingat no my son,English,wrong number,,,,c936d04c410af00b,0.04252365772906853,0
11:04,DO YOU RECEIVED MY SMS MY <NAMED_ENTITY> ME KNOW IN <NAMED_ENTITY> <EMAIL_ADDRESS> IT'S VERY URGENT,English,others,time/urgency,,,969f1263e116bd7d,0.042705653280951564,0
13:49,"Hey mum, my phone has water damage. That is why i have this temporary number. It felt in my sink😞 how are you doing?",English,hey mum/dad,kindness,,,fb1ea481979e5c00,0.043119120174876305,0
Today 3:13 PM,How is your family? We haven't seen each other in a long time. LOL! Didn't you saved my number? I'm <NAMED_ENTITY> We even went to a party together <DATE_TIME>. We met not long ago don't you remember me? Excuse me Is this not my friend <NAMED_ENTITY>'s number? Blocked. Lol,English,wrong number,distraction,,,045a98013a3e53ea,0.04347312245445797,0
Today 3:13 PM,How is your family? We haven't seen each other in a long time. LOL! Didn't you saved my number? I'm <NAMED_ENTITY> We even went to a party together <DATE_TIME>. We met not long ago don't you remember me? Excuse me Is this not my friend <NAMED_ENTITY>'s number? Blocked. Lol.,English,wrong number,distraction,,,532d7729f81b29e7,0.04347312245445797,0
"Fri, Jan 28, 4:18 PM","Hi, <NAMED_ENTITY>, it's <NAMED_ENTITY>.",English,wrong number,,,,d3d3c9a81a89ce77,0.043956661238837985,0
Today 5:12 PM,Hi i am <NAMED_ENTITY> . How are you today <NAMED_ENTITY> ? 😊❤️,English,wrong number,,,,2160c400276c317a,0.04413608460605756,0
Monday 12:53 PM,"My work is too much <DATE_TIME>, I can't go to the gym with you, I hope you don't get mad at me",English,wrong number,,,,80a349707d73504d,0.04418349373455536,0
Today 3:47 pm,"Hi, nice to meet you here, I would love to meet real people. I just came to <LOCATION> and am now self-isolating in a hotel and when I am done I will come to see you, a good relationship starts with a genuine friendship.I'm currently single (don't talk to me about sex or I'll be mad, do not disturb under 20) it would be easier to add to whatsapp: <URL> We can share our daily life together and get to know better each other",English,others,distraction,,wa.me,363eb6d1ba2ff93d,0.04420960164001306,0
"Wed, Feb 9, 07:53","Long time no see, how are you doing?",English,wrong number,,,,2e8924cd5e2f78d2,0.04441982023702655,0
Sat Feb 04 2023 5:26PM,How are you doing,English,wrong number,,,,3ffcb1378dcc6f4e,0.04550848168311169,0
"Tue, Mar 15, 8:06 PM",I'm really sorry. I dialed the wrong number. And I thought you were my friend. It was so embarrassing. Have <DATE_TIME>.,English,wrong number,,,,a92815dad8fa88fb,0.04631443650578675,0
"Fri, Mar 25, 6:06 PM",Hi! I am <NAMED_ENTITY>'s friend. Are you the <NAMED_ENTITY> that <NAMED_ENTITY> recommended to me? I am <NAMED_ENTITY>.,English,wrong number,,,,e4ddac17b6f9f983,0.047292565151118085,0
Tuesday 7 March 09:27,Hi Mumthe anniversary is over its now <DATE_TIME> since I lost <NAMED_ENTITY> hope GOD will give me a lovingcaring to my kids. I hope my son&daughter are doing well,English,hey mum/dad,kindness,,,31ad8c72111d8235,0.04747375341665476,0
Today 6:47 PM,"Hi are u Johan? it's <NAMED_ENTITY>.. we msged on Coffee Meets Bagel before when I came down to hang with my grandmother but we never connected irl,, Im back in the area <DATE_TIME> if ya want 2 truly go out while I'm here, r ya up for it?",English,others,distraction,,,285fb49098310db2,0.047831402342273455,0
4:04 PM,Hi Mr <NAMED_ENTITY> long time no see. how are you?,English,wrong number,,,,e3f801ee13a01e04,0.04815194242617975,0
"Feb 27, 2022 5:09 PM","<NAMED_ENTITY>, long time no see, how are you?",English,wrong number,,,,273dccd700ac4b22,0.04819448765148041,0
,I am lost in Thought i dont know what to eat <DATE_TIME> kindly decide for me <NAMED_ENTITY>,English,wrong number,,,,eb994d36411a4bd4,0.04840185137474875,0
Today 8:39 AM,Keyword not defined.,English,others,,,,8d9168f3d1c2e846,0.04841999171794123,0
3:20 PM,Hi Ellie I'm <NAMED_ENTITY> I'm interested in a house in <LOCATION> when can we go there I'd like to see.,English,wrong number,,,,ae3b3058433e2277,0.05078407254338858,0
Today 2:43 PM,"hi there, it's <DATE_TIME>! My name is <NAMED_ENTITY> and was wondering if we could meet sometime. write me",English,wrong number,,,bit.ly,952becd446939290,0.05080902728705996,0
"Saturday, May 20, 12:23 PM","Hi <NAMED_ENTITY>, I know it isn’t the right time but iust wanted to let you know we have a black manual 86 that will be here in <DATE_TIME>",English,others,,,,57d2a7a158f87f53,0.05251456175743576,0
10:48 PM,Hey <NAMED_ENTITY> said I'm your -4 <NAMED_ENTITY> you'll always be my +4 not my -4,English,wrong number,kindness,,,24c16fff5baba52a,0.05291805332682502,0
"Wednesday, May 31, 15:31","It's Rep. <NAMED_ENTITY>. Congress is voting on a debt ceiling deal that avoids default but foregoes necessary spending reforms. In fact, it includes upholding <NAMED_ENTITY>'s student loan forgiveness plan, funding an IRS expansion, etc. Tell me how you'd vote here:",English,government,"authority,distraction"," rep andy ogles,congress",,2bd67ea1e902bfc4,0.05311451148691553,0
"Feb 8, 2023 22:27","Hi, <NAMED_ENTITY>, we talked about the contract last time, we can talk about it later. I just wanted to let you know this is the wrong number. Aren't you <NAMED_ENTITY>? I'm sure I think I added the wrong person. I usually have a lot of business partners, maybe my secretary sent you <NAMED_ENTITY> number, sorry I hope you don't mind. Acceptance is a lot, I am from <LOCATION>, where are you from?",English,wrong number,,,,817f94dfbd000f26,0.05329341099001726,0
3:44 p.m.,Are you OK ?,English,wrong number,,,,b07c20c1c51289c9,0.05344868528635259,0
Today 10:39 PM,"Mr. <NAMED_ENTITY>, how do you feel about the company's plan?",English,wrong number,,,,c41e4e6a2cee69ba,0.0534503470566806,0
9:44,Do you received Hey men do you got it,English,others,distraction,,,24be66a66662a6de,0.054039557849810016,0
10:26 PM,My printer is not working and I am going to lodge case against you,English,others,authority,,,adfdc7383cc6288c,0.05444391090415047,0
Today 18:10,Its mum I left my phone at home and at the petrol station with the wrong card. Can you send me 250. BSB: 633-123 ACC: <US_BANK_NUMBER>. Pay you back when i get home x,English,hey mum/dad,kindness,,,450b10aeba073e1b,0.054515001798995724,0
"7:01 PM, September 18",Do you think it's strange that a woman you do not know is texting you?,English,others,distraction,,,2b8e9c3643cc5ba6,0.05455027132248953,0
"Sun, Nov 6, 4:01 PM","Hi there, this is <NAMED_ENTITY>. Did you view my invite? I need to get out. Let me know: <URL>",English,wrong number,distraction,,,4b7b667a0b8fab3f,0.05526132832329329,0
Thursday March 16 4:35 PM,Hello JackWhat are you doing now? Do you still remember me?,English,wrong number,,,,4826dd1d05e709d3,0.05584038132642441,0
10:25 AM,I think I'm going to take care of my skin do you want to accompany me?,English,wrong number,,,,6f6e1439abcf6607,0.05601149711597079,0
17:38,"Hi <NAMED_ENTITY>, I need a lot of precious metal raw materials for the project at hand recently, can you give me a price list?",English,wrong number,,,,7c3c3c2138a3e5a5,0.05604406181903803,0
"Mon, Apr 24 at 2:20 PM","Hi, sorry I was in <LOCATION> 🇦🇺 and I’m back. I owe $500 on the phone to pay off. I’ll give it to you for $330 if you want. I’m off work at <DATE_TIME> in <LOCATION> A couple people are interested so just keep me posted if you didn’t get one already",English,wrong number,"distraction,need and greed",,,a73e818352ee2420,0.05624915479847223,0
4/14/22 12:47 PM,Send me that money on <DATE_TIME> (<NAMED_ENTITY>) Don't use the other one is not working.,English,others,"distraction,kindness",,,b58d6515aeac1127,0.056419389083426585,0
"Wednesday, September 20 5:01 PM",Hello how are you?,English,wrong number,,,,2a02da097cb6c1c3,0.056505249686206356,0
19:21 Sunday 19 June,"Hello! We are a regular online recruitment game company, there is no time limit and location limit, the work is very simple, you can do it at home, and the manager teaches you to make money and do things....",English,others,"distraction,need and greed",,,8d6395a790682e42,0.05843287520273177,0
,"How is this possible. <NAMED_ENTITY> gave the number and asked me to contact you. The last time I cut hair was when my <DATE_TIME> was asleep in a beanbag and that was <DATE_TIME>. I can give it a try😂 My name is <NAMED_ENTITY>, a federal police chief, and it was my friend <NAMED_ENTITY> who gave me your number Too bad",English,government,authority,federal police,,6e76ebada7aa7bde,0.05871741013388301,0
8:10 am,"i just feel led to get this out but I am here to tell you that judgment is imminent upon this world. The world as we know it will be changed forever and nothing will go back to the way it was. A Mass Blackout, Massive earthquakes, Massive Tsunamis, Famine and War across the nations will very soon come upon the <LOCATION>. URGENT God loves you so much, only he can save you from what's coming. The mark of the beast will also be implemented very soon which comes in the form of a small chip the size of a grain of rice. It will be enforced upon the nations and will soon be made mandatory. It will be inserted in the hand or the forehead. Revelation 13:17 And that no man might buy or sell, save he that had the mark, or the name of the beast, or the number of his name. Let him that hath understanding count the number of the beast: for it is the number of a man; and his number is 666. Do not take the Coming Chip, it will change your DNA and will make you permanently irredeemable. I also want to point out aLIEns are demons, do not believe the alien invasion NASA will pull off. Starlink and project blue beam will be used for the alien invasion, do not believe the lies. Proof of exposing the truth > <NAMED_ENTITY> 1",English,others,"authority,distraction,time/urgency"," starlink,nasa",,21889bca2c18439a,0.0589404827211456,0
"Fri, Nov 4, 4:20 PM","Hi, you wish to meet at the bar tonite? Btw its <NAMED_ENTITY>, let me know: <URL>",English,wrong number,,,,65a93e04bcb32556,0.060514194732529676,0
21-08-2020 04:58 PM,"Ask for forgiveness from the Almighty God. He is the only one that gives and add no sorrows. Young man, save yourself while you still can.",English,others,authority,,,d833c4a15548b668,0.06066048352271873,0
Thursday 23 March 9:17,I am at <NAMED_ENTITY> and brought my old card by mistake can you please send me 850. I will give it back as soon as I get home. BSB 182-182 ACC <US_SSN>,English,others,"kindness,time/urgency",coles,,8f14fcc6b4b89590,0.060678086743381016,0
Today 11:20 am,I am at <NAMED_ENTITY> and brought my old card by mistake can you please send me 600. I will give it back as soon as I get home. BSB 182-182 ACC <US_SSN>,English,others,"kindness,time/urgency",,,5c4e32f822165d2c,0.060678086743381016,0
Today 10:22 PM,It’s 🥵 we just finished the thing and were coming back My phone died so I’m waiting for it to charge,English,hey mum/dad,"distraction,kindness",,,a0881f1fb5a756a1,0.06142085706442892,0
Today 6:11 PM,"Hi, are you <NAMED_ENTITY>? I'm not sure if I remembered the number wrong",English,wrong number,distraction,,,6b1490f92dd6c3e4,0.06210457158755225,0
Thursday December 1 7:58 AM,<NAMED_ENTITY> how much more time is needed for the construction of my house in <LOCATION>?,English,wrong number,,,,332c20d58989f04c,0.062411740224167955,0
Today 11:21 am,I am at Woolworths and brought my old debit by mistake! Can you please transfer me 825 I will give it back as soon as I get back. BSB 670-864 ACC 2019-0264.,English,others,kindness,woolworths,,d0889e8dffec6b11,0.06271928488123138,0
11:16 AM,<NAMED_ENTITY> it's <NAMED_ENTITY>! Will you join me in <LOCATION> for my Women for <NAMED_ENTITY> town hall on <DATE_TIME>? RSVP <DATE_TIME>: <URL>,English,others,"authority,herd,time/urgency",nikki haley,,70b83bdccf813b93,0.06341860895629613,0
"Saturday, September 2 7:00 AM",What's orange and sounds like a parrot? A carrot. <DATE_TIME> be vibrant and colorful!,English,others,,,,7195c0a6b36da983,0.06345186844609099,0
"Wednesday, 05 September 2018",Hi can you please do a cashsend to <PHONE_NUMBER> for <US_DRIVER_LICENSE> and then <US_DRIVER_LICENSE> <DATE_TIME> capitec please need to passby edenvale Trying to call you cant get through how far Will ask her to reverse its ok but you dissapointed me was already on my way,English,banking,"distraction,kindness,time/urgency",capitec,,c25871b0809554e3,0.06346263953320934,0
"Mar 14th, 2021","Hi, can you tell me more about the post I found on facebook page",English,wrong number,,,,32cbc311868a7871,0.06356576682453065,0
Today,"The good news is that I'll be returning to <LOCATION> soon, and I'm looking forward to the day you pick me up at the airport",English,others,,,,c87faa45cb162765,0.06369072970776576,0
Sunday 8 January,Hi siz KDF is doing replacement & I've 3 vacancies send me the details of Ken & 2 others with D+ & above.U can also get me on <UK_NHS> Maj.Ndambuki.,English,others,authority,kdf,,f5e648290728cbcd,0.06402687153653966,0
23 Mar 02:37,I bless your generosity my highest gratitude and appreciation for all the love and support you've shown me during my staying in BBT I'm so grateful❤️🙏🏼❤️🙏🏼,English,others,,bbt,,739ce0f318da535d,0.06412594194540377,0
"Tue, Nov 1, 8:53 PM","Hey <NAMED_ENTITY>, I finally got my web cam setup. Let's talk, enter here: <LOCATION>",English,wrong number,,,,1f6642321dec754e,0.06463376846688901,0
Wednesday Mar 29 • 6:10 PM,Lily see the message and reply me Why are you so busy all the time don't you rest at night? 🍷😆 :),English,wrong number,,,,75b96bb8a666fb16,0.06493435104290157,0
Wednesday Mar 29 6:10 PM,Lily see the message and reply me Why are you so busy all the time don't you rest at night? 🍷😆:),English,wrong number,,,,442d2b0f247319be,0.06493435104290157,0
13:28,"Oh, I saved <NAMED_ENTITY> number by mistake, hope you don't mind that",English,wrong number,,,,4ea3dff39f750cf0,0.06517760521128442,0
,Hey there! I am using WhatsApp.,English,wrong number,,,,bff98f939b2be940,0.06517823808198248,0
25 Apr 2022,Hey there! I am using,English,others,,,,4f342f1acd4b6572,0.06517823808198248,0
10:50 am,I am at <NAMED_ENTITY> and brought my old card by mistake can you please send me 1500. I will give it back as soon as I get home. BSB: 670-864 ACC: <DATE_TIME>.,English,others,kindness,coles,,73f3dcc91a663fc7,0.06575736083398191,0
15:11,I'm at Woolworths and bought the wrong card with me. Can you please send me 390 I will pay you back when i get home. BSB - <US_DRIVER_LICENSE> ACC - <US_BANK_NUMBER>,English,others,kindness,woolworths,,aaef410dfa3fbf3e,0.06587541416433647,0
Today 06:30,Are you <URL>n you assist me with something 🙏,English,others,kindness,,,ffccccea14c75a96,0.0667022206203585,0
23:38,Yes I used the first step where you sent me the link that's what I used,English,wrong number,,,,9868f050ac0db11f,0.06729722865805705,0
"Tue, Apr 25 at 10:24 AM","This is <NAMED_ENTITY>, how arThis is <NAMED_ENTITY>, how are you doing Alisa?e you doing <NAMED_ENTITY>?",English,wrong number,,,,9dbfd3fb18ce160f,0.06759566022704971,0
"Fri, Nov 24 at 1:41PM","How are you <DATE_TIME>, are you okay. I'm <NAMED_ENTITY>, is this <NAMED_ENTITY>'s number?",English,wrong number,,,,c79b5c676149dd50,0.06772945043621169,0
Tuesday 7 March 2023 13:00,Hi Mum I accidentally dropped phone and smashed the screen so Im using an old one can you save my new number <PHONE_NUMBER> for the time being,English,hey mum/dad,"distraction,kindness",,,0d409dcffd047051,0.06802347749906196,0
Yesterday 17:50,Hi Dad I have damaged my phone so this is my new number just until I get my phone repaired Save my temp number x Thanks for saving number. I'll be on this number just until I get my phone repaired. X Hopefully the phone shop can fix it fingers crossed.. I'm having a nightmare with another issue that I may need help with.. x,English,hey mum/dad,kindness,,,85c2900a37730e9a,0.06827223564364822,0
Today 15:43,"Mum I've dropped my phone in the toilet and it's not working properly. I'm messaging off a friends phone, just save my new number and text me now <DATE_TIME>",English,hey mum/dad,kindness,,,bcff5732745f9ddd,0.06836805874870137,0
Yesterday 2:16 PM,"Hidayah, I haven't seen you for a long time, how are you, I am. .",English,wrong number,,,,2710df0335c3dd77,0.06837876912056381,0
4:29 PM,So during another trip she now called and said network that she will do it I should resend my account number,English,others,distraction,,,4c5dffa1958f20c5,0.0684681214214349,0
Yesterday 8:30 PM,Dr. <NAMED_ENTITY>! My puppy is very slow moving and won't eat dog food. Can you make an appointment for me?,English,wrong number,,dr jack,,baae6b3704090d56,0.06948327323730163,0
Today 2:50 pm,Hey you fucking bitch do you remember me? Im gonna come over now and beat the shit out of you,English,others,distraction,,,38b2cc1d9a774bd7,0.06983480547904351,0
"Fri, Nov 4 at 3:23 AM",FANS Crying about <NAMED_ENTITY>!!,English,others,,oprah,,1e896a9dae11369e,0.0702653915733574,0
Today 7:31 PM,"Hey I know you don't know me, but many years ago I used to have your number. I'm trying to log in to an old account that is still tied to __________ but it's telling me that it will send me a verification code. I'd like to know if it'd be okay with you if I request the code and if you can just text it back to me? If not, that's totally fine. Ok Thank you so much!! I just requested it <US_DRIVER_LICENSE> You're a life saver. Thank you so much and sorry for bothering Welcome",English,others,kindness,,,7cf2a5f20b7f3ca7,0.07033148702894113,0
Today 14:39,Together we can make SMS messaging a little less dangerous. So that spoofed messages like this don't fool us.,English,others,,,,2ed802558860eed0,0.0708942958937472,0
Today 9:48 PM,Are you Mr. <NAMED_ENTITY>? I'm <NAMED_ENTITY> and I'm not sure if the number is correct,English,wrong number,,,,0c5ab4af84f18884,0.07107598280814163,0
4:54 p.m. and 4:56 p.m.,<NAMED_ENTITY> what's good? I don't know if you remember me it's [name hidden] we went on a date a while back I was wondering if I can ask a favor? I want to apply for a job at [company hidden] and I saw you were on their board I am wondering if you can write me a reference?,English,wrong number,kindness,,,d35a9b765898c2db,0.07125082864001296,0
15:51,You better believe I’m not stupid enough to fall into texting/email phishing. You can kiss my white <NRP> ass because unblocking: ISN’T GOING TO HAPPEN,English,others,,,,f92724ca185daf0d,0.07172861175238755,0
"Feb 1st, 2021","Hey, asking about the item: <URL> Thank you in advance! <NAMED_ENTITY>!",English,wrong number,,,,3e77398daa3018c3,0.0718173373715811,0
,can you pls do me a favor this was my old phone number and i forgot to change the number on my twitter account and i can’t get into it it’s gonna send a code to your number can you tell me the code please? no i know this is my old number it's gonna send a code pls just tell me what it is so i can change my number on the app,English,others,"authority,kindness",,,e40d50959fb3ed70,0.07182970875934715,0
,thank you. That was really a good and relaxing massage.,English,others,,,,43f1e157bee55ff2,0.07188702114637606,0
,hello Am from nsfas how much did you get I think we made. a mistake you suppose to get <US_DRIVER_LICENSE>,English,government,"authority,distraction",nsfas,,f070b3447525e159,0.07191159096398625,0
"Friday, September 8, 6:51 PM",The spot I wanna hit close at dawn so it a b pointless to go fr,English,others,,,,ba1e4bce04597ef7,0.07195971596521274,0
Today 12:33 pm,Can you please tranfer me 800. I am at Woolworths and brought my old card by accident I will give it back as soon as I get home BSB 182-182 Acc,English,others,"distraction,kindness",woolworths,,78cbab21316540f7,0.07217693905261685,0
12:00,Hi I am one of the billionaires stuck in a submarine please send me <US_DRIVER_LICENSE> just to buy food toiletries and some oxygen,English,others,"dishonesty,kindness",,,8742b3550ee5fff6,0.07218293275243794,0
2022-06-03,"<NAMED_ENTITY>, | need to know if you are available in a split second. | am at a meeting and limited to calls, but |am good to go with texts if that works. Need you to handle a task. Thanks",English,wrong number,"distraction,time/urgency",,,d8b87e8b4302493f,0.07231930133519922,0
"Wednesday, June 21, 6:53 PM","I'm <NAMED_ENTITY>, are you <NAMED_ENTITY> <DATE_TIME>?",English,wrong number,,,,4d70f6efb82ff382,0.0724409060893199,0
Today 5:05 PM,"Hey are u Demetrius? its <NAMED_ENTITY>. we spoke on PoF last time I went down to come see my cousin but we didn't meet for dinner.. I'm back in town 4 awhile if u want 2 for sure go out this time, r u free?",English,others,distraction,,,c5f607cf8db27667,0.07285220104346206,0
,Vaccine scam done in <LOCATION> and then Uddhav govt blame shortage.. Check next,English,government,"authority,distraction",,,577facac64720550,0.07297223745966137,0
19:07,My new brother so cute love this little boy,English,others,,,,cf466ce4aa2aad3a,0.07319549586073366,0
Today 7:12 PM,Is this our boss...? No It must be scam Do not reply Oh my god My money stolen Do not clicked oh my god,English,others,,,,a098315a1088168b,0.07331019901852834,0
Today 9:13 am,I'm at Woolworths and brought the wrong card with me! Can you please urgently send me $700 I will pay you back when I get home. BSB: 670- ACC: 1857,English,others,"kindness,time/urgency",woolworths,,866aeb6019ccad78,0.07376521148802065,0
Today 9:13 am,I'm at Woolworths and brought the wrong card with me! Can you please urgently send me $700 I will pay you back when I get home. BSB: 670-ACC: 1857,English,others,"kindness,time/urgency",woolworths,,5ddd48fe5b7bbfdc,0.07376521148802065,0
4:12 pm,I'm at the train station and bought the wrong card with me. Can you please send me 800 I will pay you back when I get home. BSB - 084-961 ACC - 77-935-2877.,English,others,kindness,,,e7a2096b2ec89327,0.07389934625467778,0
Friday 12:50 PM,"Hi baby, here are the photos I wanted to share with you. Let me know what you think...",English,wrong number,,,,1c9f8c1b906b2d02,0.07398469864424151,0
"Jun 22nd, 2021","Hi, my name is <NAMED_ENTITY> my wife see this property",English,wrong number,,,,13c9d9ee169371eb,0.07418543750168495,0
6:13 PM,Kindly be advised that it is not an MTN promotion. ~KS,English,telecom,authority,MTN,,02840f557215c24d,0.07439876527962982,0
"Thursday, Jun 16, 2022 - 8:17 PM",OMG <NAMED_ENTITY> 😢 - did you hear what happened with OPRA H?,English,wrong number,,,,8b6ba665940ff1ff,0.07457348298567462,0
"Monday, Jul 17 • 11:18 AM",Can't talk now. What's up?,English,wrong number,,,,e47cc87cb8b9fc30,0.07464220122276276,0
"Oct 2, 2021 11:12 AM","hi <NAMED_ENTITY>, it’s been a long time since I came out, what are you doing recently?",English,wrong number,,,,ce3affccc8f86e14,0.07466593767290887,0
18:20,"<NAMED_ENTITY> , good dey mom, please mom how are you?are you aware alot of money is inside the <URL>e custom has consolidated the luggage because of the money. they was a lot of money in the luggage. the custom discover 35,000 thousands dollars in side the luggage, they discover it with computer .which every big amount, when you covered it to <LOCATION> currency, we give you 592 747,75 rand because of that the custom charge you 7,500 rand. before the we released it to me. they told me that is money launderering, it's against the law here in <LOCATION>. now we cancel delivered to you <DATE_TIME> till you pay <URL>anks <NAMED_ENTITY>. I am waiting for your respond <DATE_TIME>. they used to check the package in the system so that they will see anything bad .because people put some drugs inside the bag .so that's why they discover that money and they said that there is against the law here that's why",English,others,"authority,distraction,time/urgency",,,8a37b6a600665a32,0.075051316171642,0
"Tuesday, Jul 5 • 8:47 AM",hello can you speak mandarin?,English,wrong number,,,,1342092aa56e9d3f,0.07522225235987962,0
,"Look who died, in an accident I think you know him so sorry...",English,others,distraction,,,13889cc52cb6f834,0.07541214661900497,0
APR 17 AT 11:24 AM,Look who died in an accident I think you know him so sorry...ðŸ ̃,English,others,distraction,,,a9b5e6b60a0edfdc,0.07541214661900497,0
10:24 PM,Omg how are you? Are you still in the magic land of scamtopia? If you happen to find some dignity and self respect...let me know.,English,others,,,,1e0e7f0dd7025fec,0.07558636223789761,0
"Wednesday, today 7 min ago","Hey, I know you're stuck at home. saw this and thought of you: <URL>",English,others,distraction,,,3d535bbd54fb6e15,0.07605317782599204,0
Wednesday 9:49 AM,"How was your day? Hey, <NAMED_ENTITY>! Do you remember me? I'm <NAMED_ENTITY>",English,wrong number,"distraction,kindness",,,5f359e7d4e99a51d,0.07628532700688372,0
12:06 PM,"Hi, <NAMED_ENTITY>. I'm Aisha. Do you remember me? Last time we met at an auction in <LOCATION>.",English,wrong number,,,,49168a0b97b19853,0.07660552780281574,0
Today 5:36 PM,Hello who are you? Why are you in my address book I travel a lot have we met? Can you tell me your name? thanks,English,wrong number,,,,d79bb60665710757,0.07679575796077823,0
Today 6:24 AM,(1) U have usdt (2) How can u invest and register (3) How can u participate Send me a message by,English,others,,,wa.me,ed170cd6df08e280,0.07684068311863612,0
Today 2:06 PM,"hi <NAMED_ENTITY>, I’m a bit nervous about <DATE_TIME>'s meeting.",English,wrong number,,,,6c229c83f4828f6b,0.07688742881156928,0
"Mar 29th, 2021","Hi, I'm <NAMED_ENTITY> and I'm interested in this house",English,wrong number,,,,b0d04baa12d3c065,0.07692965464769691,0
04:23,Presidential Transition Council (PTC) - Let's maintain Unity as one people and one nation. Let's support the new administration and build a <LOCATION> that we can all be proud of,English,others,authority,presidential transition council ptc,,e70cfa5f9bfb8d11,0.07698432427378468,0
4:24 AM,Presidential Transition Council (PTC) - Let's maintain Unity as one people and one nation. Let's support the new administration and build a <LOCATION> that we can all be proud of.,English,government,authority,presidential transition council ptc,,8e29833e512f1d20,0.07698432427378468,0
Today 15:34,I’m at the petrol station and bought the wrong card with me. Can you please send me 150. I will pay you back when i get home. BSB - 062-948 Acc - <US_BANK_NUMBER>,English,others,kindness,,,efbdf48d3f66acff,0.0770703102898919,0
Today 7:31 PM,"Hey I know you don't know me, but many years ago I used to have your number. I'm trying to log in to an old account that is still tied to... but it's telling me that it will send me a verification code. I'd like to know if it'd be okay with you if I request the code and if you can just text it back to me? If not, that's totally fine. Thank you so much!! I just requested it. You're a life saver. Thank you so much and sorry for bothering.",English,others,kindness,,,807b4e7229d54f7d,0.07733816915090833,0
"Wed, Jan 26, 8:15 PM","Ay is this <NAMED_ENTITY>? this is <NRP>... we txted on Coffee Meets Bagel last time I went up to visit my cousin but we didn't meet for drinks.. I'm back in the area right now if ya want 2 actually go out while I'm here, are ya up 2 it?",English,wrong number,kindness,,,c1b3e8ce5f760160,0.07755479671018721,0
Today 1:35 PM,<NAMED_ENTITY> - you at the demo?,English,others,,,,f788b439e768b144,0.0776286266404097,0
Sunday 29 January 15:41,hi mum i broke my phone and im messaging you of my friends number. can you please WhatsApp me on my new number <PHONE_NUMBER> their phone is dying,English,hey mum/dad,"kindness,time/urgency",,,b6ccee68bb00d719,0.07781578718589327,0
10:35,Happy Thanksgiving <NAMED_ENTITY> and family,English,wrong number,,,,13d730ccfe82a23b,0.07792287806391462,0
3:56 PM,Here's my Telegram account add me there: @FuqYou$camm3r,English,others,,,,65fd96c8037d771e,0.07848534452517636,0
,Hi Mum it's me I'm messaging off a friends phone I've smashed mine and their phones about to die can you WhatsApp my new number please <PHONE_NUMBER> x,English,hey mum/dad,"kindness,time/urgency",,,6aebc65be6c6b07e,0.07854568795575889,0
12:22 PM,-)_ Can You Giive Mee Couple Of OrgAsM..,English,others,,,,e1aa4a6521716acd,0.07867010527525822,0
10:14,<DATE_TIME> is here and so are t...,English,others,distraction,,,8937424dc367b92d,0.07870851496750686,0
Today 5:37 PM,Hi I'm making chicken curry at home <DATE_TIME>. Do you want to come?,English,wrong number,,,,d82a68c36b545ac8,0.07883917787991121,0
Yesterday 8:51 PM,"Hey <NAMED_ENTITY>, wanna chat and get to know one another? Anyways let me know. I'll be here: <URL>",English,wrong number,,,,8eb395154d3fb2b4,0.07889328580246045,0
5:16 PM,Do Hey It looks like we live really close. Check me out <URL> Lets chat and maybe meet up soon. Talk soon,English,others,,,,e06562bc12393373,0.07945680783084352,0
"Monday, September 25 08:22","""The Diesel"" lost his law license. Hope all is well.",English,others,distraction,,,739d9bf3e23285a6,0.08020365319586259,0
8:31 am,Try that . voice messenger app so we can talk <URL>,English,others,"distraction,time/urgency",,,8abdd4e93d49a423,0.08034275447276347,0
,look what i found ... 😂,English,others,,,,52290f9191660145,0.08043607656984797,0
Today 09:35,Mum my screeens gone after I dropped my phone could you messsage my new numb <US_BANK_NUMBER>,English,hey mum/dad,kindness,,,96d144d3574703ba,0.08057298433094268,0
Mon 1/30/2023 8:35 AM,"Hello <NAMED_ENTITY> How are you doing? I recently changed my bank information and I would love to change my DD details to a new one. I'd appreciate it if you can update it for me, I can send you my new banking information, Hopefully, you can make the change effective before the next payday <NAMED_ENTITY>",English,others,"dishonesty,kindness",,,9d6ecf04124e2e04,0.08062637898361073,0
08:02,I'm at Woolworths and brought the wrong card with me. Can you please send me $350 I will pay you back when i get home. BSB-<US_DRIVER_LICENSE> ACC-<PHONE_NUMBER>,English,others,"kindness,time/urgency",woolworths,,df745874248d736b,0.08073577445299943,0
,"Hi <NAMED_ENTITY>, I'm chatbot. If you're looking for something specific, just tell me.",English,others,,,,df475150eaeae3e7,0.08102158832424747,0
Today 11:53 am,I'm at Woolworths and brought the wrong card with me. Can you please send me 200 I will pay you back when i get home. BSB - <US_DRIVER_LICENSE> Acc - <US_BANK_NUMBER>,English,others,kindness,woolworths,,bff294a83f8b863d,0.0812813898010239,0
"Wednesday, 7 September 14:39",I'm at Woolworths and bought the wrong card with me . Can you please send me 150.I will pay you back when i get home. BSB: 633 123 Acc: <DATE_TIME>,English,others,kindness,woolworths,,759c889d4c211fba,0.08129398389070329,0
19:10,I'm at Woolworths and bought the wrong card with me . Can you please send me 150.I will pay you back when i get home. BSB: 633 123 Acc: 1,English,others,"distraction,kindness",woolworths,,d580baf210c66302,0.08129398389070329,0
Today 4:32 PM,ohh sorry i must made a mistake and enter the wrong number hope i didn't bother you because I'm <NAMED_ENTITY>,English,wrong number,,natalie,,6c9ab17cabde80a3,0.08132964856613493,0
"Wednesday, April 19",Hey man you forgot my drink at the stuffed potato factory I already have spoken with them. I will take away your tip.,English,others,distraction,the stuffed potato factory,,82c59a7d12b1942e,0.08145771403371951,0
12:27 PM,Not interested just fuck off.,English,others,,,,ed25a78ee746c878,0.08166694505251906,0
Today 12:33 pm,Can you please transfer me 800. I am at Woolworths and brought my old card by accident I will give it back as soon as I get home BSB 182-182 Acc,English,others,"distraction,kindness",woolworths,,a04da97f07fa7e14,0.0818650294164783,0
Saturday 21 January,I'm at Woolworths and brought the wrong card with me. Can you send me 350 please I will pay you back when i get home. Thank you BSB: 670-864 ACC: <DATE_TIME>,English,others,"distraction,kindness",woolworths,,e29d7d85cf7230ae,0.08227853337769993,0
,Hi mum I've lost my phone so I've had to get a temporary number can you text me on my new number <DATE_TIME>,English,hey mum/dad,kindness,,,4bf5d2646137fb64,0.08297838714315303,0
Today 12:52 pm,I'm at Woolworths and bought the wrong card with me. Can you please send me 150. I will pay you back when i get home. BSB: BSB number Acc: 19633,English,others,"distraction,kindness",woolworths,,61690410b0eb07e1,0.08323267971437076,0
11:58 AM,Bro! <NAMED_ENTITY>?!! <NAMED_ENTITY>'s guy. Met him in <LOCATION>!,English,wrong number,,,,65addd688ba4d06c,0.08350562419619104,0
Today 11:28,Package detained in terminal: Scam,English,delivery,"distraction,time/urgency",,,03b0df66da9c5e56,0.08377206898997609,0
14 Jun 2019,Package detained in terminal,English,delivery,time/urgency,,,e573e7a766d1b1b7,0.08377206898997609,0
Today 15:02,Hi mum I'm texting you off a friends phone I've smashed mine and their phones about to die can you WhatsApp my new number,English,hey mum/dad,"distraction,kindness",,,d4d9396b108072c2,0.0838080909125529,0
"Fri, Oct 28, 7:15 PM","Hi <NAMED_ENTITY> I, <NAMED_ENTITY> proud <NRP> leader ask ALL my supporters: Vote <NAMED_ENTITY>. End jail deaths! Paid by Hemmerling4Sheriff Stop2End",English,others,authority,john hemmerling,,55eba8cc9dccdae7,0.08419407336217616,0
Friday 4:15 PM,My hubby left on vacation and the mf left me all alone. Like to fool around? <URL>,English,others,"dishonesty,distraction",,,a105c5781aa2ee18,0.08431774688353666,0
today at 7:56 pm,Hi Hello <US_BANK_NUMBER>@axl,English,wrong number,,,,b8d445a378d83c7d,0.08438192861842429,0
11:47 PM,The happiness of a nation lies in valuing the girl child. <NAMED_ENTITY>!,English,others,,,,83c013498ed30215,0.08479913857348406,0
"6:05 PM, Wednesday, May 3","<NAMED_ENTITY>, I'm <NAMED_ENTITY>, When will the wine I ordered arrive? Please give me an answer.",English,wrong number,,,,95197bedaf24fc1e,0.0848528380855547,0
Yesterday 1:37 PM,"Hey Netapp_23, it's <NAMED_ENTITY>. Just checking in to see if you still needed any funding. Could you use any working capital?",English,others,,,,26f70ed6ce551ced,0.0849251344754253,0
"Fri, Nov 4, 7:28 PM","honey, here's those pics I promised you. I hope u like them, msg <URL>",English,others,,,,ba41f06bedb24fc0,0.08556519628343136,0
Today 11:11,<NAMED_ENTITY> Are you in the office? do you have any schedule at the moment? Let me know if you’re available at the moment. I am currently in a closed-door meieting at the moment with limited phone calls but I am good to go with texts if that works. I need you to handle a short but urgent task. Thanks,English,others,"authority,time/urgency",,,6b4d1aec4a55811b,0.0858351970723186,0
Today 15:47,I'm at Woolworths and brought the wrong card with me. Can you please transfer me 350 I will pay you back when I get home. Thanks BSB: 812-812 ACC: 101-035-331,English,others,"authority,kindness",woolworths,,a036d6489a2334ba,0.08611481303373116,0
"9:27 AM, 10:59 AM","Hi, I'm <NAMED_ENTITY>, is this <NAMED_ENTITY>? Oh, sorry, I got the wrong number, hope I'm not interrupting your beautiful day. Thank you, you are kind, although the wrong number, but nice to meet you, I am <NAMED_ENTITY>. Nice to meet you <NAMED_ENTITY>.",English,wrong number,,,,cb5e2232fdc79247,0.08613688666568553,0
Today 6:15 PM,"Hi, I just got off the plane, I can't contact you, add me VX:Wenxiayu888888",English,others,distraction,,,e8a6d534533d6a6b,0.08706089919745284,0
Today 4:58 PM,Hey baby did you know! I update my pics gallery from my profile. Look them here:,English,others,distraction,,,188ef02da40451f9,0.08741513815934798,0
Thursday May 11 11:14 AM,What's wrong with you,English,wrong number,,,,612bf6cf3e30e451,0.08770827043326986,0
Today 16:26,"Hi Ramya, did you get my text? <NAMED_ENTITY> President",English,others,,alexander cartwright,,46ba450ea36a5929,0.08815741672637112,0
Today 04:10,"<NAMED_ENTITY> invited you to her event ""My birthday party"". Tell her if you can make it:",English,others,,ana,,d986a3652d958eef,0.08857414624340343,0
,"Dear, I am a <NRP> Princess who is beautiful and single. Darling it would be of great help if you can send me 30,000 so that I can flee my country and come to you. Click here to pay me instantly-",English,others,"kindness,need and greed",,,a6a578b88a5c487a,0.08895539490705516,0
10:37,"Sorry, this is weird, and they say not to share it so I'm not going to If you'd like to buy the device I'm happy to chat with you on Facebook and you can come pick it up Yes. don't share other person .but share me personally because i sent it. No thanks, I'm happy to talk to you on Facebook if you want to buy this box don't worry just verify for my safty just send the code then i will call",English,others,"authority,time/urgency",,,7e4e1b121cf12be4,0.0890516547083295,0
7:56 pm,Task 1 Search in <LOCATION> Liked the video and <NAMED_ENTITY> take a screenshot and send it to me is done Okay now let's start the test I will give you 3 tasks and you will get 150 rupees when you are finish.,English,others,need and greed,,,0cfdb7746ecaf429,0.08944716459765031,0
Today 2:11 PM,"Hello [Name], See how this <LOCATION> man makes $764,050 after his girlfriend rejected him for being too poor:",English,others,"distraction,herd,need and greed",,,7a01780d55e94906,0.08951787157081953,0
Thu 09:46,"<NAMED_ENTITY>,is me Innocent <NAMED_ENTITY> ur-copa mate in <LOCATION> 2018A longest time, am working with Shell Oil .Gas Company in Rivers State hv u gotten something doing if no cal me now 4 detail internal recruitment is on <LOCATION>.",English,others,"authority,need and greed",shell oil gas company,,f1b8649dedbd2aae,0.08961099278853915,0
,We don't send SMSe about fund transfers. Ever. 😱,English,banking,authority,,,5a36af98cb3eafb9,0.09016434512051888,0
22:44,Hi Reddit,English,others,,,,53db677aff22efdf,0.09031388624757716,0
Today 8:18 AM,Hi,English,wrong number,,,,8f434346648f6b96,0.09031388624757716,0
2:34 PM,[Part-time Recruitment]you can get a commission of 2000RS every day. Come with me and give you 100rs now whats-app <URL> <PHONE_NUMBER>,English,others,"need and greed,time/urgency",,wa.me,b137740a4e6527f6,0.09049008913627297,0
"Apr 28th, 2021",Hope you still have this house available on facebook because i really want it so bad! https,English,others,"need and greed,time/urgency",,,1c889a63fdff5584,0.09049422047111058,0
"Apr 12th, 2021",I'm <NAMED_ENTITY>. Hope you still have this house available on facebook because i really want it so bad! https,English,wrong number,,,,7860002990cbc7e4,0.09049422047111058,0
"Wed, Feb 7 at 7:46 AM",Hey 👋,English,wrong number,,,,e1923fced926399b,0.0906675258638289,0
14:44,Hello my name is <NAMED_ENTITY> I am a recruitment consultant at Manpower I have a job here are you interested to know more about this job?,English,others,"authority,distraction",manpower,,a53cf0944974bd89,0.09096422015546027,0
10:24,Hello AllanLet me know if you're available at the moment?I am at a meeting.I can't take a call right now but I'm excellent with texts if that works.I need you to run a quick <URL>anksAaron Sarma,English,others,"authority,time/urgency",aaron sarma,,739eefbb52987c68,0.09103602637683048,0
12:46 pm,Already paid.. So many times I informed.. If just one massage received further then I'll take big legal against your Fraudulent activity.,English,others,"authority,distraction",,,e44d87069d65b71c,0.09106506546979592,0
"Dec 31, 2021, 9:01 AM","Dear GO FIRST Flyer, Comply with web-check in & state regulations on <URL> Power banks are allowed ONLY in cabin baggage and NOT in check-in baggage.",English,others,authority,go first,,2f74df4190aefdbb,0.09141582913341165,0
"5:09 PM, Sunday, October 22","I#R#$ / (M5G#<US_DRIVER_LICENSE>) YOU FED3R4L RETURN W4S_B4N by the 1R'S. DON'T WORRY, we'll he! p you to F!x it, C!lick here> //<URL>",English,government,"authority,time/urgency",IRS,,b4028c3c35ba42c6,0.09175410592918036,0
02-04-2022 01:41,"Hello, I woke up to endless deductions in my...",English,others,distraction,,,b0eb8c792e1824d8,0.0918385335726996,0
"Thursday 6:34 PM, Thursday 8:54 PM","<NAMED_ENTITY> are you back in <LOCATION> Wrong number sorry i added the wrong number, hope you have <DATE_TIME>",English,wrong number,,,,0d82d3e7781a4260,0.09195348631050387,0
,Mr. <NAMED_ENTITY> told me that you have a Ferrari for sale. I really like the car and I thought we could talk,English,wrong number,,,,533cb187e261f0ad,0.09256155318644621,0
Today 11:42 AM,"What is the money gram account I shall wire to? My uncle is at the united Polaris lounge at the airport, he will give you the funds in cash Don't border Safe room officer refused",English,others,"authority,distraction",moneygram,,fcb82a4292b92003,0.09323738197913103,0
"2017/03/12, 2:50 PM","Hi, sweetie. Do you know how much I miss you? Give me a call so you can find out! Lots of kisses <PHONE_NUMBER>.",English,others,distraction,,,1bbfa673baed357b,0.09332650098973899,0
,IT'S MY PLEASURE TO PARTNER WITH YOU IN ...,English,others,"authority,need and greed",,,e7f1ae143d880b2a,0.09367015292303674,0
10:44,DROP OFF ATTEMPT 1/2: consignment #CS78943819283ZA is ready for pick-up in: . <NAMED_ENTITY> check where to pick it up here: <URL>,English,delivery,time/urgency,,,9da30a36aecd197f,0.0938208087118071,0
5:47 AM,You're <NAMED_ENTITY> the assistant doctor? I was recommended by <NAMED_ENTITY>. u must have the wrong number I'm sorry I just checked the number I entered the wrong area code I'm so stupid I hope I'm not bothering you its all good haha Thank you for understanding ...... People make mistakes ...... You are very friendly ...... Where are you from?,English,wrong number,,,,d29906e21e99982f,0.0944989932266068,0
8:10,Aren't you talking <NAMED_ENTITY>? Don't think I know an <NAMED_ENTITY> are you with the wedding party? Don't know a <NAMED_ENTITY>. Who are you trying to call? Oh I'm sorry maybe I get the wrong number from <NAMED_ENTITY> I hope didn't inconvenient you No worries Thank you so much:) btw May I know your kind name? <NAMED_ENTITY>. Have we met? Nope but nice to talking with you here <NAMED_ENTITY> I'm pretty old 32 How old are you?,English,wrong number,,,,f9fc645d8f86f1bc,0.0945489850358247,0
Today 4:18 PM,"Hey, do you have any plans for <DATE_TIME> after work? It's <NAMED_ENTITY>, let's grab a drink! I'll be here: <URL>",English,wrong number,distraction,,,b6af521f81ace72f,0.09457185325413849,0
Just now,you were tagged in (1) photo,English,others,distraction,,,06176c530d9b16c6,0.09545387835577938,0
8:56 PM,[RC No. GJ01NY6294] Dispatched on .27_Jan_2018 and can be tracked using Speed Post Tracking no. EG089278889IN. Thanks AHMEDABAD -Courtesy:MoRTH,English,delivery,"authority,distraction",morth,,e71f7ef0481b9232,0.09575722484529622,0
,minimum pay 5 thousand and get instantly return brother,English,others,need and greed,,,7b0a7ef825b5bb67,0.09579520408239636,0
"Sunday, 30 January 2022 11:17 am",Send that money on this number <PHONE_NUMBER> name will come RESTY thanks.,English,others,kindness,,,95d06658c3f41413,0.09633831062898886,0
,Hey mum I dropped my phone down the toilet and the sim isn't working. Can you message my new number on <LOCATION> it's urgent x,English,hey mum/dad,"kindness,time/urgency",,,3a91c7bc1ce455c8,0.09645633114343394,0
"Wednesday, August 30 18:48",Did you lose your voice that you can never answer?,English,others,,,,bf7f27a2d77f7bf8,0.09672823839318381,0
"Wed, Feb 27, 4:04 PM","<NAMED_ENTITY>, <NAMED_ENTITY> asked 2 send U that..",English,others,,,,a8756fe3a4cac837,0.09768131787225902,0
"Mar 27th, 2021","Hello, can you please give me more details about you item",English,wrong number,,,,70253ee5b9ab51c1,0.09796691579028698,0
"Feb 6th, 2022","Hi, can you give me more details about the post I found on f.b https",English,wrong number,,,,dac343cc7b2178fe,0.09858998647451345,0
"Wednesday, Aug 21, 2019 • 00:41","<NAMED_ENTITY>, how is it hanging? Check out this unbelievable video <URL> before it got taken down by authorities. You probably can guess now who",English,wrong number,"authority,distraction,time/urgency",,t.co,0e179d964521528a,0.09862263171626434,0
,Hello mum I've smashed my phone and I took it to get fixed so I have a temporary number while I wait for it to be repaired. Text me here +<US_BANK_NUMBER>.,English,hey mum/dad,kindness,,,b760270cf4c9047a,0.0988825315243026,0
"May 6, 2022 at 1:33 PM",fine fr no parking,English,others,,,,58faaf8807db05e1,0.09890755514330155,0
8:58 PM,"Ok sorry play don't share, any details",English,others,,,,d248b001ff83f9fd,0.09915105239183052,0
"Monday, April 10, 12:53",<NAMED_ENTITY>. I've just heard from <LOCATION> that you are in hospital with a heart attack. We are so sorry to hear the news and our thoughts are with you. Sounds like you are in good hands though and we look forward to a speedy recovery. Send a bulletin when you can. Love to you and all the family <NAMED_ENTITY>,English,wrong number,kindness,,,533fad0561b76e09,0.09932265938564423,0
Today 09:49,Hi mum I'm texting you off a friends phone I've smashed mine and their phones about to die can you message my new number asap it's <PHONE_NUMBER> x,English,hey mum/dad,"kindness,time/urgency",,,973c72db8562860f,0.09943011849987056,0
Today 8:36 PM,"Hey babe, what r you up to? I'm home alone, u want to come by? Text me:",English,wrong number,,,,9f8318a9a8f94d1d,0.09948469492160973,0
Today 7:14 PM,"It's been a lil bit since u called, do u want me yet?",English,wrong number,,,,a46d768a59ec688a,0.09958602294473053,0
"Feb 23rd, 2021","Hey, your post on facebook page: <URL> Can you tell me more about it? Thank you ,<NAMED_ENTITY>!",English,wrong number,,,,a2660c71691923db,0.09965600602386865,0
21:32 Wednesday 24 May,Im only just home <DATE_TIME> can I call you in the morning?,English,wrong number,,,,94172d101602c59f,0.09967556717136102,0
30/11/2017 13:10,"Hi <NAMED_ENTITY>, This is what I was mentioning when we met: <URL>",English,others,distraction,,,05a32845f83f1928,0.09994956750348108,0
"Dec 26th, 2021",Did you get my half of the 1000 Did you get the Apple Pay Added on your iPhone yet I look again in my accout to see if it went threw Then <DATE_TIME> me and you can add money on the bitcoin again to get same amount,English,others,need and greed,apple pay,,61949c59c4c62e33,0.09995257397692296,0
"Monday, 5 July 2021 5:41 pm",Happy Birthday! Wishing you all the best for <DATE_TIME> and in the future - from all the team at,English,others,,,,0b918c9a8fbfff1b,0.10115734793715841,0
Wednesday 5:18 am,-MY LINKT-: You still owe money for one toll travel as long as your e-Tag goes unrecognized. Review the bill and pay it right away.,English,others,"authority,time/urgency",linkt,,3839aaac18977b7b,0.10125165191724092,0
"Feb 20th, 2021","Hey, is the item I found still available? <URL> Thank you, <NAMED_ENTITY>!",English,wrong number,,,,52c65e7c1d3c5900,0.101260231742009,0
,"Happy Birthday It's my Birthday and I am offering you JOB in my company you can earn up to 10,000 Rs/day click",English,others,"distraction,need and greed,time/urgency",,wa.me,f1ac60311cefc54a,0.10129963885134563,0
,Honorable heads of state / humanitarians - rich people ---Good luck to you. It is hoped that you as the head of the world and a philanthropic rich person will support the educational institution with infrastructure and sacrifice for the helplessness of the coastal population of <LOCATION> the education of orphans and refugee children. The institution becomes monotonous with the ebb and flow of the ocean every day. Children are difficult to come and go so you hope that you will put a smile on the face of the parentless children. applicant- Your devotee - Good luck...,English,others,kindness,,,46e4ba0269fba314,0.10192637086450626,0
,"Amazon <DATE_TIME> resolutions: 1) not to be greedy 2) care more about the customers. So, you'll get $130 freebies to do a survey mate",English,others,"need and greed,time/urgency",Amazon,,4510c59c4d4c5b0e,0.10226616058941534,0
10:07 AM,Beautiful <DATE_TIME> coming up. Wanna go out? <NAMED_ENTITY> gave me your number. Check out my profile here: <NAMED_ENTITY>,English,wrong number,"distraction,kindness",,bit.ly,95a063f271f36018,0.10244339773334499,0
Today 10:41 AM,All Night fakk All Night is f******,English,others,,,,c33c80b5b5d888a1,0.10252607719295843,0
Today 2:30 PM,"Hi, are you ___ who played golf together last time? I’m Lisa",English,wrong number,,,,096cb16fece1c980,0.10262282418042996,0
Today 2:11PM,Its <NAMED_ENTITY>. Im on my way with your package. Is this address still the right one? <URL>,English,delivery,"authority,distraction",,,d8ce25b2501f3a22,0.10282551548943591,0
,"Hi, I'm <NAMED_ENTITY>, Project Manager at Maruti Suzuki The government and enterprises jointly launched the poverty alleviation bonus plan, do you want to join?",English,others,"authority,distraction",maruti suzuki,,8de55eb2934449d3,0.10291754912725445,0
,"Hi <NAMED_ENTITY> , let me know if you get this text",English,wrong number,,,,c10eaa262531b52a,0.10362445978553203,0
"Jun 8th, 2021","Hi, I'm <NAMED_ENTITY>, wanted to know more about the item I saw here",English,wrong number,,,,d3d373903e61e058,0.10383049381592532,0
Today 10:26 am,Hi mum I've smashed my phone so I'm using a spare phone now. Can you save this number and text me through whatsapp when you see this please?,English,hey mum/dad,kindness,,,be46dd5bc6f620f8,0.10404026345978921,0
3:30 PM,Hi Mr./Ms.(Certified) <NAMED_ENTITY> urgently recruits Part-job/Full-job. Maximum <DATE_TIME> salary about 10000Rs. Accept Job on what-sapp: <URL> TMD,English,others,"need and greed,time/urgency",flipkrat,wa.me,304b3f3053adaa0f,0.10430095681904249,0
"Feb 20th, 2021","Hi, my name is <NAMED_ENTITY>, is the house available on Facebook??",English,wrong number,,,,5709dc95d4cd6c5b,0.1048416997273485,0
9:56 AM,"Hay DHARNE ROHIT CHUDAMAN Read this message very carefully! Here I am providing you those secret mcqs with answer keys which are going to ask in your upcoming RRB NTPC exam. Believe me, I am not Joking. since the papers are extremely sensitive that's why you only have 24 hr in your hand to download(order) this file before <DATE_TIME>’s <DATE_TIME>. don't tell anyone about this question papers (mcqs with answer <NAMED_ENTITY>) that you are getting here. I can giving you 100% guarantee that, the material which I am providing you here, by using this you will be able to crack RRB NTPC CBT-1 very easily. Since the competition is extremely tough so naturally <DATE_TIME> rrb ntpc cbt-1 cut-off is going to be extremely high. Probably this NTPC exam is going to be the Last Govt. Recruitment exam from Railway Organization. Near future Railway is not going to release any such mass scale.",English,government,"authority,need and greed,time/urgency",rrb ntpc,,a948fc00f224c72f,0.10497580831339766,0
Today 12:42 pm,Package detained in terminal: <URL>,English,delivery,"distraction,time/urgency",,,ea0bb7a5184be719,0.10501544539406073,0
"Thursday, December 2, 2021 20:23","Happy Birthday it’s my Birthday and I am offering you JOB in my company you can earn up to 10,000 Rs/day click <URL> - VISHWA VANI",English,others,"authority,distraction,need and greed",vishwa vani,wa.me,94458089bc62e948,0.10504539222286031,0
17:21,Hello mum I've smashed my phone earlier. You won't be able to reach me on my old number till I get my phone fixed. Text me when you get this on <PHONE_NUMBER>,English,hey mum/dad,kindness,,,cd4576925737a7be,0.10510151086595129,0
"Monday, March 11, 2019 4:05 PM",(__coinbase__) <URL> You just got [21 b.t.c],English,others,"authority,need and greed",Coinbase,bit.ly,28629c6d5acd16f3,0.10513371175518246,0
"Tue, Jul 11 at 7:09 PM",HiGood <DATE_TIME> have you had dinner? Come out for dinner Are You still busy Now?⭐️ ;),English,wrong number,,,,56e98320f635537f,0.10524239354077468,0
"Sunday, Jul 21, 2019 · 13:10","hey <NAMED_ENTITY>, how are you doing man? Check this controversial video out before it gets banned. Guess who this is (-: <URL>",English,wrong number,"distraction,time/urgency",,,68a5ebb76dadfa4e,0.10537240014043084,0
2023-10-17T10:17,We are only one drop away. We should be with you by 16:03 and will let you know if there are any problems. Tracking,English,delivery,time/urgency,,,247c853f2df377c6,0.10546438151913659,0
11/06/2023 11:09,Fuck off,English,others,,,,2b7b59b169085f9c,0.10604354495739607,0
11:44 am,Thanks for waiting – we know you’re there and we’ll be with you soon. Your estimated wait time is <DATE_TIME>.,English,others,,,,73672e38ce31e672,0.10659799614352912,0
19:35,E-Transfer. Hydro-One sent you money. See : <URL>,English,government,"authority,need and greed,time/urgency",hydro-one,,5490b4bafcbd2967,0.10685100454569994,0
"Wednesday, March 1 12:24 PM",I am coming to see you <DATE_TIME> I'm off <DATE_TIME> I will try to get ahold of you for morning <DATE_TIME> I just want to see you and I want to see them babies I love you this is your mom,English,hey mum/dad,kindness,,,e1fca31a7d9c5114,0.10692027797903757,0
,Hello I am the IRS you need to pay me $1500 in Walmart gift cards or you will be placed under the rest,English,government,"authority,distraction,time/urgency",IRS,,f48c59db8d4950fe,0.10701048809542898,0
"09/15/2023, 11:11 AM",hello,English,wrong number,,,,2cf24dba5fb0a30e,0.10704376703664249,0
"Monday, 4 September 7:36 pm",Hello.,English,others,,,,1589999b0ca6ef88,0.10704376703664249,0
Today 5:10 PM,UPIBBP Confidential:<NRP> share it asked! LrmecBQOk8Ei0w8NS%2FME LW8H0KHHh0CdVeuYd%2B9qS QXA1qwrRbUp3mb%2FGKqvki f%2105467ec5da338df9fca63863f519e342,English,others,"dishonesty,distraction",,,1125092b17a3306e,0.10735318273600762,0
"Feb 9th, 2021","Hello, my name is <NAMED_ENTITY>. Is this house still available for rent? <URL>",English,wrong number,,,,335e54566cf16f06,0.10743306897805739,0
6m,"Swipe up !. This is only for my premium users. Looking for a meetup & hangout may be something more like that for you. Available for meetup & hangout+live webcam,videos Add me on snapchat username >> marilynsheppa21",English,others,"distraction,need and greed",,,372e7ab2c4987702,0.10743368544122149,0
Today 00:07,Hey mum whatsapp me asap on tis number x,English,hey mum/dad,"kindness,time/urgency",,,1a8ea6bd8dcfdcc3,0.10756422925526794,0
"Feb 1st, 2021","Hi, my name is <NAMED_ENTITY> , is the ad still valid?? <URL>",English,wrong number,,,,eb178e15b6ac2b69,0.10771534591794023,0
"Thursday, 8 September 6:34 pm",I'm at Woolworths and bought the wrong card with me . Can you please send me 150.I will pay you back when i get home. BSB: 923 100 Acc: 3103 60030,English,others,kindness,woolworths,,0af1886d3eef45e9,0.10774249449247073,0
Today 2:13 PM,Hi <NAMED_ENTITY> Let me know if you are available at the moment. I have a task for you are you available ? <NAMED_ENTITY>,English,others,authority,arianna huffington,,3ba3feb7530fbd65,0.10778251627354746,0
Tue 3 Jan at 11:42,Hi mum/dad I've dropped my phone and now it's broken this is my new number for now so can you save it and text me through What's App please,English,hey mum/dad,kindness,,,2129beaf6a45d473,0.10780813704460979,0
12 Feb 2023,Didnot get my order,English,others,,,,fabbc75279e587d4,0.10831747846417798,0
"Mar 28th, 2021","Hello, my name's <NAMED_ENTITY>. My son, saw this house on your Facebook real estate page : <URL> Can we see it today?Thank you!",English,wrong number,,,,1677f9c39107d759,0.108513140951332,0
1:10 pm,Package detained in terminal: <URL> Looks Like Youre Lost The page you're looking for is no longer available.,English,delivery,"distraction,time/urgency",,,4fdda31afb4d84bf,0.10851801427459386,0
"Sunday, August 21, 2022  8:37 PM",make sure to pick up what they have at Cost co because they hardly ever give away 60$. So you have to get it when you can.,English,others,"need and greed,time/urgency",costco,,f285973a157a15e2,0.10892884609809943,0
Today 9:22 AM,"Coach <NAMED_ENTITY>, I may not have time to go to the gym <DATE_TIME>. Sorry!",English,wrong number,,,,4dfc7e489bca05d9,0.10923192022587937,0
"Thu, May 5, 2:37 PM",You can view all of the properties for Heartland Property Management at <URL>,English,others,,heartland property management,,6bf4a8d69dab834f,0.10936932653000758,0
"Sun, Apr 2 at 6:28 PM","I had returned to <LOCATION>, thanks for your hospitality and I will let you know in advance when I am Next in <LOCATION>. 😁",English,wrong number,,,,e9592b9653cfa8a1,0.11005966273381748,0
Mon 9:19 PM,😳Is it you in the video 😳,English,others,,,,a0958dba5076e9ee,0.11042134828706143,0
2023-10-11T11:31:00,Hello-Mum I accidentally dropped my mobile-phone down the toilet it is damaged so I'm using an old one save this # for the time being.,English,hey mum/dad,kindness,,,50e069ceeaa12f46,0.11121461477104402,0
8:53 PM,hi number neighbor,English,wrong number,,,,03e26d3277eca971,0.11148592514270908,0
Yesterday 5:18 AM,Hi Sajitha I am in the <LOCATION> n need to reset my hearing aids... can you pl help... I need some pin or code number.. pl acknowledge receipt. N reply today Tks I am in <LOCATION> n May need an agent here This is <NAMED_ENTITY>,English,wrong number,kindness,frederick cordeiro,,1e6ff098709adf45,0.11166032279201722,0
"Fri, Nov 4, 12:20 PM","Cindy9969wet said: Hi, want to meetup? View my photos & txt me here...",English,others,,,,b71f2efaa006a9ab,0.11196085883826457,0
Mon 9:19 PM,😲Is it you in the video <LOCATION>,English,others,,,,c9b91f0f4fb90c6c,0.11206264210402907,0
Thursday 7:35 PM,Fuck you scammer! I'll find you and I'm coming for you. 💀,English,others,,,,f6bd03ded081d956,0.11235454994073699,0
,"send a verification code. With your permission, if I request the code, could you text it back to me? If not, that's totally fine. Thank you so much!! I just requested it You're a life saver. Thank you so much and sorry for bothering you.",English,others,kindness,,,6724c9ceec63fa03,0.11278984343351088,0
,"send a verification code. With your permission, if I request the code, could you text it back to me? If not, that's totally fine. Thank you so much!! I just requested it. You're a life saver. Thank you so much and sorry for bothering you.",English,others,"distraction,kindness",,,f7d83d0cb6f9c4fc,0.11278984343351088,0
SEP 2 AT 11:43 PM,Hey 👋 Am an artist If you don’t mind one of your picture could be my inspiring muse for an art project i’m working on for a client💖 You will totally get paid for it as well as a bonus; you’ll also get credits🤍,English,others,need and greed,,,67faac593b2cfda3,0.11279461715045508,0
"Sat, Dec 16 at 12:46 PM","Hey <NAMED_ENTITY>, it's <NAMED_ENTITY> sent out your <DATE_TIME> presents. They should be there <DATE_TIME>. Do not open till <DATE_TIME> .",English,wrong number,kindness,,,64d05d33173c40a9,0.11414755077008323,0
"Monday, August 1, 16:04","EDD- A new login was detected in <LOCATION>, <LOCATION> visit <URL> if that was not you.",English,government,"authority,time/urgency",edd,,9d911ae71b0836fc,0.11424582459209269,0
Today 10:28 PM,Hey <NAMED_ENTITY> here holler if you get a minute. Saw your thread and wanted to show ya what leaks left you exposed if you were interested. No malicious intent.,English,wrong number,,,,1d3288845048feef,0.11436086877613359,0
"Nov 23rd, 2022","Hi, is still available?",English,wrong number,,,,1ab1577a43551898,0.11445144463921789,0
13:44,We are very thankful for respecting the rules of quarantine. Here are some things you can do if you are bored: <URL> We are very thankful for respecting the rules of quarantine. Here are some things you can do if you are bored: <URL>,English,others,distraction,,,35136e752c5c2456,0.11447597714041388,0
Today 8:34 PM,<LOCATION>: shipment 39752 notice - sent. Go: <URL>,English,delivery,"authority,time/urgency",fedex,,b595461c6ece14e7,0.11459891824470694,0
FEB 15 AT 2:04 PM,"Hey, I really like your profile and your posts on Instagram and if you let me, I would make such an amazing mural out of it! If you don’t mind one of your posts could be my inspiring muse for an art project i’m working on for a client💕 You will totally get paid for it as well as a bonus; you’ll also get credits♥️",English,others,"dishonesty,need and greed",instagram,,cc25eefa9a084488,0.11525952181972855,0
Today 11:37 AM,test,English,others,,,,9f86d081884c7d65,0.11563172149019976,0
,Hi can you please WhatsApp me on <NAMED_ENTITY>,English,others,distraction,,,3b17b4301d65ddeb,0.11576604929685587,0
,"For product ""Clovia Women Green Printed Lounge Shorts"" I have approved return request. The product will get picked up in <DATE_TIME>.",English,others,time/urgency,,,73117560ce59b71c,0.1158178805476915,0
,Hey dad my phone Fell in the sink and now it has water damage. This is now my temporary number because my phone doesn't read my old <NAMED_ENTITY> card anymore.,English,hey mum/dad,kindness,,,d21a03a8d6f97ad7,0.11632673981656051,0
,Hey dad my phone Fell in the sink and now it has water damage. This is now my temporary number because my phone doesn't read my old <NAMED_ENTITY> card anymore,English,hey mum/dad,kindness,,,9e85270099c404b1,0.11632673981656051,0
09:28,"Hi Mum I'm texting you off a friends phone I've smashed mine and their phones about to die, can you WhatsApp my new number <PHONE_NUMBER> Please x",English,hey mum/dad,"distraction,kindness",,,1939dc1efd641f21,0.11636380214637555,0
"Wednesday, 23 November 2022 18:12","Hi mum I'm texting you off a friends phone I've smashed mine and their phones about to die, can you WhatsApp my new number 0*** please x",English,hey mum/dad,"distraction,kindness",,,497b533935ca3e28,0.11636380214637555,0
22:48,"Hi Mum I'm texting you off a friends phone I've smashed mine and their phones about to die, can you WhatsApp my new number <DATE_TIME> please x",English,hey mum/dad,kindness,,,1464c9f8eccb6a35,0.11636380214637555,0
9:09 PM,i'll hack you next ur 2 step dosent matter 😂,English,others,,,,dd70a0c91c425124,0.1171330893068812,0
11:47,This is a scam never answer any international calls unless you know them. The. Scammers triple charge you.,English,others,"authority,distraction",,,9d664e8de08fbdb2,0.11803011102962942,0
03/06/2018 12:57 PM,Currently we are not found any tracsactions this No 650,English,others,,,,747fe4e1a7444ff0,0.11816227837277242,0
,Hey Mum!!! I've got a new phone XXX,English,hey mum/dad,kindness,,,3d9516bde69e2a54,0.11894508786499848,0
"Jan 30th, 2021","It's <LOCATION>, I like your property that is on facebook beautiful i like so much, still for sale?",English,wrong number,,,,36f13a513f0729b9,0.11901325727038868,0
"Mon, Oct 17 at 2:18 PM",<NAMED_ENTITY>'s Biggest Give-Away Ever!,English,others,"herd,need and greed",oprah,,560aa694d51af335,0.11919073873529791,0
8:26 PM,"Are you Mr. <NAMED_ENTITY>? Did you receive a financial plan from my secretary? My cell phone is broken, here's my new number! Terrible scam strategy. If you want **TOP** lessons developed by Harvard PhDs let me know. I have the best rates for getting money $$ $ thru mass text and other ways. I'm very sorry, maybe my secretary sent the wrong number I can help you. If you <NAMED_ENTITY> me $500 in <DATE_TIME> I can get you the iPhone 13 Pro Max 1TB (retail price: $1,599 USD)! I have a friend who works for Apple and they're going fast. Let me know soon and I'll send u the address. Don't regret missing out on this opportunity!",English,others,"distraction,need and greed,time/urgency",,,ade3b14391a94118,0.1193237644280293,0
,<NAMED_ENTITY> I don't usually do this but I have a premium account where I chat with all my buying members I wish it didn't have to be this way but there's way for me to message you unless you pay.. 😱,English,others,"dishonesty,need and greed,time/urgency",,,7f7eab98cf98b6d7,0.11933979890138008,0
Today 6:57 pm,I'm at Woolworths and brought the wrong card with me. Can you please transfer me 350 I will pay you back when I get home Thanks BSB: 633-000 ACC:,English,others,kindness,woolworths,,000407ee41021fa5,0.11963476859919998,0
Yesterday,"I am a project manager, we are hiring a team, working on the home, <DATE_TIME> salary around 30...",English,others,"distraction,need and greed",,,e5225931cac2e81f,0.11972180973813046,0
07:24 PM 04 Jun 2023,Money Paid Amount: ₹1257 Rupees One Thousand Two Hundred Fifty Seven Only Paid at <DATE_TIME> Jun 2023,English,others,,,,cfe845b8096c97e5,0.11980699029021864,0
"Saturday, Today 11:31","KinDly B0rr0w <URL>0uT At A <NAMED_ENTITY>_, F0R InF0;<URL>07378766667/dial <URL>LL Also/",English,others,"distraction,need and greed,time/urgency",,,2b8bc30d873e4613,0.12020550605241462,0
"Oct 11, 10:55 PM",<LOCATION> - parcel <DATE_TIME> status: on the way. Go> <URL>,English,delivery,"authority,time/urgency",fedex,,c40de9475a0501a2,0.12070015481588438,0
09:18,"Am coming at <DATE_TIME>, kindly send <NAMED_ENTITY> for manpower",English,others,"distraction,kindness",,,11cee8c08f76f60f,0.12072920506927087,0
2022-03-07,"USP! When the package arrives, the courier cannot find you. Would you like to schedule a redelivery?",English,delivery,"need and greed,time/urgency",usp,,7fa726f34b0d58ab,0.12084173520588296,0
10:59,"<NAMED_ENTITY>, your parcel will be returned <DATE_TIME> if you do not pick it up at the drop-off point in: . More info: <URL>",English,delivery,time/urgency,,,ac9907fb59fb9961,0.12094318497573893,0
2:39 PM,Fraud--dont <NAMED_ENTITY>,English,others,,,,16482fafc97c9b60,0.1210017360188604,0
Yesterday 2:36 pm,This is your mum. My battery died I am at <NAMED_ENTITY> and brought the wrong card. Please send me 500 I will give it when I get home. B-S-B 484-799 A-C-C <US_PASSPORT>,English,hey mum/dad,"distraction,kindness,time/urgency",,,8c8bfeb9bc3aab27,0.12101718025225021,0
"Mar 14th, 2021","Hi, I'm <NAMED_ENTITY>, can you give me more details about your item on facebook",English,wrong number,,,,c8b57b54528ef9b7,0.12172886398369923,0
"Today, 11:41 AM","Do you want to make money? Working <DATE_TIME> a day, the income is between <PHONE_NUMBER> and 7199 r s. Want to join",English,others,need and greed,,wa.me,69711f8743c36879,0.12208654013859234,0
,Send wallet bro Since I’ve been waiting I’m seeing result 53rd The 7k I’ll buy it all <CRYPTO> Sending It’s 7.5 k bro Sent bro I send $75,English,others,,,,75ee8c2cd1f1d49a,0.12214056102774572,0
,"I am a project manager, we are hiring a team, working on the home, <DATE_TIME> salary around: <PHONE_NUMBER> Peso, Accept Jobs on Whatsapp",English,others,"distraction,need and greed",,,06abe62098d7955f,0.12234398213176904,0
,Is the airdrop real ?,English,others,,,,45fa24d57dfff08d,0.12236738556871528,0
"Sat, 22 Jan, 10:11 pm","Hello, I've seen this :nw: video on the Internet ""ujc"" and it #79# looks like you! <URL>",English,others,"distraction,need and greed",,,c3efcb4ed40f1aa7,0.12242352753161048,0
"Wed, Nov 2, 1:47 PM","Hi <NAMED_ENTITY>, my name is <NAMED_ENTITY>. I see we live near one another. Message <URL>",English,wrong number,,,,b2f4f9016e2c53a6,0.12273630755248113,0
Today 4:35 PM,"Hello baby, <NAMED_ENTITY> here. You make any plans for <DATE_TIME>? If not, email <URL>",English,wrong number,,,,f97905d4ac11c511,0.12311971414842576,0
"Wed, Nov 9, 6:18 PM","Hi honey, heres the selfies I forgot to send to you. I hope u like them, msg <URL>",English,others,distraction,,,a2aeee7706efa500,0.12373168862389138,0
"Sat, Nov 5, 1:30 PM",hi <URL>,English,wrong number,,,,c54b3712fba029fa,0.12386785501540663,0
,Hey she got info as early as tomorrow no later than <DATE_TIME> your out ill give you flight info <DATE_TIME> i want you to look on line at phoniex resolutiins in port <LOCATION> or lake haven in lake worth <LOCATION> Both coed Ok ill check it out now.. I dont need money at these places right? I dont have no one for that...just wanna make sure im not needinh dough for something to check in Im checking it out now No your. Good you complete the program i send people down money for smokes etc Cool,English,others,,,,070800a760d706fe,0.12390780991668612,0
,Hey she got info as early as tomorrow no later than <DATE_TIME> your out ill give you flight info <DATE_TIME> i want you to look on line at phoniex resolutins in port <LOCATION> or lake haven in lake worth <LOCATION> Both coed Ok ill check it out now.. I dont need money at these places right? I dont have no one for that...just wanna make sure im not needinh dough for something to check in Im checking it out now No your. Good you complete the program i send people down money for smokes etc Cool,English,others,,,,1b571b35003a121a,0.12390780991668612,0
"14:16, Friday, 10 September","You can never trust Liberals, Labor or <NRP> again. Authorized by <NAMED_ENTITY>, United Australia Party.",English,others,authority,united australia party,,307ed43ffa47a899,0.12423161394324525,0
Today 1:32 pm,"Hi mum ive smashed my phone. Can you whatsapp me heres my new number 04858xxxx x, it is urgent please",English,hey mum/dad,"kindness,time/urgency",,,81172077f0d45423,0.12442491449151721,0
"6:35 AM, Sunday, September 17",USPostal: Your shipping address is incorrect and the postman cannot deliver it unless you change it.,English,delivery,"authority,time/urgency",uspostal,,bed3e950fcf8afb4,0.124942698146568,0
JUN 29 AT 6:41 AM,"Hey, I really like your profile and your posts, and if you let me, I would make such an amazing mural out of it! If you don't mind one of your post could be my inspiring muse for an art project i'm working on for a client. You will totally get paid for it as well as a bonus also get credits.",English,others,need and greed,,,691873969898f649,0.1250906895352851,0
"21 Jun 2021, 09:28 PM",Money Paid ₹ 299,English,others,,,,0820a819c06287ab,0.12518426488196585,0
,"<NAMED_ENTITY> urgently recruiting for part-time jobs, you can earn",English,others,"need and greed,time/urgency",lazada,,943d6d85fa42094f,0.12522709974736976,0
Today 1:55 PM,Message from <NAMED_ENTITY> -> I can't lie to you guys. This election is going to be a tough one so it is REALLY important we hear from you. We need you to take the Official 2022 Nationwide Census. Take <DATE_TIME> and get it done:,English,government,"authority,distraction,time/urgency",donald trump jr,,515023c51f2900a2,0.12531771913933015,0
"February 17, 2:27 PM","Hi <NAMED_ENTITY>, please give me a call @ <PHONE_NUMBER>. It's about an earlier request you submitted and the deadline's fast approaching. Best before 6",English,others,time/urgency,,,607737f177f1811e,0.12547916064519524,0
"Sunday, 16 May 2021 08:38",confirming collecting money,English,others,,,,f3f660e058b53b22,0.12561447701293826,0
4:48 PM,"Blocked for lying yo people. Soy trade was called $1.40 and sold for 1,83. You need to learn to trade beforehand re talking to a <DATE_TIME> experiences trader. <NAMED_ENTITY>... and by the way, since you already emailed your cancellation, I see you found the way how to cancel. BLOCKED FOR LYING",English,others,"authority,dishonesty,distraction",,,79fcb76abb800482,0.1256354887622253,0
"Saturday, 3 October 01:50",It's really important that you contact me on my email { <EMAIL_ADDRESS> },English,others,distraction,,,551d5162bd631c12,0.12599791508098526,0
,Not after <DATE_TIME>. 'tis All Hallow's Eve and our Dark Lord <NAMED_ENTITY> will come for me to collect his tithe. I yearn to no longer be bound to my earthly constraints. To drink in His presence...,English,others,distraction,,,ef93d4583c2dbb28,0.12600630185547984,0
15:43,Hello!My name is <URL>ce to meet you.,English,others,,,,b974b25362bb6077,0.12606372552763065,0
12:00 PM,"Hello sir, I downloaded the app and gave it a 5 star rating. I have successful verified my account but have not received reward yet. MY UID: 83652 Account Phone Number:",English,others,,,,bf9bbc07ed8b9fb7,0.1262784222321414,0
"Mon, Jun 26 at 3:30 PM","<NAMED_ENTITY>, I'm almost at your house. What section do you live in?",English,wrong number,,,,300ff5dd3439d727,0.1263099220370219,0
Today 4:34 PM,<NAMED_ENTITY>. This <NAMED_ENTITY>'s phone right? Just saw <NAMED_ENTITY> scoot off with a cool MOM.. I snapped a video: <NAMED_ENTITY>,English,others,distraction,,,369ae4ccb9ea49ef,0.12634074795450012,0
"Wed, Aug 10, 11:28 PM","She was all mine <DATE_TIME>, superior to anything else I've tried.",English,others,,,,7f6e9d69f626503d,0.12636829424264706,0
Today 6:28 PM,"Hi, <NAMED_ENTITY> here. I'm sitting here at the bar, want to meet me? Contact me <URL>",English,wrong number,kindness,,,7da14c24cfe5ef9f,0.12637656453062177,0
"11:09 am, Thursday, 10 November",Hi mumm/dad this is my new number. Would you like to send me a confirmation message on my WhatsApp. <DATE_TIME>,English,hey mum/dad,kindness,,,62edc7e996592942,0.12641892054790158,0
"Tuesday, October 12, 2021 11:16 AM","Hi, My name is Mrs. <NAMED_ENTITY> and I am a Foreign Investor, I want to invest in India & I need your service urgently. Pls email me: <EMAIL_ADDRESS>",English,others,"distraction,kindness",mrs rula ghani,,ddb31e4b871b80ff,0.12673651576307232,0
2:19 PM,Hello. Nice to meet you,English,wrong number,,,,29c612aa80445222,0.126741865448231,0
8:31 PM,"I can help you. If you <NAMED_ENTITY> me $500 in <DATE_TIME> I can get you the iPhone 13 Pro Max 1TB (retail price: $1,599 USD)! I have a friend who works for Apple and they're going fast. Let me know soon and I'll send u the address. Don't regret missing out on this opportunity!",English,others,"authority,distraction,herd,need and greed,time/urgency",apple,,d8c266aa6aaf7422,0.12691887354310064,0
Saturday 25 June 2022 13:06,Inland Revenue Authority of Ireland:Unsuccessful <URL>cipient not available at the time of delivery try again,English,government,"authority,time/urgency",inland revenue authority of ireland,,1a3819958667b43a,0.12709667940337185,0
Today 1:49 PM,OPPORTUNITY:<DATE_TIME>'s Greetings!!I'm <NAMED_ENTITY>.I have a Charity Project i need you to handle before <URL> me(<EMAIL_ADDRESS>).,English,others,"kindness,time/urgency",,,fe3bdd23f4168658,0.1275882762719028,0
Friday March 3 9:15 AM,Mom. I'm divorced from <NAMED_ENTITY>. Please don't blame me. I'm sure I'll meet a better man to marry okay?,English,wrong number,kindness,,,37f7b47c01c7c9e3,0.12774624677092086,0
Monday 11:51 AM,"<NAMED_ENTITY>, I'm <NAMED_ENTITY>, how have you been, I'm back in <LOCATION>.",English,wrong number,,,,af883abdaa9d9fb7,0.12776511432468338,0
8:17,"Sorry for the coverage down time on <DATE_TIME>, <NAMED_ENTITY>! Here's a little reimbursement: <URL>",English,telecom,"authority,distraction,time/urgency",unknown,,bf96bd9884c48db7,0.12778432844207593,0
"Tues 21st Sept, 07:00 AM","Hi <NAMED_ENTITY>, I saw this and thought of you straight away! Might this be of interest to you?",English,others,,,,87cca5ab2eebaf6a,0.12783377290164954,0
2:51 PM,Short Term Cash (<DATE_TIME>) BUY SKP ( <NAMED_ENTITY> ) AT 34 SL 33 TGT 46 Skp having Strong Resistance of 40 Once its Cross it will touch 85,English,others,"distraction,need and greed",,,520b2ffca932b422,0.12794397498812096,0
"Saturday, November 20, 2021, 6:01 PM","I am a project manager, we are hiring a team, working on the home, <DATE_TIME> salary around:<PHONE_NUMBER> Pesos, Accept Jobs on Whatsapp: <URL>",English,others,need and greed,,wa.me,f0489ef422abf546,0.12802616259185115,0
"Today, 5:16 PM","Dear friends,Offer for limited time, Tallwin life me 2500 ki id only 599/- me active kraye, Wish you join this group for information",English,others,"need and greed,time/urgency",tallwin,,88a1b9ab908c7607,0.12808138033258543,0
3m to,BTC withdrawal received. It wasn't you cancel here <URL>,English,banking,"authority,distraction,time/urgency",crypto.com,,b4e99a8f74d1f54e,0.12815275240821644,0
12:41 AM,"IR-2018-<DATE_TIME>, <DATE_TIME>, The system detec",English,government,authority,,,388a762077819358,0.12823614174520437,0
Today 09:54,Hermes: Sorry we couldn't deliver to you. We will be back <DATE_TIME>. Change the status here: <URL>,English,delivery,"authority,distraction",hermes,,1d2effdb1abe5435,0.12873920715554055,0
"Sep 16th, 2021","Hi, My name is <NAMED_ENTITY>. My wife, saw this post on your YOUR_COMPANY_NAME_HERE and she is interested about this",English,wrong number,,yourcompanynamehere,,2b88e59a8e6e334e,0.1290144453708529,0
"Oct 26th, 2021",Inquiring around a house I saw on a genuine domain agent's page,English,wrong number,,,,7790da4a14cd070a,0.1290208804341079,0
,Can I call you back later? Can I call you back later? Can't talk now. Can you call me later?,English,others,,,,415e63183a6ef1dc,0.1290690858290413,0
gio 4 mag 15:59,Binance:Secondo le normative locali si prega di aggiornare web3.0 prima del 4 maggio. In <NAMED_ENTITY> congelato,English,banking,authority,,,fd52b75fe326c076,0.12907899986229507,0
"Wednesday, 21 December 2022",Security Tips: Overdue and timeout will affect credit handle it in time <URL> to learn more.,English,banking,time/urgency,,,176cad761f618876,0.12965868914617418,0
16:16,NOTICE: Beware of fraud! NCDC will NEVER request for payment in return for employment and NCDC is NOT conducting any recruitment activities at this time.,English,government,authority,ncdc,,b436d18f0c43a4c5,0.12966662465686402,0
34 min,Hello <NAMED_ENTITY> this is <NAMED_ENTITY> this is a picture of me and my dog thank you for taking care,English,wrong number,,,,d542342c594040ef,0.1297288024811108,0
"Mar 27th, 2022","Good <DATE_TIME>, my name is <NAMED_ENTITY> and i have some questions about your marketplace post",English,wrong number,,,,b46bbc0325c3a612,0.12976604667706348,0
7:26 PM,There's someone I need to pay but unfortunately my account has got delays and I have already exhausted my <DATE_TIME> transactions on mpesa because I had a loan to pay because it was due todayCould you please lend me 10k I'll refund in the <DATE_TIME>,English,others,"kindness,time/urgency",,,c9beb09573ab244e,0.12978138586961482,0
12:09 PM,Hi Mr./Ms.(Certified) <NAMED_ENTITY> urgently recruits Part-job/Full-job. Maximum <DATE_TIME> salary about 10000Rs. Accept Job on whatsapp: <URL> IYR,English,others,"authority,need and greed,time/urgency",flipkrat,wa.me,3d48f29175ff8594,0.1303441954253819,0
26/04/2019 09:59,<NAMED_ENTITY> admitted <DATE_TIME> ELDORET HOSPITAL,English,government,authority,nhif,,c55f72fd343c0cd3,0.13042396873203296,0
7:26 PM,There's someone I need to pay but unfortunately my account has got delays and I have already exhausted my <DATE_TIME> transactions on mpesa because I had a loan to pay because it was due <DATE_TIME> Could you please lend me 10k I'll refund in the <DATE_TIME>,English,others,"kindness,time/urgency",,,41555ca4aac9d56e,0.13072396918325116,0
,Please send me sir your details my manager sir asking to me sir please Send a Sir please I will asked to my manager Sir Your house address and land mark And pin code send me sir please Your office address and <NAMED_ENTITY> And pin code send me sir please Your email ID sir send me sir I need some time can’t do it know I am outside on other work OK sir please send me sir <DATE_TIME> time please,English,others,"distraction,kindness",,,6d918ace282d05ad,0.13078292756501914,0
"Aug 2nd, 2021","Hello, my name's <NAMED_ENTITY>. My sister, saw this post on your [REDACTED] and she is interested about this",English,wrong number,,,,f0a852a40eb2843e,0.13091671427319898,0
"Jun 13th, 2022","Hi, my name is <NAMED_ENTITY> I saw this house https",English,wrong number,,,,ec36adf2e4400161,0.13092954521838213,0
Today 11:23,SBIUPI Confidential: Dont share if asked! 1o3EwUJP9e4p9XzdPAokto2qqN80sHrT6j5a7bwcXdYgaX%2Bjom2QNbAvLQsKbxMv%212231e13f150dc25db8bd6aed392396c4,English,banking,"authority,distraction",sbiupi,,85dc362adf08b4df,0.13154190010842473,0
"Friday, Aug 19 • 11:14 AM",hello <URL>,English,others,,,,11f4ed5d99cf9fa9,0.13162993891614805,0
"Today, 11:02",Going abroad <DATE_TIME>? Then make sure your passport is in date! It takes <DATE_TIME> to renew. Do it now at <URL>,English,government,"authority,time/urgency",uk government,,dd8f4f8b781cec53,0.13192206807996612,0
"Thu, May 18 at 11:43","Good morning, my name is <NAMED_ENTITY>, a career counselor for the military in <LOCATION>, CA. I’m reaching out to see if you would be interested in sitting down for more information about the Army benefits and programs, including money for education and up to $50,000 in bonuses.",English,others,"authority,need and greed",army,,7035a8910abedbe9,0.13193224090387826,0
"Sunday, 24 February 2019 23:09","Trade platform that offers 10% passive profit in <DATE_TIME> and it's working for me, register at: <URL> to start trading, T's & C's Apply",English,others,"distraction,need and greed,time/urgency",,,00b400e71c55814d,0.131947487271804,0
"Wed, Nov 9, 4:10 PM","Hello honey, <NAMED_ENTITY> here. You got any plans for <DATE_TIME>? If not, message <URL>}",English,wrong number,,,,94a450fd66bd3bd0,0.1325447323065235,0
11:16,Hey baby I hope you're not shy;) because I'm DYING to swap sexy pics with you! I love to relax with pretty fellows like you are.,English,others,"dishonesty,kindness",,,a9e03d8346ec09bf,0.13274906844330958,0
Friday 1:48 PM,Hey <NAMED_ENTITY> this is <NAMED_ENTITY>. Would you entertain a fair proposal for 1149 <NAMED_ENTITY>? I want to buy a place in the area.,English,wrong number,,,,2fb9192134493ea4,0.13278559379945795,0
12:13,"Hi <NAMED_ENTITY> urgently recruiting part-time jobs, you can get <PHONE_NUMBER> rupees per day, add Wasap: <URL> IYR",English,others,"distraction,need and greed,time/urgency",flipkart,wa.me,f16f6c0fda5e3493,0.13321852251396882,0
"Nov 3rd, 2021","Hello, my name's <NAMED_ENTITY>. My wife, saw this post on your post [YOUR_COMPANY_NAME_HERE] and she is interested about this",English,wrong number,,,,76be279b3757266f,0.13347343553157331,0
25 Feb 2023 8:33 AM,Thank you 🙏🏻,English,others,,,,a60f980effc92d17,0.13391340728058948,0
Today 2:17 pm,ANZ - O7MS Qantas Airline ticket bought for flight O7MS. If this was not you get in touch with us on <PHONE_NUMBER>,English,banking,"authority,time/urgency",anz,,94b9f2126228d080,0.13392832022280815,0
"Saturday, Mar 20, 2021 • 21:33","<NAMED_ENTITY>, you still have $100 Amazon Rewards credit: <URL> See what you can buy before it expires on <DATE_TIME> <URL>",English,others,"need and greed,time/urgency",Amazon,,f7fedbe9b3502ae3,0.1339394490836662,0
4/7/2018 06:12,It is very necessary that you reach me immediately via <EMAIL_ADDRESS> for details.,English,others,distraction,,,9e47d1965dd221e5,0.13431337722389278,0
6:12 am 16 May,<LOCATION> is our home and together we can build a better future for ourselves and our children. Let’s work together for the success of the incoming administration. <LOCATION>: Better Together!,English,others,,,,45a87b774dd608cd,0.13433374813005516,0
"Friday, September 2, 2022, 8:23 PM",INTERAC e-Transfer: CCA sent you money. See <URL>,English,banking,"authority,need and greed",interac,,adf2fe1624e86a37,0.1350001261337275,0
Today 10:24,Good morning. This is <NAMED_ENTITY>. What is your email address. I will send you proposal <DATE_TIME> regarding your wedding . Wish you a good day. Regards <NAMED_ENTITY> My email is <EMAIL_ADDRESS>,English,others,,larry woodley,,ff4225c7a6a5ffb9,0.13502821330068107,0
Yesterday • 17:26,"Dear Sir I am an Amazon project manager, we are hiring a team, you can work from home, <DATE_TIME> salary: 5000+watsapp understand <URL> Thanks",English,others,"authority,need and greed",Amazon,wa.me,55c58b7f87206392,0.13513533334945838,0
Today 7:37 am,Hello mum My phone doesnt work so im using a spare. I need to talk to you urgently. The bank have locked my account and i need to pay a debt. But i only have data so please message me on whatsapp on <US_BANK_NUMBER>,English,hey mum/dad,"kindness,time/urgency",,,313fc6bf6f17a3d4,0.13531371229540137,0
20:00,"Dear Students,Or staff!We urgently need 260 (Part/Full-time) staff! U can earn Rs.9800 everyday. Come interview Get salary: <URL> - DPS <NAMED_ENTITY>",English,others,"distraction,need and greed,time/urgency",dps muzaffarpur,wa.me,efaf747d93d97131,0.13531729670255824,0
12:58 PM,IT'S MY PLEASURE TO PARTNER WITH YOU IN AN URGNT TRANSCtion FROM <LOCATION> TO <LOCATION>. GET BACK TO ME VIA: <EMAIL_ADDRESS>,English,others,"distraction,time/urgency",,,3f93d086865a004f,0.13560819261481563,0
16:45,"Thanks for joining Revolut, you can download the app here: <URL>",English,banking,authority,Revolut,,ee006cbfc4cd520f,0.13631556265251882,0
Thursday 9 March 09:21,Hi dad my phones broken on a friends so please message my new number on What'sApp when you get this <DATE_TIME>,English,hey mum/dad,kindness,,,5f912a0e22e1bd77,0.1364077772811172,0
,I brought back my luggage because I was absent. Please confirm.,English,delivery,"distraction,time/urgency",,,f29d61f30b4e828f,0.1365759915536631,0
1m ago,do NOT go outside. that fucking cat just hung an anvil above your door so he can drop it on your head and squish you to be really short. be careful.,English,others,,,,b927888c5ec3f9b3,0.13662974985758977,0
24m,"Attention : its <DATE_TIME>, INR 15000 is credited i..",English,others,"need and greed,time/urgency",,,a46534b6fa2dcfdf,0.1368699292324222,0
,"send a verification code. With your permission, if I request the code, could you text it back to me? If not, that's totally fine. You're a life saver. Thank you so much and sorry for bothering you.",English,others,kindness,,,76d54fdbfa242207,0.13692362832511398,0
2-7 8:24 AM,UPIBBP Confidential:Don't share if asked! E4RIhdYwIYPL8un%2Bq17dvhqcej3%2BFSrI L1sJo9hqqWwaMUuRTwuLJWe7K8%2BMGmZ %21f3f18a693bd720c962260fc4628b1c20827,English,others,"dishonesty,distraction",,,d892920d63366bef,0.13716986668586487,0
21:57,"Find my iPhone. Movimiento detectado <DATE_TIME> 7 128GB Black, ver actividad en: <URL> Support.",English,others,"distraction,time/urgency",apple,,1006b528ed517d11,0.13717205693276338,0
"Friday, September 9, 2022 7:35 AM","Hi <NAMED_ENTITY>, could you please send me a picture of the last party?",English,wrong number,,,,4acb987ef1c2744c,0.137226766966102,0
"Thu, Mar 24, 8:40 PM","Hi, <NAMED_ENTITY>, the skirt you designed is very nice. I was wondering if we could talk when you are free.",English,wrong number,,,,6255218107ec354b,0.1373969818654679,0
1 day ago,Got the same text saying £2.99 royal mail delivery fee unpaid texted back and told them to fuck off.,English,delivery,time/urgency,royal mail,,53d2a6018d3009d2,0.13750000029221277,0
,Respected DM sir we since <DATE_TIME> after fir requested senior police officer to seize documents but after <DATE_TIME> of fir documents burned by the supporters of culprits mr <NAMED_ENTITY> <URL>jay <NAMED_ENTITY> etc. Still on these tweets no,English,others,authority,,,844e2b0ebbb5b35e,0.13759409898643038,0
11:12,"Hi, it's AT&T. Learn about 3rd party mobile purchases & blocking at <URL>",English,telecom,authority,at&t,,db39166aafd66275,0.1377603381481664,0
5:07,"Hi Dear 7042XXXX87, ...",English,others,,,,e6b25ed108c7028b,0.13789405509123248,0
,"Sriram, you still have $150 Bonus credit: <URL> See what you can buy between <DATE_TIME> <URL>",English,others,"need and greed,time/urgency",,,92bb3c5d158743ee,0.1379346830995399,0
"Wednesday, 8 Jul · 6:46 pm",SIM 8991210000536205080 SIM 8991210000536205080,English,others,,,,66f257ff644b0cb4,0.1380612791668141,0
2:41 PM,"Hey, I'm <NAMED_ENTITY>. I'm really passionate about equestrian sports. Are you the amazing <NAMED_ENTITY> riding instructor I've heard about? I'm eager to learn more from an expert like you.",English,wrong number,kindness,,,c0acc9707c588aca,0.1383691854666903,0
"Feb 21st, 2021","Hello, I'm reaching out about the post on realtor <NAMED_ENTITY> page",English,wrong number,,facebook,,251e18748caf7f08,0.138373516952958,0
,Thank you for the Donation. Your support will go a long way in sustaining multi-party democracy. #EffTurns10 #VoteEFF,English,others,,eff,,38ec8a84e7f2a663,0.13893639632107832,0
"Apr 25, 2019 at 6:10 PM",Get the LinkedIn app: <URL>,English,others,,linkedin,,7a05276672be50ee,0.1392002339896167,0
Today 2:47 PM,"(<NAMED_ENTITY>) You federal return was ban-by the IRS. Don't worry, we'll help you to Fix it, tap here",English,government,"authority,time/urgency",IRS,,3388a29a7bbc07a8,0.13928615188623777,0
10:48 AM,"AHMEDABAD AIRPORT REQUIRED Loader, Supervisor, C.S.A, Food Packers, Guard, Drivers Without Interview Direct Joining SALARY 22500/- - 55200/- RIYA <PHONE_NUMBER>",English,others,"dishonesty,need and greed",,,c520b9a0f9558162,0.13935804896431317,0
"Wednesday, September 20, 3:09 PM",Are you busy now?,English,wrong number,,,,b6837b2536a23ab6,0.13947035348251044,0
Today 17:17,Wanna Hangout.pptx,English,others,,,,104384b8ba17f42c,0.13953037254804407,0
3:49 PM,"I need to discuss something urgent with you, kindly reach me on my email id. (<EMAIL_ADDRESS>) Mrs. <NAMED_ENTITY>",English,others,"distraction,kindness",,,31672c4b55e7f8ab,0.13981074681349026,0
8:57 PM,Vote Teddy A Vote Teddy A Vote Teddy A Vote Teddy A Vote Teddy A Vote Teddy A Vote Teddy A Vote Teddy A Vote Teddy A,English,others,herd,,,a626963a954b490d,0.13989362412346626,0
"Today 12:45 PM SIM1, Today 12:46 PM SIM2",VOTE Nengi VOTE Nengi VOTE Nengi VOTE Nengi,English,others,herd,,,6c5dcc65c8173eeb,0.13989362412346626,0
Tuesday 12:46 PM,VOTE Nengi VOTE Nengi VOTE Nengi,English,others,,,,9f7453f5750d01aa,0.13989362412346626,0
,VOTE Nengi,English,others,,,,225681a65a6465e4,0.13989362412346626,0
"Monday, Oct 5, 2020 4:09 PM","Here's <NAMED_ENTITY>'s simple ""plain English"" voter guide to cut through the confusing & misleading ballot they sent you. Share!",English,others,,carl demaio,,78040881ff9acdf3,0.14050922768725982,0
"Mar 29th, 2021","Hey, is the item I found still available? https",English,wrong number,,,,d310545a4d1e1c78,0.14068925916604147,0
03:21:56 30-05-2017,SIR REF 2 YR APPEAL 4 FEEDBACK @ CORRUPTION # SMS DT <DATE_TIME> REF MY 9 TWEET <DATE_TIME> HON GOI YET 2 ENSURE COMPLIANCE @ SHOW CAUSE NOTICE BY ICAI,English,government,authority,icai,,312a7a8649f07aad,0.14122212161417325,0
AUG 20 AT 8:24 AM,"I love ❤️ your Instagram profile and if you let me, I would like to use one of your pictures on an art project I’m working on. You’ll get paid for it.",English,others,need and greed,,,e936939b5947dbcd,0.14136245400182523,0
,Necessary action,English,others,,,,aa5abf72fb23121f,0.14137982563436183,0
"Jul 5, 2023, 9:15 PM","<NAMED_ENTITY>'s shift is up for grabs: <DATE_TIME>am (server) on Wed, Jul 5, <DATE_TIME>.",English,others,,,,8db4da2aa14462c0,0.1415157538746317,0
Today 09:19,"Dear <NAMED_ENTITY>, your box will be returned <DATE_TIME> if you do not pick it up at the drop-off point in: . More info: <URL>",English,delivery,"authority,time/urgency",,,061a9a30171afdda,0.14185768894734158,0
12:02 PM,Please . I really need the money to get me out of poverty!,English,others,kindness,,,0f9ef16f77a0c92a,0.14188965175915894,0
"Thursday, August 4, 2022 22:54",<NAMED_ENTITY>: It looks like you were over charged on yourAut0P0licy. It's not too late to-apply SAFEDRIVERDISCOUNTPERKS and <LOCATION>.,English,others,"need and greed,time/urgency",,,462263c455b45cf3,0.14198114236465334,0
Today 12:44 PM,Have you heard about <URL>?,English,government,authority,government,,d258381f805ba81e,0.14207283713037844,0
5:49 PM,"You can already get Internet Free Without WI-FI with Whatsapp, and it is by means of invitations, here I give you an invitation!",English,others,"distraction,herd",whatsapp,,41ca373aec5366d6,0.14209346525651262,0
"Sunday, Sep 13 • 4:37 PM",Your one time password is [hidden]. It will expire in <DATE_TIME>..,English,others,time/urgency,,,7770ae1d14cc692f,0.14215337286913712,0
14:56,Flipcart urgently recruits Part/Full-time. Maximum <DATE_TIME> salary about 3000-20000Rs. Accept Jobs on whatsapp: <URL>,English,others,"authority,need and greed,time/urgency",flipcart,wa.me,a243559e7a3e7a3a,0.14216295449799396,0
"Apr 16, 2020 03:05",Paid ₹ 558,English,others,,,,d95d86950cc847e3,0.14225334836677614,0
18-4 17:48,Please check the details of our organisation and the live case of baby rachana over the central govt. Of <LOCATION>'s website <URL> . If ur are satisfied with details den come forward and help that baby. What ever you help for that baby we will provide the 80G certificate which will utilize in ITR department. Thanx alot. Volunteer vivek,English,government,"authority,kindness",pratham foundation,,8310910e7fef14f3,0.1422652400111084,0
1:57 pm,"Hi I am an <NAMED_ENTITY> project manager, we are hiring a team, you can work from home, <DATE_TIME> salary: 5000+whatsapp understand <URL> Tijara",English,others,"authority,need and greed",flipkart,wa.me,1b99a486712a046f,0.14233145861018046,0
Tuesday 10:52 AM,haha hahahahahaha 539 s <LOCATION> st - <URL>,English,others,,,,6db2cbc3a2a497c5,0.14233963624458468,0
"Apr 13th, 2021","Hi, my name is <NAMED_ENTITY>, is the house available on Facebook?? https",English,others,,,,91c336db895af103,0.14269408899621314,0
7:55,"<NAMED_ENTITY> username >> ash_letty +++ Interested ppl message me only +++ if you want to meet up >> My meet up charge$100 << Daily Stories, <LOCATION>, <NAMED_ENTITY>), Daily sexting<< My premium price $20 <<< Lifetime premium $40 =<< MY all videos and live video calling only$20 >>> Add me on <NAMED_ENTITY> username >> ash_letty",English,others,"distraction,need and greed",snapchat,,1f309583dcc50ca7,0.1434240010032568,0
"Sunday, 3 October 2021","Dear Sir I am an project manager, we are hiring a team, you can work from home, <DATE_TIME> salary: 5000+watsapp understand <URL> naik",English,others,need and greed,,wa.me,dc71f9d568d2285d,0.14342768694794308,0
,Microsoft: Someone else might have accessed <EMAIL_ADDRESS>. Recover at <URL>,English,telecom,"authority,distraction,time/urgency",microsoft,,6a292d6bbea73962,0.14344377245966836,0
Today 7:05 AM,whatsapp://chat/join/?code=<NAMED_ENTITY>=qafok| my ears so that I could,English,others,,,,9caf079143ccbbb9,0.14382973950993946,0
Today 7:05 AM,whatsapp://chat/join/?code=KitRluT3zBxDiLOCMxnDsN&nkdc=qafokl my ears so that I could,English,wrong number,,,,0549486d80d4071d,0.14382973950993946,0
,Your package address is wrong and we cannot deliver it to your door fill in the address so that we can deliver it on time.,English,delivery,"distraction,time/urgency",,t.ly,44b823799437f23f,0.14394037235426632,0
"Monday, August 7, 10:53 AM","Voting YES on Issue 1 on <DATE_TIME> is critical. It’s going to make it harder for a lot of these radical groups to come into our state and make changes to our constitution. Some of those changes that they’re proposing take away parental rights, take away parents’ ability to be informed and to make de",English,government,authority,,,ceae877b3c55bb63,0.14411628500362533,0
3:59 PM,Apply SBI Home Loans through Govt of India website; <URL> Get in-principle sanction letter & loan sanction in <DATE_TIME> if eligible.,English,banking,"authority,time/urgency",State Bank of India,,43c04cb9899ea978,0.14420042687674503,0
"Jul 20th, 2021","This is the ad: <URL> I'm interested in your facebook ad Please tell me if it's still available, Thanks!!!",English,others,,,,be39e255b6dbd475,0.144251634847741,0
March 27 2023 05:21 PM,I sent money to the wrong person (single digit error).,English,wrong number,,,,f1fb4782431bc577,0.1443136153562017,0
Today 3:47 PM,"Sorry. <NAMED_ENTITY> I don't think you know how to share a load. Learn it first. Then you will know that you will receive SMS information when you share it to a plan line. Or you may just admit to yourself that you don't know anything and just plain stop texting this kind of message. Or you can just remove your simcard and then throw it away. Or if you are using a PC for this, we can try and trace it and then kick your asses once you guys are found. Go ahead post it in facebook so it will be fun.",English,others,distraction,,,948f6211b65ea664,0.14443744031657274,0
3:17 pm,"Hello, nice to meet you. I want to help my sister find a boyfriend. She is <DATE_TIME>, single and looking for a gentle, honest and ambitious boyfriend here. If you add her whatsapp: <PHONE_NUMBER>, you can share your daily life together and get to know each other better! (Please be sincere and polite)",English,others,kindness,,,7c348c4787c27a73,0.14447105747753133,0
"16 MAY 2020, 02:17 am","Money Paid ₹ 1,006.32",English,others,,,,5867c0cb0d4e8eae,0.14474414412873937,0
7:29 pm,HDFCUPI sdU%2FdroABXI7TC4 hD8OMZITexRTP2Fao VltQoNoe7JcVPillhm7 Nqu8ofCHpOy6H,English,banking,authority,HDFC Bank,,fcd08fd30cb6f7f6,0.14477358894515596,0
5:24 PM,deviceverify a0m7s5ptuuheiz4of0a3jt ut9dqqkecnf8b,English,others,,,,9e3cf3ae3862ef8e,0.14477358894515596,0
Today 9:29 AM,IRS_TAX_REFUND_ID_#01QF2OJ091.pdf,English,government,authority,IRS,,690c065bb5abc35b,0.14477358894515596,0
Sabtu • 11.03 PM,[SSX] verification: 5411,English,others,,,,f382eb2f2bd773d1,0.14477358894515596,0
['Sunday • 2:55 AM' '10:20 AM'],['UPIACT #&&#YK*<US_DRIVER_LICENSE>&*6&O**M&v*545?<US_DRIVER_LICENSE>&&&0*AFtQ&*3&&3&&&1*' 'UPIACT &T*9d#076#&**35l&865##1p*&&8M*9P7&4&F#R&' 'UPIACT *<DATE_TIME>],English,others,,,,f1565b4ce055b446,0.14477358894515596,0
"Monday, 14 September 2020 17:36",LVBUPAAY 6fe27e908ebd4bd090de5902f0c02933a23fedcafe509cb79b1d706f31541a886152b5346ba2ffdf08830434e38aa8d5,English,others,,,,6efedc729e1eabf3,0.14477358894515596,0
Today 8:19 AM,UPIACT pp2fc3c9f6$87df*4e42*a61a@bb31091021e,English,others,,,,f49688b63f453963,0.14477358894515596,0
"Thursday, 14 May 2020 7:15 pm",abupi abc7457fbe@5bad!4b61*9490!8cdc6e55ae9,English,others,,,,ca7338a95d2a550e,0.14477358894515596,0
"['Sunday • 2:55 AM', '10:20 AM']","['UPIACT &#&&#XK*<US_DRIVER_LICENSE>&*6&O**M&v*545?<US_DRIVER_LICENSE>&#&&0*AFtQ&*3&&&3&&1*', 'UPIACT &T*9d#076#&**35I&865##1p*&&8M*9P7&4&F#R&', 'UPIACT *<DATE_TIME>]",English,others,,,,984d5bc7652656d7,0.14477358894515596,0
Today 12:16 PM,LVBUPAAAY 44f2800b539d878aace859e9dbc02 21a120b035096536e3ea90c52c2b79979ff9482585cbdf352fbdb0f8a6665651bc,English,others,,,,3c0bf1ac87c636d6,0.14477358894515596,0
"['9-9 8:37 PM', '28-11 6:27 PM']","['TRV XIA 9b4d2de2264f40398 7e289ffd99279b6900', 'TRV XIA 1376393601a14723 <DATE_TIME>, 'TRV XIA 8af063d2610c4f4cb 74f06916ec3f6c1200', 'TRV XIA 70a366e54acf40ca9 1ac101941d52a78600']",English,others,,,,08d80c1b744184de,0.14477358894515596,0
"Jan 28th, 2022",({Coinbase})-SafetyNotification-[TARGET_PHONE_NUMBER_HERE](#101),English,others,authority,Coinbase,,807bcd7d596594b0,0.14477358894515596,0
12:57 PM,SWON ECOM 9061 SWON ECOM <DATE_TIME>,English,others,,,,1711a7d72e9b94bb,0.14477358894515596,0
12:09 PM,UPIACT #5C*R*&lvp1?ue? &#**GL*#5#7#&**b6l** UPIACT #5C*R*&lvp1?ue? &#**GL*#5#7#&**b6l**,English,others,,,,7e9a8a32da596712,0.14477358894515596,0
Today,PORT 9784,English,others,,,,5935f05d43a246a3,0.14477358894515596,0
3-2 23:45,UPIACT pp4198a858&&<US_DRIVER_LICENSE>^<DATE_TIME>! 91b8856e179a,English,others,,,,8d20682be814e080,0.14477358894515596,0
1:13 PM,IRS_TAX_REFUND D_<PHONE_NUMBER>,English,government,"authority,need and greed",IRS,,02d65a2a8ba52074,0.14477358894515596,0
11:56 AM,PLATINUM,English,others,,,,43ff792d79f75890,0.14477358894515596,0
15:04,IRS_Statement_ID40AJG AT9.pdf,English,government,authority,IRS,,5c81652100529a68,0.14477358894515596,0
Today 9:33 AM,IRS_TAX_RE-FUND_ID_#8OGZP7VEY9.pdf,English,government,"authority,need and greed",IRS,,b469489d2d1184df,0.14477358894515596,0
13:01,Malware detected!,English,others,,,,a221303aa4c69008,0.14477358894515596,0
"Friday, 31 May 2019 11:03 am","<US_BANK_NUMBER>, <US_BANK_NUMBER>",English,others,,,,72d7af303618d558,0.14477358894515596,0
Sunday 3:40 AM,ESP~eng~WHOLESALE~<US_BANK_NUMBER>~A~Default~Genesis~NC_DO_B~<US_BANK_NUMBER>~<US_BANK_NUMBER>~notificonly~<US_DRIVER_LICENSE>~~0,English,others,,,,d994970741aab072,0.14477358894515596,0
"Today, 2:53 PM",Emailupdate <EMAIL_ADDRESS>,English,others,,,,6dc338a2b6dc110f,0.14477358894515596,0
"Thursday, August 18, 2022 7:54 PM",P4kai: 1,English,others,,,,a443a1c94e631240,0.14477358894515596,0
12:15,PORT <US_BANK_NUMBER>,English,others,,,,c6f57b49eb58d1f1,0.14477358894515596,0
6:54,HDFCUPI 07naizdOcFyt%2FFds1RRic2%BI%2Fq5f0I3305660D%3D1LICRcl1Knbh%2F0YO%2FwuG8kjD,English,banking,dishonesty,HDFC Bank,,31f2f3b5b3814dd3,0.14477358894515596,0
3-2 23:45,UPIACT pp4198a858&&8e89^<DATE_TIME>! 91b8856e179a,English,others,,,,e8b84f50c587bdee,0.14477358894515596,0
Today 11:51 AM,IRS_TAX_RE-FUND_0Y2PTO2.pdf,English,government,authority,IRS,,ed6797d2b2e1db06,0.14477358894515596,0
Yesterday 15:01,YonoLiteSBIREG 36f95ea7a1122ba471c9f2a9b92a488e1428a4a672d13af3db56166e92229cbba37e4b8ded8a01e97c8c2c20b910fd0394af6cd878b2b4 YonoLiteSBIREG fa2718e417a304a4f46cd71935bb1da1e2a43b1a70864ef62ff872130dffd42c7f1a2daf97d8a75a801f274cfaf61775f17908862d3e2,English,banking,authority,State Bank of India,,87f259dd0e2843f7,0.14477358894515596,0
Today 9:13 AM,IRS_TAX_RE-FUND_ID_#184F-BLY5VA00.pdf,English,government,"authority,need and greed",IRS,,ebfb0c2cfef41105,0.14477358894515596,0
13:15,AIRUPI hiSMV1Mo8uQFaXooKB3+9nrjA5+clNjT0DHyo9SteH0WuFC+nvxYTA==,English,others,,,,59736d5a2d6568db,0.14477358894515596,0
Yesterday 11:38 am,WPVPB PayZapp_Phone_Check 2 2019118aN5cS7gl4sN3yX8g U3ql3hD7fE8oK3kU0jG2pQ6 wZ3fA3Kb1qX8hL0iW2yJ5kG 7ms7fR5cX3xl1sC4K KPHXWygSStAgyBcqxKi2gly meJ1ZcMr0CpMd4dz6aA=,English,banking,authority,payzapp,,aa8c9c60e1878808,0.14477358894515596,0
Today 3:38 PM,IRS_Statement_ID1G8J62K0Z.pdf,English,government,authority,IRS,,51ffe44a2eebeebe,0.14477358894515596,0
Today 1:21 PM,1:2$<US_DRIVER_LICENSE>/<DATE_TIME>$<US_DRIVER_LICENSE>:21p$ <US_DRIVER_LICENSE>$<US_DRIVER_LICENSE>$<US_DRIVER_LICENSE>,English,others,,,,d59942f3a2c8dc0c,0.14477358894515596,0
Today 9:19 AM,IRS_TAX_RE-FUND_ID_#1514R2FD00.pdf,English,government,"authority,need and greed",IRS,,edf78fcfae63df41,0.14477358894515596,0
"12:57 PM, 1:24 PM, 1:25 PM",PORT <UK_NHS>,English,others,,,,735a3aecaebd32d1,0.14477358894515596,0
"Mon, May 1 at 11:04 AM",Suprise!!!,English,others,,,tinyurl.com,8bd00b6859fb7682,0.14477358894515596,0
12:46 AM,SBIUPI HKEC9KUCDerQWVfxjxfTWecve5%2BD2Zs%2BsJTmtiCJv5bzrRBF3HobL8N5etyVjEc7,English,banking,authority,State Bank of India,,f461cec1b88ed8a8,0.14477358894515596,0
2:23 PM,UID PAN,English,others,,,,cda0ddabd46a6f27,0.14477358894515596,0
Yesterday · 3:35 PM,<NAMED_ENTITY> chauqasiy .a/c <DATE_TIME> sbi -ifsc -<US_DRIVER_LICENSE>,English,banking,authority,State Bank of India,,cee3fcc4f2799c69,0.14477358894515596,0
"Wed, 18/10/2017 14:07",<EMAIL_ADDRESS>,English,others,,,,eeb14d8da18352d9,0.14477358894515596,0
12:09 PM,UPIACT #5C*R*&lvp1?ue? &**GL*#5#7*#&&b6l** UPIACT #5C*R*&lvp1?ue? &**GL*#5#7*#&&b6l**,English,others,,,,1521ec7131e0c5a2,0.14477358894515596,0
Today 11:16 AM,IRS_TAX_REFUND_B2D5T88RF9.pdf,English,government,"authority,need and greed",IRS,,2a9e47012a0a0709,0.14477358894515596,0
Today 12:02 PM,IRS_TAX_RE-FUND_B2D5T88RF9.pdf,English,government,"authority,need and greed",IRS,,049bb260aabc7480,0.14477358894515596,0
23 Nov 2018 | 22:19:41,"Cheese n Corn, Fresh Veggie",English,others,,,,d56b69622aacbffd,0.14477358894515596,0
Today 10:33 AM,IRS_TAX_REFUND_ID_#01QF20J091.pdf,English,government,"authority,need and greed",IRS,,5332605c8695ab98,0.14477358894515596,0
7:38 am,E1Isko908%2BZ2OctMMW62U82940SvA... p0HUfcGdyPTwp3u%2Ff8ToLBFDKIcoV0... *#Q&#*Y*85*##&&4C&56l*h*G*#*pn**D##F&@*HT&2&G5F#,English,others,,,,a6c73b26b9fee793,0.14477358894515596,0
"Yesterday, 10:48 AM",PROD MTE1NTEwMjY5NDYwMzA5Mg== #EEu4/qsFTI0Sp2G1viFRTj5BC/x5PyBiDLRa4nG8jgQmu46Un3BKT4a+/ZehmwAS/X4XIacuDQtycmS7KGSnt5rX+n76jqx9YPYZKjmmjYwAjRNDFNAM+vqTXOQ+VKGU,English,others,,,,d10a9998feb608c6,0.14477358894515596,0
,HNY22,English,others,,,,1ad4d12825d8ba3a,0.14477358894515596,0
Today 1:21 PM,IRS_TAX_REFUN...,English,government,"authority,need and greed",IRS,,47a9c4c2b5d448d5,0.14477358894515596,0
42 min,UPIACT Q&...,English,banking,"authority,distraction",,,c8df6540858cd139,0.14477358894515596,0
"Fri, Apr 14 at 8:53 AM",<NAMED_ENTITY>,English,others,,,,eb1dffc5040e81c0,0.14477358894515596,0
"Montag,",OMLOG E UPS HUB GA,English,delivery,,UPS,,c242fc6bfa6e7599,0.14477358894515596,0
"11:07 AM, Thursday, November 30",IRS_TAX_R EFUND_ID_#9E...,English,government,authority,IRS,,3e0bde161c7fbce9,0.14477358894515596,0
7:29 PM,SBIUPI dUeQXgGnOwVAzRzZ LQZ7TidendmzUeaB Bv9xzkv7iHOyQxDZ hvQML1z1bqEBThqY! fc280d68cadaaa15a21 2d61decf92abb5089 a9643773f09542991fd80812f69,English,banking,authority,State Bank of India,,b6cf083a26d3a5a3,0.14477358894515596,0
10:36,Hello My name is <NAMED_ENTITY> Can I take <DATE_TIME> of your time?,English,wrong number,kindness,,,783104f404abe1fb,0.14514662771184023,0
AUG 21 AT 2:27 AM,"Hey ,Are you interested being my text buddy and be getting $300 three times a week and I do nothing sexual, you don’t have to pay any fee before you get your allowance You’ll get your first allowance <DATE_TIME> if you’re serious",English,others,"dishonesty,need and greed",,,89b60751cfe9bf92,0.14516173457320208,0
Today 08:38,Uh-Oh seems like there's a problem with Apple Pay on this device. You can reactivate contactless payments via: <URL>,English,banking,"authority,distraction,time/urgency",apple,,898b6592d1ec91cf,0.14520199903802838,0
"08:28, 12:23, 14:45, 17:08, 21:39, 22:50, 11:14, 21:04, 20:51, 22:07",Hi sexy how hot are you <NRP> writing back please please please please please please writeing back please please please <NAMED_ENTITY> xxxx Hi sexy how are you sexy writing back please please please please please <NAMED_ENTITY> xxxx Hi sexy how are you sexy writing back please please please please please please <NAMED_ENTITY> xxxx Hi sexy how hot are u xxxx writing back please please please please <NAMED_ENTITY> xxxx Hi sexy how are you sexy writing back please please please writeing back please please <NAMED_ENTITY>Hi sexy how are you sexy writing back please please please please writeing back please please <NAMED_ENTITY>Hi sexy how are you sexy writing back please please please please please xxxxx xxxx Hi sexy how are you! !!!! Writing back please please xxx How hot are you sexy writing back please please writing back please <NAMED_ENTITY>Hi sexy how are you <DATE_TIME> and how hot are u xxxx ps writing back xxxx,English,others,distraction,,,772cc499222f2b7e,0.14527610885073108,0
,"You federal return was ban-by the IRS. Don't worry, we'll help you fix it. Click this link>",English,government,"authority,time/urgency",IRS,,8d077c520040fd5d,0.1455984515457235,0
Today 8:42 pm,I just / saw myself on a video... Did you ; upload something? <URL>,English,others,"distraction,time/urgency",,,ae5ed9303d2a4918,0.14560420330603074,0
2:44 pm,Hi 😂 Transaction successful... C - ₹96793,English,others,,,,8399b49a1f071b57,0.14578555553679978,0
10:59 AM,"Hello, you need a part-time job, you only need to work for <DATE_TIME> a day, invest <DATE_TIME>, you can earn 200-300RM, and you can contact me for an extra income, and you can operate.",English,others,need and greed,,,930c5858bd450c58,0.1457894161662453,0
20:00,Paid Successfully,English,others,,,,2ca92557839fd97e,0.14603264520024525,0
"9:34 am, 9:45 am","Good <DATE_TIME> Is it that you don't know the ab... Ask me to take responsibility on what ground? Random person work into your office to take loan and drop someone else's phone number as guarantor and you didn't do your due diligent to call the number to confirm if I know the person and willing to be his guarantor. Are you new in the business or are you new to scam in <LOCATION> or did you just chose to be unprofessional or were you driven by the gain you were supposed to make from the loan and let down your guard? Which level of incompetent were you at when you issued the loan without doing due check? How am I going to give you feedback back on someone I don't know? The only feedback I can give you is that do your check very well before you issue a loan. Call the number the loanee drop to confirm before you issue the loan. Get the guarantor to sign to pay off the loan incase the person default. Put a mechanism in place to debit the account automatically incase of default. Finally, take responsibility for your lack of doing the right thing at the beginning. Learn from this. This is my humble feedback.",English,others,"authority,distraction",,,adcfc93f4831d203,0.14607828529014338,0
"Aug 11th, 2022",Very fascinated by this property,English,others,,,,57c9c59012c060c3,0.14644862762021696,0
"Friday, 3:06 PM",MR <DATE_TIME>,English,others,,,,d7a0cf3eea1cc20a,0.14652974364646482,0
17:26,Aint you using capitec? The last time someone sent me cash the way u did i had issues so better send straight into my account!! Looks like an edited sms so please send into my account!! You sent me an edited sms first date is <DATE_TIME> You also playing crooks with me now,English,banking,"authority,dishonesty,distraction",capitec,,a48f0de5368b429d,0.1468442038432026,0
Today 16:01,One time passcode: <US_DRIVER_LICENSE>. Never share it with anyone even staff. If you did NOT request this please visit: <URL>,English,banking,"authority,time/urgency",Santander Bank,,d5e97b6027d20716,0.1468775527731612,0
Today 11:06 AM,Your package address is wrong and we cannot deliver it to your door fill in the address so that we can deliver it on time.: <URL>,English,delivery,time/urgency,,,652d9d4ee565377d,0.14695798234427984,0
"Thursday, 23 September 2021 10:14 am","Flipkart urgently recruiting part-time jobs, you can get <PHONE_NUMBER> rupees per day, add Wasap: <URL> -SPT",English,others,"authority,distraction,need and greed",flipkart,wa.me,cb14af09c4c7d29f,0.1474993618057507,0
4:54 petang,REGARDING FINALE BILL OUTSTANDING CELCOM MR MR <NAMED_ENTITY>,English,telecom,authority,celcom,,cc3498113494970c,0.14756562929516392,0
8:02,"<NAMED_ENTITY> username >> ash_letty +++ Interested ppl message me only +++ if you want to meet up >> My meet up charge$100 << Daily Stories, <LOCATION>, <NAMED_ENTITY>), Daily sexting<< My premium price $20 <<< Lifetime premium $40 =<< MY all videos and live video",English,others,need and greed,snapchat,,348107f14838e9c2,0.1476491496191454,0
22:50,Hello Madam <NAMED_ENTITY>. I've sent 7.8M via Western Union for clearance of 4 containers from Dubai MTCN code [<US_BANK_NUMBER>]. Password(SCOOP) I'll be there later. <NAMED_ENTITY>,English,others,"authority,need and greed",western union,,70dffe1227819f04,0.14786271509545867,0
33m ago,Cancellation will take place unless action taken. Login to specify request and resubmit <URL>ine/nl8rSch5,English,others,"distraction,time/urgency",,,47e94f6b350947b1,0.1479888407162126,0
12:37 pm,"Hi,My name is Mrs. <NAMED_ENTITY> and <NAMED_ENTITY>, I want to invest in India & I need your service urgently. Pls email me:<EMAIL_ADDRESS>",English,others,"authority,kindness",mrs rula ghani,,a7361951a295e80a,0.14815350311659498,0
Today 8:54 AM,Hi My name is Mrs. <NAMED_ENTITY> and <NAMED_ENTITY> I want to invest in India & need your SERVICE urgently. Pls email me: <EMAIL_ADDRESS>,English,others,"distraction,need and greed,time/urgency",mrs rula ghani,,23c82e07dd6aa782,0.14815350311659498,0
27. Apr. 2021 03:03,Check out My App: <URL>,English,others,,,,fe5346a409e3d348,0.1481621450548937,0
YESTERDAY 1:15 PM,<LOCATION> is a diverse nation with different cultures languages and beliefs but we are all <NRP> at heart and in our blood. Let’s embrace our diversity and work together for a prosperous <LOCATION>.,English,others,,,,d25bd97224d28e24,0.14822703463851253,0
"Wed, Jan 31 at 12:11 PM",Do you have time to go shopping for some <NRP> food with me <DATE_TIME>?,English,wrong number,,,,4d40f74fab92be04,0.14832383118773634,0
"Oct 7th, 2021","Hi, is this house still available https",English,wrong number,,,,a6c0f1b3e6e69c49,0.14872083746258583,0
"Saturday, 29 May 2021","When you travel to the <LOCATION> you must quarantine and take 2 further coronavirus tests. Otherwise, you may be fined. The first test must be taken on or before day 2 after",English,government,"authority,time/urgency",uk government,,a5579bf9512f75c1,0.14874312213112256,0
"August 20, 2020",SEBI is the only agency in the world which punishes the victims and leaves the criminals free. I have not seen better idiots !! Each action of theirs is to destroy market and get the retail out !!,English,others,authority,sebi,,8b8d324a9461aa8a,0.14923924477349726,0
2022-07-06,"<UBERsMESSAGE> Did you recently sign in from anew device near <LOCATION>,<LOCATION>? **If this wasn't you, see hitps://",English,others,"authority,time/urgency",uber,,e7286ee48f30afda,0.14936222918035139,0
Yesterday 10:10 PM,"Amazon <DATE_TIME> resolutions: 1) not to be greedy 2) care more about the customers. So, you're getting a $130 freebie for a survey !",English,others,"authority,need and greed",Amazon,,4563d20f0a743624,0.14948533932498842,0
4:53 PM,"IT'S MY PLEASURE TO PARTNER WITH YOU IN AN URGNT TRANSACTION FROM U,K TO INDIA. GET BACK TO ME VIA: <EMAIL_ADDRESS>",English,others,"kindness,time/urgency",,,af4be6765026ac4a,0.14950158245330858,0
11:43 PM,i will give you the wallet address now <CRYPTO>,English,others,,,,983b056e0904da7c,0.14951044758257165,0
Today 10:05 am,Mum I smashed my phone and I'm using a friends phone to message you their phone is about to die. Could you message me on my new number asap it's <PHONE_NUMBER> x,English,hey mum/dad,"kindness,time/urgency",,,3fe2efd463c269d8,0.14968789101400826,0
"Tuesday, 16 January 2018 12:06","Dear shopper, There is (1) package waiting for you! Check it here >>",English,delivery,time/urgency,,,f9928afec6a2dc6a,0.14977950130704232,0
2:02 pm,so pay now 8 thousand more and get 30 thousand rupees,English,others,need and greed,,,79a5d17592e6d025,0.14987356174493535,0
2022-11-12,"Hi Mum | smashed my phone and I'm using a friends phone to message you and phone is about to die Could you message me on WhatsApp, my new number is <PHONE_NUMBER>",English,hey mum/dad,"kindness,time/urgency",,,bf9e4d43e940113e,0.14999128266168282,0
"Tuesday, 31 August 2021 07:45",Nedbank:R11800_purchased_Luno_at_08:00_on_<URL><LOCATION>,English,banking,"authority,time/urgency",nedbank,,611607600d4a7df5,0.15063541818144818,0
"Saturday, 9 April 2022 14:39",<LOCATION> cemail: <URL> 6n,English,others,distraction,,,5227b124ba8d083c,0.15063541818144818,0
"Mar 8th, 2021","Hy, I saw your listing and i want to ask if it s still available: <URL>",English,wrong number,distraction,,,fa76a130f2c9242f,0.15074471734988631,0
"fre 17 apr. 2020, 15:04","Hello Mr <NAMED_ENTITY>, Contacting you in behalf of Mr ... <LOCATION> He has placed two orders and paid close to 1000 SEK and has still not recieved what be paid for. We hope to be hearing back from you ASP, otherwise we must take legal actions",English,others,"authority,time/urgency",mr cawly,,11f16d6ff216c1c3,0.1507654227243729,0
Today 10:30,Tracking Number-UK951490118 Sorry To Let You Know That Your Package Which Arrived On <DATE_TIME> Will Be Sent Back: <URL>,English,delivery,time/urgency,royal mail,,fcda2a37ce62e949,0.15103652118828076,0
Today 11:18 am,Tracking Number- UK951490118 Sorry To Let You Know That Your Package Which Arrived On <DATE_TIME> Will Be Sent Back: <URL>,English,delivery,"authority,time/urgency",royalmail,,1a5906d872424a60,0.15103652118828076,0
2:34 PM,ORDER #300849237SG. We need important in...,English,delivery,"distraction,time/urgency",,,97fb3d2463f0bd68,0.1510678836226022,0
,"Hello, the world's most professional ETH analyst, teach you to easily earn $200 a day Add me WhatsApp",English,others,"authority,need and greed",eth analyst,wa.me,442eb22703b15683,0.15111075465805135,0
9:00 AM,"Now you can receive 3 tasks. 1. [200Rs task] top up 140Rs, earn 100Rs, withdraw 300Rs 2. [500Rs task] recharge 350Rs, earn 250Rs, withdraw 750Rs 3. [1000Rs task] top up 690Rs, earn 500Rs, withdraw 1500Rs Tell me the salary task you want to choose! I will apply for you! You choose a task, you can get the task after the recharge is successful and you can withdraw immediately after completing it.",English,others,"distraction,need and greed",,,e75678ebade5b2f5,0.15132248199746284,0
"Nov 17th, 2021","Hello my name is <NAMED_ENTITY>, i will like to know if you still offer Granite Countertop Installation and do you accept credit card .SMS Message",English,wrong number,,,,58dab17287ce3124,0.15137197630181043,0
2023-01-05 00:00:00,"YOU FEDERAL RETURN WAS BANNED by the IRS. DON'T WORRY, we'll help you to Fix it, Click here",English,government,"authority,time/urgency",IRS,,71b3373dadb1e56f,0.15147286828072926,0
"4:00 pm, 14 Apr","Hi <NAMED_ENTITY>, It's <NAMED_ENTITY> from Victorian Liberal Leader <NAMED_ENTITY>'s team here. <NAMED_ENTITY> has asked me to check-in and ask how you're doing as our community recovers from <NAMED_ENTITY>. Are there any issues impacting your family at the moment that you think <NAMED_ENTITY> and the Liberal-National team should be focusing on?",English,government,"authority,kindness",victorian liberal leader michael obriens team,,b97046460bb63b74,0.15177729373598053,0
11:47,You need to pay a Import fee Fee: €1.90 Number of items: 1 Tracking number: AY836574839RE,English,delivery,"authority,time/urgency",,,31bdc54e4bece133,0.1518776935207945,0
Today 8:15 PM,CHARITY:Hello I am <NAMED_ENTITY>. I have charity foundation project that I would like you to handle. Please email me on (<EMAIL_ADDRESS>),English,others,kindness,,,7a0315cc08f817e2,0.15193374271651752,0
9:45 AM,"Hi Mr./Ms.(Certified) <NAMED_ENTITY> Urgently recruiting for part-time jobs, you can earn 3000-10000 Rs every day, add JAI Whatsappt: <URL> Tijara",English,others,"distraction,need and greed",flipkart,wa.me,7277b57af383e61e,0.1525070960279336,0
Today 11:08 AM,<NAMED_ENTITY> this side From AU SMALL FINANCE BANK. The problem was caused by a system error so kindly give me <DATE_TIME> to solve the problem.,English,banking,"authority,time/urgency",au small finance bank,,7132892d954bc03a,0.15251139496381866,0
10:12 AM,hey <NAMED_ENTITY> i'm town again I'm here for the holiday break we should definitely get together while i'm out here,English,others,,,,a282f39ee19c82a2,0.15266301880003125,0
"Saturday, 2 April 2022 14:31",You ha ve received a ne w v oicemail: <URL> wg,English,others,distraction,,,13b5175635a65e6d,0.15303860203479383,0
JUL 7 AT 1:44 PM,"Hello can I use one of your pictures as mural art, am currently on a project and you will be paid and credited for it?",English,others,,,,5bcbeabc2faac589,0.15305068292496027,0
28/04/2021 08:34:59,Article No:EQ340551353IN received @ <NAMED_ENTITY> SO on <DATE_TIME> @ <URL>,English,delivery,authority,indiapost,,2f7fab8fe2fec8a9,0.15321857064518915,0
20:44,You're bored. Does your mother know you're like this?,English,others,distraction,,,f924eda65ce9805f,0.1532385726073512,0
"10/1/22, 6:11PM","It's <NAMED_ENTITY>. YOU, <NAMED_ENTITY>, are the LAST donor I need to hit this <DATE_TIME> Goal. This is the biggest goal of <DATE_TIME>, don't let me down: <URL> stop=end",English,others,"herd,need and greed,time/urgency",,,864c91b4d1507ff4,0.15336152003057185,0
10:40 AM,Hi Mr./Ms.(Certified) <NAMED_ENTITY> urgently recruits Part/Full-time. Maximum <DATE_TIME> salary about 10000Rs. Accept Jobs on whatsapp. Click: <URL> TMD,English,others,"authority,distraction,need and greed",flipkart,wa.me,2773ea1b3d1835de,0.15368945782554227,0
25/09 12:13,From simunye cultural group my name is <NAMED_ENTITY> we need lunch for 60 people rice and chicken curry and beef stew 2 salad 2 veg and 60 variety drinks and still water you can fax quotation to <UK_NHS> or email to <EMAIL_ADDRESS>,English,others,distraction,,,7d69565630b9dd93,0.15379694723594722,0
6:38 PM,<NAMED_ENTITY> are you and your family prepared for the Corona Virus? this mask can be ur life line,English,others,distraction,,,fce3d61ccbd0d003,0.15385766982906773,0
Tue 13:25,Hi mum I'm using friends phone I've smashed mine and their phones low can you message my new number please 075********* x,English,hey mum/dad,kindness,,,1bbc7b7556102854,0.15387204762438353,0
17:48,Hi mum I'm using friends phone I've smashed mine and their phones low can you message my new number please <DATE_TIME> x,English,hey mum/dad,kindness,,,a8691b959ebf7273,0.15387204762438353,0
Tue 13:25,Hi mum I'm using friends phone I've smashed mine and their phones low can you message my new number please 075XXXXXX x,English,hey mum/dad,kindness,,,5c6c1c06d1f86ec3,0.15387204762438353,0
Today 11:28 AM,Who is this if I don't know you please stop texting me before I report it to the police My name is <NAMED_ENTITY> isn't this <NAMED_ENTITY>'s new number? No you have the wrong number Sorry maybe I saved a wrong number hope my carelessness didn't bother you No it didn't I just get a lot of spam text messages and often times I have to threaten them to get them to leave me alone Thank you for your understanding and kindness if you don't mind may I know your name What do you want to do with my name?,English,wrong number,kindness,,,faecff3e49de8e87,0.1540622717157805,0
AUG 5 AT 2:22 AM,"Hello! We need extra hands in our team to meet up with our clients demand. Therefore, we'll like you to join us as a Purchasing Agent. You'll be working remotely and be compensated with $600 <DATE_TIME>. Why not visit <URL> to learn more about this offer!",English,others,"distraction,need and greed",,,7e1e1baf98bbb42f,0.15411343627844074,0
Today 18:42,A new payee was added if this was not you:<URL> . Visit and resolve AXCB,English,banking,"authority,time/urgency",axcb,,b2a32f92bc05b077,0.1542110159551883,0
"Fri, Oct 20 at 3:01 PM","HELLO ! THIS IS <NAMED_ENTITY> WITH STG AUTO GROUP . WE ARE HAVING AMAZING SALES <DATE_TIME> ! COME IN & TAKE ADVANTAGE ! CAN WE EXPECT A VISIT FROM YOU TODAY OR <DATE_TIME> ? 8625 ARTESIA BLVD, BELLFLOWER CA 90706",English,others,"herd,need and greed",stg auto group,,497ab66268da495e,0.15505308497230424,0
"Today, 16:13",I'll call you later.,English,others,,,,46c7afbc47d04036,0.1550812649557929,0
"Wednesday, Apr 5 • 7:41 AM","Hello there, it's been some time since our last conversation. Would it be possible for you to drop by the office <DATE_TIME>? I'd love to catch up and discuss some important matters with you",English,wrong number,,,,58218ebc56bab1a0,0.1556270179181056,0
04:25,Do you wish to proceed with this Phone Number - ? 1. Yes 2. No,English,telecom,"authority,time/urgency",,,b65c7c8d70042cee,0.15566881246470143,0
12:09 pm,voting still on,English,others,,,,9fdf297ca5d8abeb,0.15580645575448723,0
,I'm sorry to have bothered you and if no one has told you before please keep a clear head every day no matter what comes your way.,English,wrong number,,,,f3c61aa9378377b1,0.15589939649495999,0
"Fri, Jul 23, 8:52 pm","Hello, i need you to pick up my wife and it seems that am unable to connect you via the app. Do you have a phone number she can call you On, if you do, kindly send it. she doesn't have Uber on her phone, so I'm requesting on her behalf, can I have a phone number she can reach you are you there can I have your phone number",English,others,"distraction,kindness",,,fe4b3aaead3e9a70,0.1559613176296357,0
4-3 5:59 PM,"Dear sir/mam I M a spotter, choose ur profile for home based/office based task. Get 9000/day enjoy <URL>",English,others,"need and greed,time/urgency",,wa.me,fb8db367c817d05d,0.1564156820004477,0
2023-10-10T12:44:00,"Hi, this is Sergeant <NAMED_ENTITY> with the Air Force recruiting office in <LOCATION>. I received information that you are interested in joining with the Air Force, is this correct?",English,others,authority,air force,,a94913d45c5f5b8d,0.15642729266628816,0
20:05,(WellsFargo) <URL> Request Identity! SuspiciousAccountLocked041,English,banking,"authority,time/urgency",wellsfargo,tiny.cc,f8c012db1382c284,0.15656479752293787,0
13:59,Using a capital 'i' instead of a lower case l,English,others,,,,cd03a2d6d5e73698,0.15662458828536896,0
Today 5:01 PM,We are thinking of implementing an Employee Incentive Program to show our staffs we care about them so we would like to surprise them and put a smile on their faces for <DATE_TIME>. Can you make a quick store run?,English,others,"distraction,kindness",,,c5772bff729408a1,0.15712694773967747,0
Sun 11:41AM,"single lady want a man 4 fun & serious relationship,Meet4Click-Here <URL>..",English,others,need and greed,,,c7758346a9603078,0.15723003579896447,0
5:19 PM,Are you OK? Here's with work I just wanted this song Call Mmm mmm D C Xx,English,others,,,,f57a7e0668219d61,0.1575721654294771,0
Today 16:36,"Hi <NAMED_ENTITY> this is me <NAMED_ENTITY>, when you see this message please text me back. I need to talk to you. Hi <NAMED_ENTITY>, this is me <NAMED_ENTITY> again. You there? Wait <DATE_TIME> so you're not <NAMED_ENTITY> who live in <LOCATION>? I'm so sorry for bothering you, I thought you're <NAMED_ENTITY> from <LOCATION>. Is it appropriate to know who you are?",English,wrong number,distraction,,,e21350146fd7c0a4,0.1576379804924089,0
3:12 PM,"Hi RapidX urgently recruiting for part-time jobs, you can earn 3000-10000 Rs every day, add Whatsapp: <URL> <NAMED_ENTITY>",English,others,"distraction,kindness,need and greed",rapidx,wa.me,0885fc6b0d34a8aa,0.15768045377223977,0
"Tuesday, 21 September 2021 11:13 am","Hi (<NAMED_ENTITY>) Amazon urgently recruiting for part-time jobs, you can earn 3000-10000 Rs every day, add Whatsapp: <URL>",English,others,"authority,need and greed",Amazon,wa.me,9027e77402bb8d2f,0.15768045377223977,0
3:07 pm,"Hi (<NAMED_ENTITY>) Amazon urgently recruiting for part-time jobs, you can earn 3000-10000 Rs every day, add Whatsapp: <URL> -Bbis",English,others,"authority,distraction,need and greed,time/urgency",Amazon,wa.me,35dc88b9956f208b,0.15768045377223977,0
Saturday 12:23 pm,"You need to get tested for Gonorrhea and chlamydia ASAP We suspect you will test positive to gonorrhea Just go to your 9p, sexual health clinic or family planning NSW. May I ask when last test was done???? When was the last time you left <LOCATION> also No overseas travel in <DATE_TIME> You can not work without the test results for this last contact. If you willing expose someone to infection you will be charged.",English,government,"authority,distraction,time/urgency",,,3ac7b78e91bc44ae,0.15778017495658794,0
"May 3rd, 2021",Hope you still have this house available on facebook because i really want it so bad! http,English,wrong number,,,,3024e9a1c8b24461,0.15798633343781532,0
1:38 PM,PROFIT WITHOUT RISK INVEST WITH AUTOTRADIN...,English,others,need and greed,,,163d650a7e2f4e14,0.15813292610488294,0
9:50 PM,"I have matter to discuss with you, <NAMED_ENTITY> me here ( <EMAIL_ADDRESS> )",English,others,distraction,,,a80885ca3af28669,0.15817411064139109,0
,"<NAMED_ENTITY>, we've made some changes to Lets take a look. <URL>",English,others,"distraction,time/urgency",,tinyurl.com,8e1c84aa2f00070a,0.15841603507603075,0
"Sat, May 27 at 6:45 PM","Hi Camillearielle. According to the CDC, gun violence is the leading cause of death for children & teens in <LOCATION>. <DATE_TIME>, young people are facing threats of mass shootings in schools and neighborhood parks and streets. We must do better! While President <NAMED_ENTITY> has taken more executive action to reduce gun violence than any other president, <NRP> in Congress refuse to act.",English,others,,cdc,,37b5ee76dadb0a82,0.1584949930681597,0
11:30 AM,<US_DRIVER_LICENSE> is Survey Registration Number for survey you are filling. WE NEVER CHARGE FOR SENDING YOU SURVEYS. BEWARE OF CHEATS ASKING MONEY IN THE NAME OF CROWNIT.,English,others,authority,crownit,,5ac7cf015cfd6221,0.1584974051086791,0
Yesterday • 4:17 PM,Don't miss the Election Buzz! Get Rs22 CASHBACK in DishTV a/c on recharge of <URL>ter recharge give MissedCall <NAMED_ENTITY> on <PHONE_NUMBER> within <DATE_TIME>.T&C,English,telecom,"authority,need and greed,time/urgency",dishtv,,d61cc07736010d59,0.15851067603614816,0
09/09/21 10:00,Sry sir for delay router <DATE_TIME> <NAMED_ENTITY>I already took new connection You simply process and refund my amount <NAMED_ENTITY> sa coenction Ap liya That is not your problem,English,others,distraction,,,eca8ba7ac852d6e6,0.15860018374209417,0
Today 7:17 PM,"Hiya , can you drive around with our logo and make fair income <DATE_TIME> ? for more info say ""Yes""",English,others,"distraction,need and greed",,,4b92cca6af48a18e,0.1586027922880765,0
5:34 AM,UncleGeorge <URL>,English,others,,instagram,,a7a42a96bbe59085,0.15861481950075926,0
Yesterday 8:52 AM,<URL> AvOIl6Y,English,others,,,rebrand.ly,8c11a96cf02a3e84,0.15861481950075926,0
Today 12:34,<US_DRIVER_LICENSE>: <URL>,English,telecom,authority,O2,,4c0c866e5a71df99,0.15861481950075926,0
Bugün 09:39,<URL> <US_DRIVER_LICENSE>,English,others,,,,ccff75b98a0f4434,0.15861481950075926,0
"Wednesday, December 8, 2021 · 2:41 PM",<NAMED_ENTITY><URL>,English,others,,,,6da3772ef99fbd81,0.15861481950075926,0
"Wednesday, Dec 14, 2022 • 12:08 PM",<URL>,English,others,,,,a0489c98f6d3133a,0.15861481950075926,0
Today 7:15 PM,<URL> <URL> <URL>,English,others,,,,f528eb00edfc519a,0.15861481950075926,0
samedi 12 nov. • 13:29,<URL> hotline: <US_BANK_NUMBER> <URL> hotline: <US_BANK_NUMBER> <URL> hotline: <US_BANK_NUMBER>,English,others,,,,56b10b528040d77c,0.15861481950075926,0
09:54,Repayment <URL>,English,others,,amlacredit,,558f452a927ec7d8,0.15861481950075926,0
11:57 pm,¶01s0nn <URL> Th3P01s0nn=<US_DRIVER_LICENSE>...,English,others,,,,c049f6f8d20f147a,0.15861481950075926,0
"Saturday, March 19, 2022 9:03 AM",<URL> br7ca2,English,others,,,,b4278a2f79cc6f5f,0.15861481950075926,0
20:01,<NAMED_ENTITY> <URL> <NAMED_ENTITY>...,English,wrong number,,,,7cdbf9eff40bd407,0.15861481950075926,0
7:23 AM,(*B0fA Alert96542 <URL> .) 07367,English,banking,"authority,time/urgency",Bank of America,,54a57516ddf75bba,0.15861481950075926,0
Today 6:00 PM,"Hi <NAMED_ENTITY>, I'm on a conference call meeting right now, can't talk on phone but let me know if you got this text. <NAMED_ENTITY>. Thank you.",English,wrong number,distraction,,,81b5256524470d36,0.15868916309010767,0
5:04 PM,"Hello I'm sorry, I sent you a 6-digit code by SMS by mistake. Can you transfer it to me? It's urgent📩📷?",English,others,"distraction,kindness,time/urgency",,,0db8a7defa94f3e4,0.15876211324970682,0
55m ago,Can you please send me 250? brought the wrong card with me to the petrol station. Send it back to you <DATE_TIME>. BSB: 812 812 ACC: 345 130,English,others,kindness,,,5a6edd2b43c197a6,0.15880591152789794,0
Today 1:39 PM,"(<NAMED_ENTITY>) You federal return was ban-by the <URL>n't worry,we'll help you to Fix it,tap here>",English,government,"authority,time/urgency",IRS,,341d9267f5cb19ca,0.1588136834533505,0
06:09,"Thank you,replay with the word (acceptance),date and time of when you like to be interview to 37587",English,others,"distraction,time/urgency",,,8f806232c0328bed,0.15899655265847742,0
April 18 2023 11:53 AM,Hello Nice to meet you. Can I take <DATE_TIME> of your time? I saw your CV on the job recruitment website. Are you still looking for a job? Are you still looking for a job?,English,others,"distraction,need and greed",,,9429a912136dec26,0.15905723596889929,0
Today 10:13 AM,Hi HainesI’m on a conference call meeting right nowcan’t talk on phone but let me know if you receive my <URL><NAMED_ENTITY>.,English,wrong number,,,,9b87431fe3a3f34f,0.15909756839159386,0
Today 13:21,Can you please send me 150? brought the wrong card with me to the petrol station. Send it back to you <DATE_TIME>. BSB:306 453 ACC:<PHONE_NUMBER>,English,others,kindness,,,e636487109192e42,0.15911047961600622,0
Today 5:30 pm,Can you please send me 150? brought the wrong card with me to the petrol station. Send it back to you <DATE_TIME>. BSB: Acc: 506 349,English,others,kindness,,,a7d6109fbcebbafe,0.15911047961600622,0
13:15,I'll call you right back. I'll call you right back.,English,others,,,,0502b00a3ad1908b,0.15925401638682857,0
"Saturday, 13 June, 2020 9:10 AM",Accept incoming transaction,English,others,,,bit.ly,2cbf0b67d3085d90,0.15928772234982036,0
"Jan 13th, 2022","Hi, my name is <NAMED_ENTITY> My son, saw this house on your fb real estate page",English,wrong number,,,,bcf54b1678378b3b,0.15952301324816226,0
"Sep 29th, 2022","Hi, my name is <NAMED_ENTITY>. My son, saw this house on your fb real estate page",English,wrong number,,,,7c92d5846aad5f45,0.15952301324816226,0
18:04,"(<NAMED_ENTITY>) Amaz0n urgently recruiting for part-time jobs, you can get <PHONE_NUMBER> Rs every day, add <URL> -SPT",English,others,"authority,need and greed,time/urgency",Amazon,wa.me,0764548d07fd6636,0.15963238986250508,0
Today 8:00 pm,You'll get @ your package <DATE_TIME>!,English,delivery,,,,4851a7db1a08df05,0.15967662496806395,0
17:33,Hello' I am sorry I sent you a my 6 digit code by SMS by mistake can you pass it to me please ? it is urgent,English,others,"distraction,kindness,time/urgency",,,72e69b900638fbd3,0.15994812001903994,0
Today 5:39 PM,"Could you partner with me in supply of raw materials from <LOCATION>? For more details, pls e-mail me Via: <EMAIL_ADDRESS>",English,others,"distraction,kindness",,,0179245ff5968bb9,0.15999610940427858,0
"Oct 22, 2021 at 9:15 AM",Lots of students just joined Georgia State University's official community on ZeeMee. The group chat is wild! Come check it out!,English,others,herd,georgia state university,,1374caf71784a029,0.16003070402094702,0
"Mon, Sep 26 at 12:45 PM","Hii... I am <LOCATION> from Techlink system's I am having A position as a CHEMIST on <US_DRIVER_LICENSE> Location: <LOCATION>, CA please let me know .. whether you are interested in this position or not Thank you <LOCATION>",English,others,,techlink system,,f4e740671bf172c1,0.16018455820503497,0
8-8 11:33 AM,"<URL>.11302 SBC-CSMT UDYAN EXP WILL BE SHORT TERMINATED AT SOLAPUR <URL>AIN WILL NOT TOUCH STNS:KWV,DD,URIPUNE,LNL,KYN,<LOCATION>,<URL>OM <DATE_TIME> TO <DATE_TIME>",English,others,time/urgency,,,7f3cd744c55c9a27,0.1604613185308107,0
"6/23/22, 9:13 AM",look i found an old photo of you 😂😂,English,wrong number,,,,25bd9f0c616cffeb,0.16066172510711535,0
4:45 PM,"Hello, I'm sorry, I sent you a 6-digit code by SMS by mistake, can you pass it to m...",English,others,kindness,,,4a366b0e45995201,0.16127646145660088,0
"Saturday, 23 July 2022 1:06 pm","LINkt go: Please pay the road toll in time, late will affect your normal passage",English,government,"distraction,time/urgency",,,71b84dd302f94182,0.1618227288368269,0
"Jul 30, 2020, 11:15 AM","Good day! I'm . <NAMED_ENTITY> we are offering *cash loan 50k-2m w/ easy to process & with fast , NO COLLATERAL NO COMAKER NO PROCEEDING FEE NO GUARANTOR GET THE CASH YOU NEED FOR AS LOW AS 1.39% INTEREST! PAYMENT TERMS FOR <DATE_TIME>. ASK ME HOW.",English,banking,"distraction,need and greed,time/urgency",,,33ceaed918dbbc5c,0.1619519105233355,0
15:27,"I've been meaning to get in touch with you for a while, but haven't found a reason.",English,others,,,,1e579848bb1f76ec,0.162492755832385,0
SEP 8 AT 8:37 AM,"Hello ,I’d love to use one of your picture to be the face of my artwork project and you will be getting credit for this and you will totally get paid for it",English,others,need and greed,,,6ac263a4f7196309,0.1625239558875241,0
3-2 12:41,If you completed your payment proces so informe me ok mr,English,others,distraction,,,7544ba68d93dcaf3,0.16279088162250102,0
Today 11:53 AM,"Hi name is <NAMED_ENTITY>, I'm looking to see this house <URL> I’m very interested! Ty",English,others,distraction,,,deda1749ec2e6bf2,0.16282419574696116,0
,"Hi, I just lost my bank card may you please eWallet <US_DRIVER_LICENSE>, I will repay you <DATE_TIME>",English,others,kindness,,,306863de54b490d4,0.16298455689387992,0
,"NEGATE FRAUD RELATED CHARGEBACKS, SIMPLIFY PCI DSS COMPLIANCE,REDUCE PROCESSING COSTS, GET PAID QUICKER.",English,others,"distraction,need and greed",,,472ca257058825c4,0.1630355138228156,0
Today 3:19 pm,Hi mum I've just damaged my phone and can't use it anymore could you please message my new number on Whats-App it's urgent <DATE_TIME>,English,hey mum/dad,"kindness,time/urgency",,,cab8ca6ff1636b00,0.16316992285560672,0
03/16/2023 9:01 AM,hope I did not offend you with this message need a very small help from you I need xbox game pass code if u don't mind with that ❤️,English,others,"dishonesty,kindness",,,dd592a6fa630aafb,0.16319239589597082,0
1:45 pm,hlw brother after payment send me your number which I refund you my brother,English,others,kindness,,,e757731494b38884,0.1633586598121349,0
"11:31 am, Thursday, 23 July 2020",CANCEL 9879****,English,others,,,,8881e38f3eaeb8d0,0.16344042551344992,0
Today 4:17 PM,"Hi what are you up to <DATE_TIME>, any plans? I'll be here, if you want to chat:<URL>",English,wrong number,,,,8c5fc64ffc24f21a,0.16375322734535183,0
17:27,Hi Dad Whose this? It's your eldest and favourite child. X Hmm I have an eldest child and I have a favourite child!! X Yes x,English,hey mum/dad,kindness,,,14b0d403136e0612,0.1639557763453364,0
Saturday 1:30 PM,"Hey [redacted] – I’m a member of this group called Needed Conversations, you should join. Say hi in the chat and join our hangout.",English,others,"herd,kindness",needed conversations,,3c1526b1235f9eff,0.16414002099667901,0
"Apr 10th, 2021",I am <NAMED_ENTITY> is still available? https,English,wrong number,,,,263fd06266526e83,0.16427318394814996,0
7:50 pm,They are asking for 25k of recharge,English,others,"distraction,need and greed",,,f55c9576d9556831,0.16487365361323106,0
"Sep 21, 2022 at 11:44 AM",Jamba Juice drink refund. $5.00 back on all orders you've already purchased! Hope you saved the receipts!,English,others,need and greed,jamba juice,,0a78cd1680f828df,0.16488035048670677,0
"Oct 9th, 2021",Sorry To Let You Know That Your Package Which Arrived On <DATE_TIME> <NAMED_ENTITY> Back.,English,delivery,,,,0368f9cb1173e8fb,0.164998259703151,0
20:00,"<DATE_TIME> is the official launch of the new company, I hope you can spare your precious time and can attend the opening ceremony of our company.",English,others,distraction,,,32faf29908336148,0.16499844252507287,0
"Jun 8th, 2021","Vlad, Adventure club got items you asked https",English,others,,,tinyurl.com,ae8f806e68b1ab86,0.16512927281165735,0
11:59 AM,Incoming transaction pending,English,banking,time/urgency,,bit.ly,bba5c6a0d8f74094,0.16531598101809203,0
"Jun 12th, 2021","Hello, my name is <NAMED_ENTITY>. My son, saw this house on your fb real estate page",English,wrong number,,,,4b4698fa61324076,0.16535690246050574,0
"Sun, Feb 5 at 11:27 AM","Hi, <NAMED_ENTITY> Let me know if you receive this text. Thanks <NAMED_ENTITY> (CEO) TCWGlobal.",English,wrong number,authority,tcwglobal,,a20d615e649e9ad7,0.1653839577052678,0
"Mon, Oct 2 at 9:31PM","Hi <NAMED_ENTITY>. I’m <NAMED_ENTITY>, landlord to the property in <LOCATION>, # 1863, <LOCATION>, <LOCATION>. It’s a 2beds and 1bath apartment with a <DATE_TIME> rent of $900 and a security deposit fee of $600 which makes it a total sum of $1,500 for <DATE_TIME> move in cost.",English,others,,,,d67a64cf8203ab33,0.16552404846718222,0
"Saturday, 18 July 2020 1:06 am",The Wait is OVER 9Satu8 is back original Try Now wS: <US_BANK_NUMBER>,English,others,,,,5bb1952f3abd49c7,0.16558988098809885,0
"28 June 2022, 09:50","Hi <NAMED_ENTITY>, your shipment was delivered <DATE_TIME> to the drop-off point. View where you can pick-up your parcel here: <URL>",English,delivery,"authority,time/urgency",,,e46e4238b0bea83a,0.16564884144205447,0
25 Apr 19,lakh by completing <LOCATION>...,English,others,need and greed,ola,,7e2977be6abed6a8,0.1660934688110607,0
9:27 AM,<LOCATION>: shipment <DATE_TIME> notice: sent. Review:,English,delivery,,fedex,,1629b3d5c7e87506,0.16643682613399277,0
Thursday 9 March 09:21,Hi dad my phones broken on a friends so please message my new number on WhatsApp when you get this <DATE_TIME>,English,hey mum/dad,kindness,,,06941a5c840d37ed,0.16646642797793992,0
Today 1:27 pm,Hey <NAMED_ENTITY> It was planned to arrive for you <DATE_TIME> >>>,English,delivery,time/urgency,,,83e0b4a16076769b,0.16656333269181095,0
"Nov 6, 2018 at 11:00 AM","Hi <NAMED_ENTITY>, it's Jessica w/ NextGen CA. <DATE_TIME> is <DATE_TIME>! Polling places will be open <DATE_TIME> and you can find your polling place here: <URL> Have you voted yet?",English,others,"authority,distraction,time/urgency",nextgen ca,,025fb6a339712aac,0.16656608383178567,0
"Mon, Nov 7 at 11:55 AM","Hi, I am following up on getting your company approved for business financing of $100k + <DATE_TIME>. Please let me know when we can discuss this.",English,others,"need and greed,time/urgency",,,94d2e42dc5791771,0.16664415654905407,0
20:32,<NAMED_ENTITY> website:<URL> Account:Adam1986 Password:1986Adam Balance: <US_DRIVER_LICENSE>.66USDT help me manage thanks,English,others,,,,11b60e63c5460536,0.1667594358200538,0
0:02,It would interest me if you could partner with me in a deal with me?. Please contact me on my email ID: <EMAIL_ADDRESS>,English,others,kindness,,,201e191c15c09867,0.1669378439874007,0
09-08-2021 14:30,"1st Dose appointment Health Facility: Kolej Kemahiran Tinggi MARA Ledang, HCO A Vaccination Location: Kolej Kemahiran <NAMED_ENTITY>, Mukim Serom 4 &5 Date: <DATE_TIME> Time: <DATE_TIME> Digital Consent: Yes",English,others,,,,735dad8c50d47108,0.1669428651447308,0
2:34 PM,Dear Candidate Mail ID:- <EMAIL_ADDRESS> HR TEAM <NAMED_ENTITY>,English,others,authority,indigo airlines,,2f604628f484487e,0.1672002382053273,0
18:57,I'm need 5k for urgently I'll refund yu <DATE_TIME> kindly,English,others,"kindness,time/urgency",,,792c8be476db0033,0.16722654917476792,0
"dom, jul. 16 5:19 p. m.","MSG_ID984196:IRS You federal return was ban-by the <URL>n't worry,we'll help you fix it. Click this link> // <URL>",English,government,"authority,need and greed,time/urgency",IRS,,f7e11cf1bbae26ce,0.16723287746269816,0
Friday 13:45,Mum i lost my phone and wallet. I am at a phone shop at the moment. Currently using my friend <NAMED_ENTITY>'s phone. whatsapp or text me asap on <NAMED_ENTITY>,English,hey mum/dad,"kindness,time/urgency",,,ba47c5efb50a6b7e,0.16761450772119296,0
"Today, 1:32 PM","Pickup Failed: Unfortunately, we were unable to pick up your Nike Sports Shoes on <DATE_TIME>. We apologize for the delay as we are facing some operational constraints. We'll come again & pick it up. Click to give feedback: <URL> - Team Myntra.",English,delivery,"authority,distraction",myntra,,5c152a305825785e,0.16766589306343177,0
Today 9:08 AM,"Dear <NAMED_ENTITY>, as YOU turn a New Year, may joy, peace and fulfillment be yours in all you do. Happy Birthday from ALL of us @ FBNInsurance.",English,others,authority,fbninsurance,,04d0a8d06ff982d7,0.16784794141597234,0
4:38 PM,"Dear Sir <NAMED_ENTITY> urgently recruiting for part-time jobs, you can earn 3000-10000 Rs every day, add Whatsapp: <URL>",English,others,"authority,distraction,need and greed",Amazon,wa.me,9b1aa8b2d0d5ee46,0.16795428291293926,0
11:36 AM,"Dear sir(Anjana) Amazon urgently recruiting for part-time jobs, you can earn 3000-10000 Rs every day, add Whatsapp: <URL>",English,others,"need and greed,time/urgency",Amazon,wa.me,c98b9c65ef30eeb5,0.16795428291293926,0
"10:05 AM, May 31",You've passed our screening and we'd like to set up an in-person interview. It looks like the calendar is full so I will reach out when I have availability for you to choose from.,English,others,authority,,,107438c4a493e695,0.16825022070987225,0
"Sat, 02/12/2017 2:35 PM",There is a package waiting for confirmation! - <URL>,English,delivery,time/urgency,,bit.ly,906d6db2bfc7f31f,0.16825028639132658,0
,"Wow! Astonishingly, first these fraudsters call you and when you catch their lie, they start abusing you",English,others,"dishonesty,distraction",,,3de79d7712c68daf,0.16832769731423444,0
आज़ 11:36,Add Suresh <NAMED_ENTITY> on your Whatsapp group and be a part of The Great Indian Cricket Family. Save his number <US_DRIVER_LICENSE> . send Hi and start chatting with him,English,others,"distraction,need and greed,time/urgency",,,6e83f81811c400f7,0.16913002795778082,0
"06:13, Saturday, 17 October",LIST@2_2_9_0_5 received,English,others,,,,ba5e049f23234cb5,0.16918319248325062,0
13:18,"To move this conversation out of 'Spam and blocked' and get messages again, unblock <PHONE_NUMBER>",English,others,distraction,,,f6080b37ed14a47d,0.16935268853732602,0
10:54 AM,"(MOSRWL) Amazon urgently recruiting for part-time jobs, you can earn <PHONE_NUMBER> Rs every day, add Whatsapp:",English,others,"authority,distraction,need and greed",Amazon,wa.me,6c237d62267dbbee,0.16935791581150172,0
"Today, 12:15 PM","Few <URL>-CSE seats are left in SRM University, <LOCATION> under Mgt Quota Assured Admission in main Campus India No 1 university 100% Placement Ph- <PHONE_NUMBER>",English,others,"authority,need and greed",srm university,,dfefc3b7abdb87c5,0.16936365962150304,0
4:05 PM,Your verification OTP is 3811. It will expire in the next 8,English,others,time/urgency,,,42b81640f2b426ad,0.1694875146849408,0
"Wednesday, 11 November 2020 14:36",SBUPConfidential: share if asked!CnS5cNDmiB9eFfV3QSiPJ5yS561ScNlb1QZJKfkFwebYY29m2oMAbuXQmFfqVK0U%21ed99400a90aabad8b99edee1797fda3c,English,others,dishonesty,,,d6477b1a8482b0d2,0.16988808752288834,0
"Wednesday, 11 November 2020 14:36",SBUPConfidential: share if asked!CnS5cNDmiB9eFfV3QSiPJ5yS561ScNlb1QZJKfkFweXY29m2oMAbuXQmFfqVK0U%21ed99400a90aabad8b99ede1797fda3c,English,others,,,,a172629dc7a78c3b,0.16988808752288834,0
09:32,SBIUPI Confidential:<NRP> share if asked!eUTZ1Y16ZSRicYBeqAT0GNP6dmjPzLEixsiMDLOXliv3%2FshpMQL3RnsuOlcK0ds%218fcf848ef22ddd34ee7bb356bbc19359,English,banking,"authority,distraction,time/urgency",State Bank of India,,fcbaaabab5398836,0.16988808752288834,0
12:17,We have got another 1000GB to be Shared <DATE_TIME> am selling Heist data for Safaricom without expiry 10GB at 250KSH 20<LOCATION> at 350KSH 20<LOCATION> at 450KSH 60GB at 550KSH 80<LOCATION> at 850KSH 100<LOCATION> at 1000KSH if interested inbox me on WhatsApp ASAP.,English,telecom,"distraction,need and greed,time/urgency",safaricom,,aad8840812af50f5,0.16997724462717106,0
2021-11-21,DID YOU ATTEMPT A PURCHASE FOR THE AMOUNT OF $298.88 AT WALMART #<US_DRIVER_LICENSE> IN COLOMBUS OH JUST NOW ? RELPY (Y) FOR YES OR (N) FOR NO.,English,banking,"authority,time/urgency",walmart,,8f412d6724c5f8cb,0.17004086679647915,0
"Saturday, August 15, 2020 1:18 PM","Hello <NAMED_ENTITY>! It's <NAMED_ENTITY> from Forward Florida Action! We want to invite you to register to vote online. Together, we can restore decency and elect competent leaders. Will you register?",English,others,need and greed,forward florida action,,a79142d74fc6eea0,0.1703672637083115,0
12:58,"PORT <PHONE_NUMBER> Not sent, tap to try again. • via airtel PORT <PHONE_NUMBER> Not sent, tap to try again. • via airtel Port <PHONE_NUMBER> Not sent, tap to try again. • via airtel PORT <PHONE_NUMBER> Not sent, tap to try again. • via airtel PORT8179862045 Not sent, tap to try again. • via airtel PORT8179862044 Not sent, tap to try again. • via airtel PORT <PHONE_NUMBER> Not sent, tap to try again. • via airtel PORT8179862044 Not sent, tap to try again. • via airtel PORT <PHONE_NUMBER> Not sent, tap to try again. • via airtel PORT <PHONE_NUMBER> Not sent, tap to try again. • via airtel PORT <PHONE_NUMBER>",English,telecom,"authority,distraction",Airtel,,d7274af5d5a422d2,0.17068410887741256,0
21:03,"heey, how u been? <NAMED_ENTITY> mentioned you are getting into the crypto game, it has been good for me. so here is link <NAMED_ENTITY> told u about <URL>",English,others,"distraction,herd,need and greed",bitcoins-fx,,fbae76ff30475a84,0.17081142937353663,0
7:50 AM,Hello friend Did you have something like this for sale ?,English,others,,,,c94c844fd0bf86c9,0.17093827362172637,0
09:41,Hello it is me. Your friend. I am stuck and need help with shipping your holiday present. Can you please help me? Umm this is weird. How do I know it's really you? No it's for sure me. I just need you to send me $25 at the link below.,English,others,"kindness,need and greed",,,0313a1218f11ff2d,0.17111111919082087,0
"Sep 10, 2022 at 7:35 PM",You.r pa.yment for <URL>.t was receive.d. Thank yo.u! her.e is a small r.e Ward for yo.u:,English,others,need and greed,,,15be12056007a4a9,0.1714367678027494,0
,Hello it's your boss. I need you to go out and buy 37 iTunes gift cards RIGHT NOW. It's for a client. And it is urgent. When you get them please scratch off the numbers and send them to me.,English,others,"authority,time/urgency",,,27317a6cedabf1a9,0.17149845293159352,0
6:56 PM,"Hi, Application <URL>XX841 is generated on <DATE_TIME>. Verify here all details and Get the benefits <URL> Hi, Application <URL>XX841 is generated on <DATE_TIME>. Verify here all details and Get the benefits <URL>",English,others,time/urgency,,,bc551f191905a504,0.17164292261147618,0
12:49 pm,"HDFC LIEE INSURANCE Policy holder name- Mr. <NRP> jain Policy no-<US_DRIVER_LICENSE> Plan name- classic assure plus plan Policy issue date-31march <DATE_TIME> Policy term- <DATE_TIME> Premium paying term- <DATE_TIME> Premium - 50k/year N.A.V- 1,74,520 Relationship Manager-Mr. <NAMED_ENTITY> bedi-<PHONE_NUMBER>",English,banking,authority,HDFC Bank,,982b242db28e2925,0.1716501286054238,0
Thursday 15 December 04:13,Hey mum using friends phone cos my phone smashed. can u message my temp number on whatsap its urgent <PHONE_NUMBER> please x,English,hey mum/dad,"kindness,time/urgency",,,fc195cc233421c58,0.17169825735343755,0
Thursday 15 December 04:13,Hey mum using friends phone cos my phone smashed. can u message my temp number on whastapp its urgent <PHONE_NUMBER> please x,English,hey mum/dad,"kindness,time/urgency",,,db22e45c7b6eeeea,0.17169825735343755,0
"Jun 8th, 2021","Hi.<NAMED_ENTITY>, I saw the property listed on Facebook https",English,wrong number,,,bit.ly,c80212b63406544b,0.1717192935745758,0
4:03 PM,"Govt Approved 4G/5G towers in your Plot, house spare space 30000 rent+ advance + insurance+ job",English,others,"authority,need and greed",,,55aefdc1ca1553bc,0.17189218293083872,0
Now 2,fraud : <URL>,English,delivery,"authority,time/urgency",Amazon,,350a426388f6d329,0.17209862102441753,0
"Mon, Apr 24, 9:17 AM",Hello. I'm <NAMED_ENTITY>. Just found your house in the neighborhood and thought of reaching out to you re: a sale for it. Any interest?,English,wrong number,,,,4484ae9c4d3489a0,0.1721766745660937,0
,<NAMED_ENTITY> is the <NAMED_ENTITY> for you transaction of INR XXXX at <NAMED_ENTITY>. Do not share it with anyone.,English,banking,"authority,time/urgency",,,15e5b4d0f0309dc4,0.17225328259781664,0
"Apr 13th, 2021","Hi, I'm interested in your ad when we can meet to see this property? https",English,wrong number,,,,ec7868cd387eb0f3,0.1722676826977401,0
Today 10:42 am,Hello <NAMED_ENTITY>/Dad this is my new number. Would you like to save it please?,English,hey mum/dad,kindness,,,289d66cf5aa29283,0.1722783971819713,0
09/06/2023 12:21 AM,Please can i get an explanation on how you guys always remove 200 in every of my credit alert,English,others,,,,8294782594221251,0.17233119679231315,0
"Oct 19, 2022, 17:47","Hello <EMAIL_ADDRESS>, You've got 2 recent notifications from Twitter Verified",English,others,authority,twitter,,24d1d29698209e15,0.17235439236102454,0
19:25,"Hello, I'd like to ask about the part-time job opportunity with 800-1000 EGP a day?",English,others,need and greed,,,f86bb08521e1c6f9,0.17274913292833644,0
"Sunday, Jan 9, 2022 • 03:20",<EMAIL_ADDRESS> created this group MMS with you and 19 others,English,others,,,,d948b545144985a1,0.1729079605048648,0
Saturday 10 February 2018 10:03,"Interview:Advertiser.12 <DATE_TIME>, 9:10am@ 206 church str.FNB Building PRETORIA CBD(church square)4'th floor:<URL>ings CV!Enq <PHONE_NUMBER>(SELK9)",English,others,"authority,time/urgency",fnb building,,87eb28052b800ecc,0.17298926650389002,0
Yesterday • 6:19 pm,"(<NAMED_ENTITY>) Amazon urgently recruiting for part-time jobs, you can earn 3000-10000 Rs every day, add Whatsappt: <URL>",English,others,"authority,distraction,need and greed",Amazon,wa.me,0c766259426af7f2,0.17299785378563265,0
"Saturday, 7 August 2021 10:52","(<NAMED_ENTITY>) Amazon urgently recruiting for part-time jobs, you can earn 3000-10000 Rs every day, add Whatsapp: <URL>",English,others,"need and greed,time/urgency",Amazon,wa.me,ccfe73bcaa1b8f65,0.17299785378563265,0
,The IRS will never text you.,English,government,authority,IRS,,47ca2cfa956c4d3f,0.17321980739755852,0
"Thu, Dec 8, 1:34 PM",<NAMED_ENTITY> <DATE_TIME> Allegheny St <URL>,English,others,,,,0aadf0987e11985c,0.17335405128704845,0
17:44,"PAYE customers – end of year process 2023 After recalculation, revenue will return the amount of €850",English,government,"authority,need and greed",,,6b8b2a621913a62e,0.17398168598275962,0
"Wednesday, 8 July 2020",Enjoy <NAMED_ENTITY> and also make Creative Videos again. Now <NAMED_ENTITY> is only Available in (Tiktok pro) So Download from below. Link: <URL> Enjoy Tiktok Videos and also make Creative Videos again. Now <NAMED_ENTITY> is only Available in (Tiktok pro) So Download from below. Link: <URL>,English,others,"authority,distraction,need and greed",tiktok,tiny.cc,6feecfded24fbf11,0.17412217351856102,0
"Tue, May 16, 10:22 PM","Hey from SuperTravel, are you still interested in booking the Best Western McCarran Inn? Our deal of $135/night is going to save you a total of $235 compared to Expedia Deals this good won't last long. Book now before it disappears.",English,others,"need and greed,time/urgency",supertravel,,f4a1e61fbde92ad5,0.1741287150513113,0
"Wed, May 11, 4:52 AM","Hi <NAMED_ENTITY>, this is Cess and this is my new number, I’m here in the <LOCATION> now so text me back when you receive my message because I'm not quiet sure if I get your number right.",English,wrong number,,,,f9132fffb3d23d57,0.17439181612295843,0
Yesterday 10:17 AM,Pickup Failed: We were unable to pick up your Roadster Tshirts on <DATE_TIME>. We'll come again & pick it up. Click to give feedback: <URL> - Team Myntra.,English,delivery,"distraction,time/urgency",myntra,,c8c24b68665a4ae0,0.17451653779160575,0
Yesterday 6:39 pm,Hi My name is Nehaa urgently need workers 11300RS contact:,English,others,time/urgency,,,e25f6c4c1405459f,0.1748551941989523,0
10:27 PM,"(Msg#<US_DRIVER_LICENSE>) YOU FED3RAL RETURN W4S_B4N by the IRS. DON'T WORRY we’ll help you to Fix it, Click here>",English,government,"authority,time/urgency",IRS,,743e9bf2379febf1,0.17486751135305076,0
11:26 AM,Not a chargeable as a security deposit refund after interview both any condition,English,others,,,,c21ada802a9ea5e0,0.17516975949442465,0
Yesterday 11:35 AM,"Hey, it's <NAMED_ENTITY> here, I'm having a hard time delivering your parcel. Please fill in the missing details here:",English,delivery,"distraction,need and greed",,,223dffcbca243d08,0.17528717649615871,0
"Wednesday, 7 July 2021 16:32","Another device is receiving your transfer TAC. If it is you ignore it. If it is not you, log in and re-bind the device.",English,others,"distraction,time/urgency",,,bda118d74fe17cbb,0.17531777493421882,0
07/02/2019 12:30 PM,"RM3. <NAMED_ENTITY> Pop renewed. <NRP> and <NRP> Pop culture. Watch: <URL> Next renewal <DATE_TIME> To cancel,",English,others,"distraction,time/urgency",,,b5da3318a36649d5,0.17543362176007327,0
Today 8:37 AM,"Capital Quickly: <NAMED_ENTITY>, Working capital & LOC available. Minimal requirements. Up to $750k. How much would you need for your business?",English,banking,"authority,need and greed",capital quickly,,14795f365cc242ed,0.17544097139860057,0
19:04,This is the wrong number,English,wrong number,,,,2b380950ff155f23,0.1761573576503232,0
"Sat, Feb 18 at 2:18 PM","From <NAMED_ENTITY>, I'd really appreciate it if you would share and donate to my <NRP> campaign, Just trying to survive.. Help",English,others,kindness,gofundme,,e3c0a235e33d9411,0.17624948814321145,0
19:54 Monday 20 February 2023,(WxXs5YTclou) Google is re-verifying the phone# of this device. Learn more:,English,others,authority,google,,5fe30e83793b28e5,0.17631488331159278,0
1 min ago,"GOOD DAY, PLEASE NOTE THAT WILL BE DELIVERING YOUR ITEM <DATE_TIME> THE CLEARANC ENAD CUSTOMS DURE FEE IS <US_DRIVER_LICENSE>.71 WHICH MUST BE PAID IN CASH WE DONT HAVE SPEED POINT PHONE <PHONE_NUMBER> THANK YOU",English,delivery,"distraction,kindness",,,5c6d300a3e95d7d6,0.17653739282757824,0
7:36 pm,This person's name? <NAMED_ENTITY>,English,others,,,wa.me,fff54458d442c0be,0.17661670121553233,0
"Wednesday, 22 April 2020",You can get home delivery of liquor (Daru) with in <DATE_TIME> at govt price + nominal delivery charges <URL> Stay Home Stay Safe.,English,others,"distraction,need and greed,time/urgency",indiadrizly.com,,d12ee04d6a49228d,0.17664562656079952,0
5:19 AM,Am very very sorry for having sent a message to you by mistake. I had intended to send it to my agent madam <NAMED_ENTITY> but dialled your number by mistake coz I was driving. Kindly delete it from your phone and dont disclose it to anyone else for it bears my private and very confidential information which can cost Me a very big loss if discosed to dishonest person.I promise you a very sound reward on my arrival if you act <URL>ank a bussinessman from <LOCATION> but currently at the <NRP> border ending to <LOCATION> port .What you name please?sms to <US_BANK_NUMBER>,English,others,"authority,dishonesty,distraction,kindness,need and greed",dr frank,,f03b1d414db1c25d,0.1767918168568381,0
19:41,"Hello, I got my phone back. Please use this number for text and phone. Thank you",English,others,,,,cc50c4905a1eb7f8,0.17695394873872536,0
"['Today 5:52 PM', 'Today 7:06 PM']","['Hello , DBS Bank Just Announced new Software that will probably make hundreds of <NRP> to become Millionaires, Check If You Qualify', 'Hello , DBS Bank Just Announced new Software that will probably make hundreds of <NRP> to become Millionaires, Check If You Qualify']",English,banking,"authority,herd,need and greed",dbs bank,,997676104e5b7a70,0.1769572216203631,0
,"Hello , DBS Bank Just Announced new Software that will probably make hundreds of <NRP> to become Millionaires, Check If You Qualify",English,banking,"authority,need and greed",dbs bank,,9021a33c1e59ad2e,0.1769572216203631,0
,"Hello, DBS Bank Just Announced new Software that will probably make hundreds of <NRP> to become Millionaires, Check If You Qualify",English,banking,"authority,herd,need and greed",dbs bank,,a8bad58ed36cb640,0.1769572216203631,0
"Wednesday, July 19, 2017 13:43",Central Secretariat Officers Society brings Affordable Homes in DDA Smart City Project at Delhi. Membership@Rs.11000 Register at <URL> <DATE_TIME>,English,others,"authority,need and greed",central secretariat officers society,,9e298b23b44add66,0.17698742467538137,0
"Mon, Feb 27 at 7:35 PM","Thank you for understanding, you are a kind person, we met in the wrong way, this is fate, my name is <NAMED_ENTITY>, what is your name?",English,wrong number,kindness,molly,,4282a436d74ff0a7,0.17699278449005795,0
"Jun 20th, 2022",I'm reaching out about thepost on YOUR_COMPANY_NAME_HERE,English,wrong number,,,,710bb989eddafd5e,0.17700419401820303,0
01 November 2017 18:06,Greetings: Kindly revert back to me in your convinient time Regards <NAMED_ENTITY> Zama Eyadini Lounge (Dbn),English,others,,eyadini lounge,,b83d6deb54db3247,0.17702320410585218,0
Friday 4:21 PM,Pres Trump: I need you to request your absentee ballot <DATE_TIME>. Requesting your ballot is the most secure way to ensure your vote is counted <DATE_TIME>. Voting absentee is safe and secure. The <NRP>-backed scheme of universal mail-in voting is not. It would inevitably lead to mass amounts of voter fraud. With your absentee vote you'll join a growing list of Patriots stepping up to vote in this safe way and to put America First. Let's Make America Great Again. Securely request your absentee ballot.,English,government,"authority,distraction,herd",pres trump,,0008691d96d26a3e,0.17722123839637824,0
06-03-2023,urgent kldney donors are needed for 10crore whatsapp +918728982761each donor gets 10crorefirst you get 5crore then after surgery you will get balance <DATE_TIME> now whatsapp <PHONE_NUMBER>,English,others,"need and greed,time/urgency",,,a20e7f35019c0884,0.17741951219764382,0
"Thursday, 9 January 2020 2:58 pm",You need to leave likely fire impact areas in <LOCATION> <DATE_TIME> for safer locations. More info <URL>,English,government,"authority,time/urgency",north east victoria,,6d7096bd22aeb41c,0.17760953246847036,0
Today 10:05 am,Learn more about how you use energy <DATE_TIME> with United Energy's free electricity portal - Energy Easy,English,others,,united energy,bit.ly,adff776a9990f17e,0.17765653708241325,0
2023-10-01T23:34:00,You have an appointment that day at the <NAMED_ENTITY> at [REDACTED] with [REDACTED],English,others,,,,cdb9f4dcad30b638,0.17766464130284385,0
1 min,"This is {5b1}, the <<US_DRIVER_LICENSE>> VR package: <NAMED_ENTITY> (86z) xv",English,others,time/urgency,,,d6bc5777eb9cbc43,0.17780365835520673,0
Today 11:16,GOVAU: You can check your eligibility for the Energy Support application. You can check here: <URL>,English,government,"authority,need and greed,time/urgency",govau,,0a85d6810f09c2e4,0.17803513276891966,0
"Mon, Apr 10 at 10:01 AM","Hi, this is <NAMED_ENTITY> again, just wanted to follow up. If you are interested in learning more we can schedule a time and date to talk on the phone and discuss this opportunity further.",English,others,authority,,,fff8be4e8f7404cd,0.17826890934030692,0
Wednesday 5:01 pm,<NAMED_ENTITY> mum sorry its so late I'm stuck my phone just won't turn on for some reason im messaging from a freinds phone because i only have data. You can save this one.<PHONE_NUMBER> Message me on WhatsApp if you’ve seen this. cause I can reply with data,English,hey mum/dad,kindness,,,762043b7217e77e0,0.17828089831749555,0
Yesterday 6:39 pm,Hi My name is Nehaa urgently need workers 11300RS contact: <URL> showseatsasofnowCosmicEye,English,others,time/urgency,,,0ebbc8b757ee815c,0.1783787487330142,0
Yesterday 23:31,(urA5kuw3AGrk) Google is re-verifying the phone# of this device. Learn more: <URL>,English,telecom,"authority,time/urgency",google,,f85e8f60b2f4d911,0.17972444808095497,0
Yesterday 23:32,(fjHKsYKMFh4j) Google is re-verifying the phone# of this device. Learn more: <URL>,English,others,"authority,distraction,time/urgency",google,,a9a08eea8ba27dcd,0.17972444808095497,0
04:42,GOVUK: You are eligible for the government funded Energy Bill Support Scheme.,English,government,"authority,need and greed",govuk,,2ec95aa3bde28b82,0.17974762247768794,0
14:01,"I'm sorry, I sent you a 6-digit code for SMS by error. Can you transfer it to me? It's urgent",English,others,"distraction,kindness,time/urgency",,,b995e73d0f37629e,0.17976929596419763,0
"Sun, Apr 10 at 3:36 PM","Hello there! We're conducting a public opinion survey about issues that concern the residents of <LOCATION>. <URL> Not interested? You may Opt-Out by replying ""STOP"".",English,others,"authority,distraction",,,0073ba263ce61ccf,0.18022458379829576,0
"Sunday, 25 April 2021 10:34",DHL Express <US_BANK_NUMBER> from EURO CAR PARTS de-livery TODAY before End of Day. Track: <URL>,English,delivery,"authority,time/urgency"," euro car parts,DHL",,2935afedd270f0c6,0.18029239856886323,0
"Wednesday, December 8, 2021 2:45 PM","TRUMP ALERT: Trump is making his comeback with a social media platform all his own, and we want YOU to join! Will you join? <URL>",English,others,"herd,time/urgency",,,8edcb4e2fe95bd23,0.18038272357461893,0
7/4/2019 1:59 PM,Bank FirstBank acc no: <PHONE_NUMBER> acc Name :MAXWELL MARTINS.C.L.O,English,banking,authority,firstbank,,a5c47f53ca0ab854,0.18049868906124403,0
Today 7:44 AM,Attention ! VISIT,English,others,,,,eb76b961b94039b6,0.18049966573293122,0
Tuesday June 20 11:07,We change the information about ZSU to $. All information in telegram,English,others,,,,80f1b42793273cc3,0.1805257190739994,0
"Tuesday, 21 November 2017 13:48","Join me, Mayor <NAMED_ENTITY> on <DATE_TIME> for the 3rd A Re Sebetseng city-wide clean-up. Visit <URL>esebetsengh <URL> for info.",English,others,,mayor herman mashaba,,43d284abb718b3cb,0.18056622736291097,0
Sun,The package is waiting to be picked up <URL> y0pk12,English,delivery,time/urgency,,,ba1c5352dd8d8ce5,0.18080686185319747,0
Today 07:38,Use <US_DRIVER_LICENSE> for two-factor authentication on Facebook.,English,others,authority,facebook,,0c530d0efa3439e4,0.18133037382924705,0
"Thu, Jun 1 at 2:40 PM",Hi! Thanks for choosing NextCare Urgent Care. We'd love to hear how it went. Tap <URL> to let us know.,English,others,,nextcare urgent care,,74426afb04c7532e,0.18164290809803066,0
"Yesterday, 11:05 AM",Our hearts go out to the family of <NAMED_ENTITY>. We had hoped he had more time... Here's the sad news in case you missed it: <URL> stop=end,English,others,"distraction,time/urgency",,,9c5c01a957d3536e,0.18173989759957654,0
"Nov 1st, 2021","Hi,i m <NAMED_ENTITY> can you please confirm if is still available the property? i buy it now https",English,wrong number,"distraction,need and greed",,,0ab3f20629f4b5b7,0.18180702250204217,0
"Jul 27, 2022 at 10:43","Good morning, my name is <NAMED_ENTITY> with the Army Career center here in <LOCATION>. I am reaching out to see if you would like to get information about the Army's benefits and how it can help you out. Currently, the Army is giving out $35,000 bonuses and much more. If you're interested please respond with ""info"". If you're not interested please reply with ""stop"". Thank you and have a wonderful day.",English,others,"authority,need and greed",army,,f032714251ce7ac6,0.18180798498294978,0
"Fri, Jun 16 at 10:24 AM","YOUR parcel address is wrong, we can not deliver to your door, please fill in the address, so that we can deliver in time:",English,delivery,"distraction,time/urgency",,,0c2cd8aecf7b8203,0.1818092472880967,0
"Thu, Jun 15 at 2:58 PM","USPS: Your parcel address is wrong, we can not deliver to your door, please fill in the address, so that we can deliver in time:",English,delivery,"authority,time/urgency",USPS,,ff20ccfd163248cb,0.1818092472880967,0
Today 3:27 PM,67 people from school shared photos💥🍒: <URL>,English,others,"distraction,herd",after school,,5a25fb2252ffe0b7,0.18181519791987605,0
Friday 2 June 13.16,Instagram link: <URL> Don't share it.,English,others,,instagram,,102741ac7d13312b,0.18202636997014904,0
01/25(水)13:12,(KYC) regulations <DATE_TIME> AM,English,others,,,,261b3f66b131dc6d,0.182634756772394,0
"10:19 AM, Thursday, August 25",<URL>: Will you take a 2-question survey about the elections <DATE_TIME>? Your answers will inform the way we talk to other voters. Reply Y.,English,others,distraction,vote.org,,b6027e7ab928202d,0.18271687601532594,0
"Sun, Mar 20 at 1:57 AM",Order-ID 46987 Hello. The delivery guy was at your door. We missed you. Inform us when we can come back today,English,delivery,time/urgency,,,6392da1ce3a09653,0.18274991207550756,0
Today 5:15 AM,Thunder shower with lightning accompanied by gusty winds with speed reaching 30-40 <LOCATION> is very likely to occur at isolated places over Bangalore Bangalore Rural Belgaum Chikkaballapura <NAMED_ENTITY> Kolar Mysore <NAMED_ENTITY> Uttara Kannada in <DATE_TIME>.,English,others,,,,b65a169537911815,0.1832164426024827,0
12:11 AM,ICICI Transaction Confirm...,English,banking,"authority,time/urgency",ICICI Bank,,08e8ef40b000ab40,0.18323250452700549,0
"Wednesday, 2 March 2022 12:25",Just know that any response you get from your contacts you caused it. If payment is not made before <DATE_TIME> more calls and messages would be sent to at least 20 of your contacts and we will go on and on until you do the needful Naira9ja.,English,others,"distraction,time/urgency",naira9ja,,55a8103edb8a20b8,0.18348906271448942,0
Today 1:02 PM,<NAMED_ENTITY> Please accept my apology for not getting this to you sooner: <URL>,English,others,"dishonesty,distraction",,,d5328ea1443e4bdc,0.18352705888021648,0
12:15 PM,500% EXTRA TALKTIME when you load with *555*REC HARGE-PIN#. Enjoy,English,telecom,need and greed,,,03773b13c85b0ff0,0.18367223851061515,0
4:16 PM,Membership ID- Please don’t bother calling or mailing to convince me otherwise or for any other reason. Just mail me confirmation that my membership is cancelled.,English,others,,,,adad47512273e66c,0.18372406622668663,0
"Wed, Nov 23 at 8:19 PM",T-MOB: Thank you for paying on time all the time. You've earned this <DATE_TIME>'s Black Friday present: <URL>,English,telecom,"authority,need and greed",T-Mobile,,9e1edde743617141,0.18372864686524074,0
Tue,This (9) is the | VR 6 package: <URL> 2p45u,English,delivery,"distraction,time/urgency",,,a922055551632aae,0.18397620860100714,0
Tuesday February 28 2023 23:32:2,<NAMED_ENTITY> For 31jan2023-27feb2023 - Full,English,others,,,,ce0c6a6b57061d9a,0.1842542861368962,0
Tuesday January 31 2023 14:32:4,<NAMED_ENTITY> For 31dec2022-30jan2023 - Full,English,others,,,,d7aa04706e6a94e1,0.1842542861368962,0
Friday March 31 2023 16:21:1,<NAMED_ENTITY> For 28feb2023-30mar2023 - Full,English,others,,,,d8fb2584d2770116,0.1842542861368962,0
,GOVUK: You are eligible for a discounted energy bill under the Energy Bills Support Scheme. You can apply here:,English,government,"authority,distraction,time/urgency",govuk,,af07b3de2643f0b8,0.18431773888128689,0
,GOVUK: You are eligible for a discounted energy bill under the Energy Support Scheme. You can apply here:,English,government,"authority,need and greed",govuk,,6b80540635c020b2,0.18431773888128689,0
"14 October 2020, 14:09","I am Mrs. <NAMED_ENTITY>, A female foreign Investor, I want to invest in <LOCATION> and I need your service PIs email me: <EMAIL_ADDRESS>",English,others,need and greed,,,7cd4cee163e3b9f3,0.18435379682751735,0
"Sep 4, 2022 at 7:02 PM",<LOCATION> invoi.ce for <URL>t m.onth was received. T.hank yo.u! here's a surprise gift fo.r y.ou: <URL>,English,others,"distraction,need and greed",,,055dacae2f6474bc,0.1843763694200355,0
11:10 PM,WE ARE URGENTLY IN NEED OF A RAW MATERIAL SUPPLIES FROM <LOCATION> TO <LOCATION> PLEASE GET BACK TO ME AT: <EMAIL_ADDRESS>,English,others,"distraction,time/urgency",,,c513eacd0c18ec09,0.18458416267053473,0
"11:02 am, 11:04 am",I'll call you later I'll call you later I'll call you right back Complaining to police right now. With all the call recordings,English,others,,,,dde370f3daf0d225,0.18460068348566833,0
2:05 PM,"don't make me fool, when you call me <DATE_TIME>, as i have no miss single call.",English,others,distraction,,,422626c8ccd2d171,0.18467463232604955,0
Yesterday 17:23,<NAMED_ENTITY> attempted to deliver <DATE_TIME> your parcel but no one answered. Reschedule & track parcel at: <LOCATION>,English,delivery,"authority,distraction,time/urgency",post office,,65c2d73b5c14d3e4,0.18505234446568095,0
11:20 am 12 MARCH 2021,Good <DATE_TIME> Is it that you don't know the above mentioned or you just decided to mute on the case as we wouldn't ask you to take responsibility without proper investigation. Your feedback will help us know how to sanction our client as the deadline for payment is <DATE_TIME> and we need to start taking legal actions. Thanks,English,others,"authority,time/urgency",,,13ab837f0d9ea4bd,0.18509757219409134,0
"Mon, 17 Oct 2:40 PM","Hi buddy, it’s Nakky, my car has broken down near the city centre. Could you please send some money to my NunsterPay account to cover the repairs, I’m stranded! Here is my account: <URL>",English,others,"kindness,time/urgency",nunsterpay,,7df688a2779a7cdd,0.1853588491426125,0
,"<NAMED_ENTITY> urgently recruiting for part-time jobs, you can earn 1000-6000 pesos every day, add Whatsapp:<URL>",English,others,"authority,need and greed,time/urgency",lazada,wa.me,51c75a751f8864d4,0.18567448666140024,0
Today 20:51,Netflix - Two steps left and we'll take care of the rest. Complete your membership renewal here: <URL>,English,others,"authority,time/urgency",Netflix,,2599311e761acad0,0.18601831530844004,0
Today 7:58 PM,"My name is <NAMED_ENTITY>, I am a Foreign Investor from <LOCATION>, I want to invest in India & I need your service. Pls send me email only: <EMAIL_ADDRESS>",English,others,"distraction,kindness",,,6efb129ec3ce3a4b,0.18613454475121263,0
1:56 PM 07 Jan 23,We understand that the concerned Branch has sent a mail in this regard and would like to inform you that Mobile no <PHONE_NUMBER> erroneously updated in CBS previously which was deleted and correct mobile no 9******815 already updated in CBS. The inconvenience caused is (1/2),English,others,,,,a93426ff95fe6bb5,0.18613642293426186,0
Friday 22:27,<URL>: You are eligible for a discounted energy bill under the Energy Bills Support Scheme. You can apply here: <URL>,English,government,"authority,need and greed",gov.uk,,438e2a0ff9f2c2f7,0.1865942713978833,0
19:09,ACTION REQUESTED! Coinbase@ makes digital currency easy! ...,English,banking,"authority,distraction",Coinbase,,892853641726aedb,0.18702524747044616,0
Today 08:52,GOVUK: You are eligible for a discounted energy bill under the Energy Bills Support Scheme. You can apply here: <URL>,English,government,"authority,need and greed,time/urgency",govuk,,24f50c52f22227db,0.18723466256297608,0
15:44,GOVUK: You are eligible for a discounted energy bill under the Energy Support Scheme. You can apply here: <URL>,English,government,"authority,need and greed,time/urgency",govuk,,c3413cb1d2caf6fc,0.18723466256297608,0
"Wednesday, October 4, 12:02 PM","Hi <NAMED_ENTITY>, it's Climb Hire! If you make under $30k, join a non-profit training program & get a well-paid job. Apply now: <URL> Stop = end",English,others,"need and greed,time/urgency",climb hire,,48c749ce6b0c29b0,0.18739814362272972,0
06:33,Insufficient funds for purchase. Current balance is <US_DRIVER_LICENSE>.55. Please top up and try again. Insufficient funds for purchase. Current balance is <US_DRIVER_LICENSE>.55. Please top up and try again. Insufficient funds for purchase. Current balance is <NRP>. Please top up and try again.,English,others,time/urgency,,,a75974c962a4fe49,0.18758484310106466,0
1:14 pm,Hello I'm <NAMED_ENTITY> from APS jobs Agency <LOCATION>. Recently we have a few vacancies like Part-time/Full-time and Freelance. May I share more details with you?,English,others,need and greed,aps jobs agency australia,,64996d2ae200ff56,0.1877199081904083,0
11:00 AM,"THE BIG WAIT IS OVER Biggest MultiBagger of <DATE_TIME> BUY MAXIMUM Quantity of ""SAGARDEEP ALLOYS LIMITED"" <LOCATION> Above CMP 135 Intraday Target 139++ Weekly target 155++ <DATE_TIME> target 300++ Trade Big Earn Bigger",English,others,"distraction,need and greed",sagardeep alloys limited,,4cb73efdeefb714e,0.18796656490533423,0
"16:44, 20:02, 17:12, 16:53, 18:25","If you have phimosis, chances are the pain and swelling will increase with time. Meet our expert urologists to know about the right treatment. Visit...",English,others,"authority,distraction",,,c8094fe50b2778d5,0.18822130425892397,0
8:11,Test SMS - session 0; nr: 32656,English,others,,,,b3e930801f853bcb,0.18852893416724675,0
Today 5:08 PM,"Hi <NAMED_ENTITY>, text me back if you got this message. Thanks <NAMED_ENTITY>",English,wrong number,,,,47dcb9efae9f9520,0.18874148066626323,0
"Monday, 25 April 2022","Commodity Idea: MCX Positional Trades (<DATE_TIME>) - Book Profit for CRUDEOIL OPTFUT-17May22-PE-7800 at 535. Pls. read disclaimer on <URL> before transacting. -ASL New Commodity Idea - Intraday (<DATE_TIME>) : In MCX Buy CRUDEOIL FUTCOM-19May22 @ 7620,7630, <NAMED_ENTITY>, Stop Loss 7590. Pls. read disclaimer on <URL> before transacting. -ASL",English,banking,authority,Axis Bank,,aadc8df15a3aaedf,0.1888090320128073,0
10:49 PM,I am your colleague. I placed a hidden camera in our toilet and you were recorded <DATE_TIME>. This video will spoil your reputation. I don't have money to feed my family and I need some funds. Here is my btc address. <CRYPTO> Pay 500CAD in bitcoin and I will delete everythin I give you <DATE_TIME>,English,others,"authority,dishonesty,need and greed,time/urgency",,,5b5fe273b6cb429f,0.18895113347065304,0
Today 09:24,"Dear <NRP> beneficiary, Hon'ble PM Shri <NAMED_ENTITY> will interact with the beneficiaries of various Schemes on <DATE_TIME> at <DATE_TIME>. Let's register for the event #GaribKalyan at <URL>",English,government,"authority,distraction",pm shri narendra modi,,a0a878dba0fe6bd1,0.18898885814493951,0
"Friday, 23 July 2021 11:04","I'm <NAMED_ENTITY> a Doctor and Social worker after my family death and my Condition am donating our remaining charity fund $, 250.000 USD Contact Me: uuju <EMAIL_ADDRESS>",English,others,"kindness,need and greed",,,0ae04887821ea634,0.18912967291262214,0
Saturday 3:00 PM,"Hello, excuse me, Im from the commercial department of Lazada company, Invites you to do part-time work at home. You can easily earn 3,000 pesos every day. If you are interested, please add my WhatsApp consultation: <URL>",English,others,"authority,need and greed",lazada,wa.me,de91517a2e4ddc50,0.18916331852694576,0
Yesterday • 4:25 PM,NIL RECRUITMENT <DATE_TIME> Post: Trainee Qua: <URL> Exp: Fresher Sal: 9-15Lac Vacancy: 2100 <NAMED_ENTITY>. <DATE_TIME>: <DATE_TIME> Details: <URL>,English,others,"authority,need and greed,time/urgency",nil,,462192964d04294b,0.18926907577963853,0
11:59 AM,Hello I am a recruiter from SMARTSITES I am <NAMED_ENTITY> can I take <DATE_TIME> of your time?,English,others,,smartsites,,a0e36aacd60056c6,0.18942628612215204,0
3:36 pm,AusPost: Sorry! We missed you <DATE_TIME> and we will not be back to deliver your parcel. To get a redelivery visit: <URL>,English,delivery,"authority,time/urgency",auspost,,b87356f87cd0af0a,0.18945790959280173,0
Yesterday,"Hi, your package is / ready for pick up ->",English,delivery,"distraction,time/urgency",,,bac38cd982a441f4,0.18960487545970575,0
"Sep 22, 2021 9:50 AM","Dear Beneficiary, One Time Password(OTP) to authenticate PDS Transaction is: <US_DRIVER_LICENSE>-Dept. Of Food & Supplies, GoWB",English,government,"authority,distraction"," gowb,dept of food & supplies",,249864b3e379068e,0.1896064498711572,0
6:32 PM,"Hi <NAMED_ENTITY>, no one will be safe from the Coronavirus anymore. This is the only survival guide you require to overcome this crisis",English,others,"distraction,need and greed",,,b0d126d4cca1b5bd,0.18969831567127815,0
9:46 AM,"Sell this mtn <US_DRIVER_LICENSE>,000 for ur food stuff and handout <US_BANK_NUMBER> <US_BANK_NUMBER> <US_BANK_NUMBER> <US_BANK_NUMBER> <US_BANK_NUMBER> <NAMED_ENTITY> said face ur book and dont join bad group o from Ola",English,others,"distraction,kindness",,,7a89fcc0b2e674a4,0.19005092767909368,0
Mon 10:01 AM,"Thank you for reporting spam. We'll take it from here. If you have questions about what happens now, visit <URL>",English,others,,,,c2085082e938ac36,0.19015591501700108,0
Yesterday 10:04 AM,"Friendly reminder, <NAMED_ENTITY>: <DATE_TIME> left to pick up LAB at <LOCATION>.",English,others,,,,735aa975a66b04ef,0.19019100787508222,0
1:26 PM,"Hi (Karlik) Amazon urgently recruiting for part-time jobs, <DATE_TIME> salary 3000-10000rs CLICK JOINING: <URL> <NAMED_ENTITY>",English,others,"need and greed,time/urgency",Amazon,wa.me,27177e1c8f6471ab,0.1902104869438426,0
"Thu, Jan 19 at 4:50 PM",A research firm is conducting a voter survey in <LOCATION>. Your input will make a difference:,English,others,,,,8ca1716033261f85,0.19021598987492294,0
Sun 27 Nov Today,PENDING: <URL> (via Ea) <URL> CH,English,others,,origin.com,,fb668e31631ff9e4,0.1902990058320413,0
7:12 pm,ATO Identity verification required <URL>,English,government,"authority,time/urgency",ato,,9f111e7ae6b127e8,0.19033193296131312,0
"Friday, 24 Jul • 6:55 pm","Dispatched: Cheque Book for Acct <US_DRIVER_LICENSE> is sent by Kerry Indev Express, AWB <US_BANK_NUMBER> on <DATE_TIME>. Track status at <URL>",English,banking,"authority,distraction",kerry indev express,bit.ly,43853ca3fd7448ed,0.19040812159409828,0
10:39,-Eastlink:You have not paid the toll in <DATE_TIME> and will be suspended. Please resume as soon as possible.,English,telecom,"authority,distraction,time/urgency",eastlink,,ecccf955df73ce7b,0.1904464255486683,0
"00:21:53, Wed Nov 02 2022",You will be able to dispute this transaction after <DATE_TIME> of transaction time.,English,others,distraction,,,2a9f109514c646ea,0.1904585451608786,0
5:19 AM,Am very very sorry for having sent a message to you by mistake. I had intended to send it to my agent madam <NAMED_ENTITY> but dialled your number by mistake coz I was driving. Kindly delete it from your phone and dont disclose it to anyone else for it bears my private and very confidential information which can cost Me a very big loss if discosed to dishonest person. I promise you a very sound reward on my arrival if you act honestly. Am <URL>ank a businessman from <LOCATION> but currently at the <NRP> border ending to <LOCATION> port. What your name please?sms to <US_BANK_NUMBER>,English,others,"authority,dishonesty,distraction,kindness,need and greed",dr frank,,c3700fd3706ca260,0.1906390160674945,0
August 2020 at 20:26,I was summoned for just making a cyber crime SMS. It will be helpful to complainant not to summon instead the complaint made should be investigated and prevented the same. Please find herewith details of summon sent to me for registering a phishing SMS and I am afraid of registering any more complaint because of getting summons from cyber crime departments which is waste of time of both. Please find herewith details of summon sent to me for an phishing sms registered by me Summon for Enquiry,English,government,"authority,kindness",,,5a6e7094bc30b10d,0.19077103526773284,0
7:38 PM,Sent with id: <NAMED_ENTITY>. randint as proof: 9,English,banking,authority,sgpaynow,,faa1edd72036907e,0.19086524565148,0
7:38 PM,"Sent with id: <NAMED_ENTITY>, randint as proof: 9",English,banking,authority,sgpaynow,,687b96e7fe9860f2,0.19086524565148,0
8:19 AM,<URL> you have any available kind of old money and coins for sales I buy all kind of old coins antique gold stamp cincin sylings I buy for good rate worth RM10k and successful deal pm if you get any for sales <LOCATION> <LOCATION> <LOCATION> <LOCATION> if only available in good condition WhatsApp <PHONE_NUMBER>,English,others,need and greed,,,124b752bbe946c6b,0.19131893206374181,0
16:21,"Confirmation of interview at GGF Marketing. <DATE_TIME> at <DATE_TIME>. 421 Pretorius St, <LOCATION> CBD. Pls wear mask, bring CV/dress formal. Check your email. Regards HR MaryJ",English,others,,ggf marketing,,74f34f6d209fc903,0.1913294283227402,0
13:23,RMTransitGB: Sorry you have not paid the 2.99 (GBP) transit fee <URL>,English,delivery,"authority,time/urgency",rmtransitgb,,80cd924701012998,0.1913892965275754,0
"Feb 25th, 2022","Hi, my name is <NAMED_ENTITY> son, saw this house on your fb real estate page",English,wrong number,,,,888b63d27117a336,0.19150855192246463,0
10:45 pm,"Order ID: ORD032916070 Store Name: Super Store - Punjabi <NAMED_ENTITY> My order is not delivered, but it's shown as delivered.",English,delivery,"authority,distraction",super store - punjabi bagh,,a2cb6048b84115f9,0.19154679990232704,0
Today 14:20,"Hi, I hope you have <DATE_TIME> and we can talk when you are free.",English,wrong number,,,,d9af2a569b986479,0.19163743581527198,0
"Friday, February 24, 3:43 p.m.",**NOTICE** (C.R.A)support sent you money. See <URL>. Data rates may apply.,English,government,"authority,need and greed,time/urgency",cra,,636e638b1084c305,0.19164911018828457,0
"Monday, 08 August 2022",You've missed the delivery <DATE_TIME>. Find where to get it <DATE_TIME>: <URL>,English,delivery,time/urgency,,,90dc1e6f2dd4656c,0.1918126229342009,0
3:32 am,We've sent you $35 to make up for the recent bad quality of our servers. See: <URL>,English,others,"need and greed,time/urgency",,tinyurl.com,f3ee189be532a9d8,0.1920486095306891,0
Today 14:21,"When elected, United Australia Party will ban unsolicited political text messages which Labor & Liberal have allowed. Auth",English,government,authority,united australia party,,aa76ce3b58e50f32,0.19205203078766658,0
5:46 PM,A research firm is conducting a voter survey in <LOCATION>. Your input will make a difference: <URL>,English,others,"authority,distraction",,,c75d95822b60e595,0.19217554597577083,0
,You (do not) have a refund of £245,English,others,need and greed,,,7717cb7c1f1eece0,0.192275252912246,0
2:50 AM,<NAMED_ENTITY>: Don't share this OTP. It will be used to make purchases on <NAMED_ENTITY>...,English,others,"authority,time/urgency",zomato,,5de959b96aacf8ff,0.19235776928182716,0
"Wednesday, 11 November 2020 14:36",SBUPConfidential: share if <NAMED_ENTITY>,English,others,,,,5faff771c14bebc7,0.19243315216165793,0
"Sunday, February 25 05:26",<URL>:- Your federal return was rejected by the irs. Don't worry we'll help you fix the problem kindly follow > <URL> now,English,government,"authority,time/urgency",IRS,,27ad8e05ec6ad0d4,0.19243795311035675,0
Today 5:52 AM,<URL>:- Your federal return was rejected by the irs. Don’t worry we’ll help you fix the problem kindly follow > <URL> now,English,government,"authority,time/urgency",IRS,,499efc002f662f5f,0.19243795311035675,0
Yesterday 22:05,GOVUK:You are eligible for a discounted energy bill under the Energy Bills Support <URL> can apply here: <URL>,English,government,"authority,need and greed,time/urgency",govuk,,624f2aff9799fdb9,0.19252523006975447,0
,"Hello,I tried reaching you earlier in regards to a deceased person with the same SURNAME whose benefits have remained unprocessed. Do reply <EMAIL_ADDRESS>",English,others,dishonesty,,,e4ae53d767285621,0.1926793639386281,0
Today 11:02,Been thnkin about ya <DATE_TIME>.. Whut r ya up to?,English,wrong number,,,,63f732f2a887b559,0.19278135495931514,0
,You should communicate better. Your name alone doesn’t tell me anything. I receive tens of messages.,English,wrong number,distraction,,,924aed2f285ab729,0.19327868294240932,0
"Today, 1:29 PM","Hi, I've shared my 'Airtel survice' form with you. Please take a look and submit your responses.",English,telecom,authority,Airtel,,864799f32ce49b9e,0.19336094224318567,0
Today 2:50 PM,"Hello, my name is <NAMED_ENTITY> and I am the PR manager of the crypto game I am looking for promising, interested and willing to earn bloggers. We would like to cooperate with you to promote our project on your youtube channel, tell me if it is possible? If you are interested, please let me know.",English,others,"authority,need and greed",,,5543c97be946513f,0.19339923162276118,0
11:10 PM,We are currently facing some technical issues which may lead to delay in response. Apologies for the inconvenience. We request you to wait for <DATE_TIME>. If you will not get your order in <DATE_TIME> please do let us know. We will do the needful.,English,delivery,"distraction,time/urgency",,,304866489275fc54,0.19342151746930705,0
07:16,Hey Dear I'm <NAMED_ENTITY> from AllStarJobs Recruitment Agency Canada . We're seeking for part/full time staff and freelancer. Can I share more details?,English,others,distraction,allstarjobs recruitment agency canada,,39306de80c989e5f,0.19356876322855054,0
10:15 AM,<NAMED_ENTITY> name- ravigage-6years father name-vinaykumar uhid no.-<US_SSN> irch no.-<US_DRIVER_LICENSE>/18 <URL>meer bakshi hospital name.- aiims(all india institute of medical science)<URL>,English,others,,aiims all india institute of medical science,,2fac18d0f525d98f,0.1936723300337525,0
01:00 PM,<NAMED_ENTITY> attempted to deliver <DATE_TIME> your parcel but no one answered. Reschedule & track parcel at: <URL>,English,delivery,"authority,time/urgency",post office,,fdaad93e8332f1cc,0.19396613209573582,0
2:34 PM,Notice / Security notice: <URL>,English,banking,authority,Bank of America,,07c74a150bf3de26,0.1943166785852166,0
Today 13:07,Congratulations! On <DATE_TIME> you participated in survey-lottery competition. You finished 3rd! See what you won!,English,others,"herd,need and greed,time/urgency",,,b8acb5a07f642325,0.19452789326984815,0
Today 10:03 AM,C.O.A.: Excessive Heat Warning issued <NAMED_ENTITY>. Temps of 109 degrees. Drink water & stay safe. Cooling centers open....,English,others,,,,12271a60a74656a3,0.19461117372595077,0
"Wed, Nov 17 at 6:11 PM",iPad Pro for CID#24355,English,others,,,,457575a3d67bfa1c,0.19492431999881088,0
6:08 pm,Dear I am a H.R. You are noticed for hOme based tasks. Now you can <DATE_TIME>. <NAMED_ENTITY> SDPSCH,English,others,need and greed,,wa.me,bbb6bccb7a7a3b7f,0.1949526197070162,0
18:08,"Once everything is done, go back and send a screenshot of everything that happened and say ""DONE"". We will withdraw the prize if the verification of the winner provided in the link is not completed. Don't miss this opportunity as it is randomly selected in our system. Good luck !!!",English,others,"distraction,herd,time/urgency",,,6b0f5c2ab82f3ee1,0.19512708204886728,0
"Tuesday, January 4, 2022 1:18 PM",BILL???IN???G NO???T???ICE???Yo???ur?a???u???to?polic??????y was??ov?er???c??h???a???rge?d????b??y??? $ ???847??.61.??A??????p???pl?y?????for?re??i???mburs???e??m?????e??n??????t?to???d?a?????y????????:?????????<URL>????????,English,others,"distraction,time/urgency",,,ee4115510830df5c,0.19521260719781477,0
"Tuesday, January 4, 2022 1:18 PM",BILL???IN???G NO???T???ICE?????Yo???ur?a???u???to??polic???????y was??ov??er???c??h???a???rge??d????b???y??? $ ???847???.61. ??A?????p???pl??y?????for??re???i???mburs???e???m?????e??n?????t??to??d???a?????y?????:?????????<URL>????????????,English,others,"distraction,need and greed,time/urgency",,,9086287a103de001,0.19521260719781477,0
Данас 01:33,I’m sorry to bother you I was trying to login in my Instagram page on my new phone and they ask me to find someone to help me receive a code Instagram gave me two friends suggestions and you are one of them the other person isn’t online. will you help me receive the code please 🥺?,English,others,kindness,instagram,,9f2950a80928fa94,0.19525626545153738,0
"Saturday, April 29",Hi yes this is <NAMED_ENTITY> the pianest teacher. Sign up is $500 for dancing lessons. I'm a fantastic dance pianest teacher. If that sounds agreeable I'll send <NAMED_ENTITY> for payment.,English,others,"authority,need and greed",venmo,,393b31374ca5fcb0,0.19541408752837405,0
1:17 PM,"Hi! My name is <NAMED_ENTITY>. I'm a (DLF Mall) online recruiter! Our mall is recruiting part-time/full-time employees who can work from home, and the <DATE_TIME> salary is around 1000Rs-10000Rs. How old are you and do you have <DATE_TIME> of free time every day? Job description and requirements: 1. Be at least 18 years old. 2. Part-time job requires <DATE_TIME> of working time per day. 3. After completing 3-5 part-time tasks, you can apply for full-time. 4. Have an ordinary smart phone. I will send you a job description, please read it carefully. If there are no problems, we will start working part-time soon.",English,others,"authority,distraction,need and greed",dlf mall,,a45f8b4d199227df,0.19554740284797073,0
,I need you to pay this invoice ASAP... Wire here...,English,others,time/urgency,,,3606850295000254,0.19595178856605852,0
6:12 PM,"Terms and Conditions are now changed, you need to review and accept <DATE_TIME>: <URL>?viewterms=<US_BANK_NUMBER>",English,others,"distraction,time/urgency",,,7d832c3dac5f2f02,0.195966494708567,0
2023-03-04,FRM:<US_DRIVER_LICENSE> SUBJ:-<US_DRIVER_LICENSE> MSG: -<US_DRIVER_LICENSE>.WellsFARGO. <URL>,English,banking,authority,wells fargo,,1528aebd77c13190,0.19613423437612248,0
"Sat, Jul 23 at 5:54 AM",FRM:398f_UPS___yThXk SUBJ:<URL> MSG :RZ8ibReG7M,English,delivery,authority,UPS,,cf3e90bf0850d75d,0.19613423437612248,0
23m,Hi your <NRP> bill is now available. You can view your bill in My <NRP>.,English,telecom,authority,telstra,,ebcfc1389017dd79,0.19629850117093303,0
2:01 pm,"-EastLink: In order not to incur a ticket, you need to complete the $2.83 road toll as soon as possible.",English,government,"authority,time/urgency",eastlink,cutt.ly,f8a81fa368bce62e,0.19632696535214425,0
Today 14:21,"CanadaPost: We tried delivering your parcel, but you weren't in or there was no safe place to leave it. A reschedule is required:",English,delivery,"authority,distraction,time/urgency",canadapost,,5a205d9500ca1493,0.19649803439125446,0
Today 7:31 AM,"My name is MAVIS from IRS Agent will have got some fake delivery driver arrested here with sum of huge amount in their Bus will saw your number on the package so I decided to contact you to ask if you know anything about it, if truly you’re the one send them..",English,government,"authority,time/urgency",IRS,,aee425e00e993c88,0.19658742496942538,0
2022-05-17,<DATE_TIME> your parcel but no one answered. Reschedule & track parcel at: https://postoffice <URL>,English,delivery,time/urgency,,,f3b7aa4074861937,0.19672875541195395,0
,IRD here. It looks like we don't have your correct postal address. You can update this in myIR. Go to <URL>,English,government,"authority,distraction",ird,,7793313847cdab76,0.19716145210772798,0
May 4 2023 5:33 PM,Payment failed. Any money debited should be refunded within <DATE_TIME>.,English,others,time/urgency,,,2c387f2940efc2d5,0.19728775683180022,0
16:14,5ez51c Voicemail message received. Visit <URL> before it is automatically deleted.,English,telecom,"distraction,need and greed,time/urgency",ic markets,,e102c96f89dc4d53,0.19760806457617888,0
"Friday, 13 August 2021 11:52 PM",oksuik Voicemail message received. Visit <URL> before it is automatically deleted.,English,others,"distraction,time/urgency",,,21550c8b13211f9f,0.19760806457617888,0
"Saturday, 16 January 2021 20:13:01",LLOYDS ALERTS: You added a new recipient <NAMED_ENTITY> on <DATE_TIME> at 20:13:01. If this was NOT you BLOCK the payee here: <URL>,English,banking,"authority,distraction,time/urgency",Lloyds Bank,,9b4986f22955a820,0.19763703944811883,0
23:01,SMS charged at N <URL>in Bal: <US_DRIVER_LICENSE>.53.Dial *123 to make a purchase and get <DATE_TIME>,English,telecom,"distraction,need and greed",,,e17c73d25afd64b9,0.19768281139357693,0
"Mon, 6 Dec, 09:23","Hello, (youtube) is hiring a youtube operator. Increase the exposure of bloggers, help subscribe and like works. You can get <NAMED_ENTITY> for each task, free to do, and there is no time limit. Mobile phone operation. Earn <US_DRIVER_LICENSE> -<US_DRIVER_LICENSE> <DATE_TIME>, plus WhatsApp:<URL> WhatsApp:<PHONE_NUMBER> [Do not disturb people under 23 and students]",English,others,"distraction,need and greed",youtube,wa.me,4facafdbdb4e564c,0.1977528027449437,0
Today 11:28 AM,Who is this if I don't know you please stop texting me before I report it to the police,English,wrong number,kindness,,,d423f495838c37ef,0.19844297646157785,0
,<URL> doesn't even load now,English,others,,apple,,62ec1cf3cf667e9e,0.19854862353686498,0
1 Jul.,"Hey its <NAMED_ENTITY>. Based on our conversation, here is the link you were interested in.. sl0ic.xy",English,others,distraction,chris,,7a4c4fdc4401aba2,0.19862770556996245,0
"Tuesday, 8 Feb - 10:10 am","Your parcel from <URL> is coming <DATE_TIME>. If nobody's home, we'll look for a safe place to leave it. Tracking: <URL>",English,delivery,"authority,distraction,time/urgency",kogan.com,,a946ffb3685a752c,0.19868030023308922,0
,Please I have a little emergency help me with 2500 I will return it to you <DATE_TIME> morning send me this paybill no <US_DRIVER_LICENSE> account number is <DATE_TIME>,English,others,"kindness,time/urgency",,,ad44783a1144a962,0.19892301584763405,0
,We're received Rapid Antigen Tests but you didn't order them. if you still need them please come or ring <DATE_TIME> to reserve yours.,English,others,distraction,,,1b5eec5b3eec8106,0.19897722859310749,0
,"<DATE_TIME>, I am Glory direct from the Holiday Wire Office. <URL> I can transfer you $3445 in <DATE_TIME>. Hope this blesses you.",English,others,"distraction,need and greed,time/urgency",holiday wire office,,1c356820015ca825,0.19925023965328612,0
12 July,"Feedbackbulkorder GETAC0sh No tests, everyone can pass the l0an <URL> Feedbackbulkorder credItWALLET Help you with your C0sh problem <URL>",English,others,"authority,need and greed,time/urgency",,,7c281bda263a2100,0.19934667766346986,0
8-10 9:01 AM,"Rs99=Unlimited <DATE_TIME>. <US_DRIVER_LICENSE>=Unlimited <DATE_TIME>, <DATE_TIME> <US_DRIVER_LICENSE>=Unlimited calls+1.4GB/ day,84 days Visit Airtel Retailer in <DATE_TIME> to recharge.",English,telecom,"authority,distraction,time/urgency",Airtel,,2105c712d77079ed,0.1994211246579027,0
"Sun, Oct 24, 2:30 PM","Hi, I'm <NAMED_ENTITY> from <LOCATION> Speaks. We're polling IL. Would you respond to some questions? 1) Yes 2) No (or END SURVEY)",English,others,,us speaks,,d86ffdf66a7e8517,0.1999799157321087,0
,"<NAMED_ENTITY>, I wanted to share this with you before",English,others,,,,bd4edb432f092929,0.20000726771768557,0
Today 15:46,Its <NAMED_ENTITY>. I tried to call you but signal bad. I been taken to hospital after having a fall <DATE_TIME>. If possible can you do me a quick favour and text me x,English,others,"distraction,kindness",,,51ddac91971b1b52,0.20002021111516205,0
Today 1:14 PM,DHL Express <US_BANK_NUMBER> IN CLEARANCE PROCESSING. Signature required. Manage Delivery: <URL>,English,delivery,"authority,distraction,time/urgency",DHL,,18c98fa1ff64d09a,0.20056098545176276,0
"Friday, 9 July 2021 18:35",DHL Express <PHONE_NUMBER> IN CLEARANCE PROCESSING. Signature required. Manage Delivery: <URL>,English,delivery,"authority,time/urgency",DHL,,7a71f8facf50bd7a,0.20056098545176276,0
Today 14:28,Your parcel can not be delivered because the parcel address does not match the street details. Kindly update address:,English,delivery,"distraction,time/urgency",,,4ef18cc4d4a951e3,0.20144783554374204,0
"Tuesday, 7 July 2020 5:06 pm",1 -Property Papers 2-Aadhar card 3-Id Proof email id <EMAIL_ADDRESS> Whatsapp No-<UK_NHS>,English,telecom,authority,Jio,,85519bb3cda8e4c3,0.20161746794093932,0
"Mar 30th, 2021",Hi I'm <NAMED_ENTITY> and I was wondering about the item you have on F B https,English,wrong number,,,,0cd95105629bd62e,0.20198752797256878,0
10:19 AM,AusPost: Sorry! We missed you <DATE_TIME> and we will not be back to deliver your parcel. More details: <URL>,English,delivery,"authority,time/urgency",auspost,,ed3cfec0f8f4dd1c,0.20230273828001033,0
,Don’t let smishing get on the way. This is a shortcut for SMS Phishing,English,others,,,,25cb85012ed69e46,0.2024341748720033,0
,Don't let smishing get on the way. This is a shortcut for SMS Phishing,English,others,,,,82a50a1264fffdad,0.2024341748720033,0
15:02,DBS Installment loan 3.8% P.A SGD 20000=$600x36 Month SGD <DATE_TIME> SGD <US_DRIVER_LICENSE>=$9500x60 Month <NAMED_ENTITY> <US_BANK_NUMBER> Whatsapp : <PHONE_NUMBER>,English,banking,need and greed,dbs,,322872fc008bd1e1,0.20257259133762934,0
"Mar 10th, 2021",Hi I'm <NAMED_ENTITY>. I wanted to know more about the item you have on Fb -,English,wrong number,,,,0ffd912cb3ad891a,0.20261871817473745,0
Wednesday December 28 11:04 a.m.,Hello again I'm finalized the documents the remaining balance will be by via text.,English,others,,,,c906c2a4d168fa41,0.20341859555195055,0
7:58 PM,Information about the new shipment: - <URL>,English,delivery,"distraction,time/urgency",,,3f47b4420f3007c4,0.20344536958086204,0
"Tue, Mar 5, 5:51 PM",WTF... Actually she done it?? I won't process such action from them.. <NAMED_ENTITY> will be in contact. Here the documents <URL>,English,others,"distraction,time/urgency",,,e044e569349bd655,0.2034876067850719,0
Monday 1:51 PM,"URGENT: If all Patriots give $25, we'll have what it takes to TAKE ON FACEBOOK! Do you stand with President <NAMED_ENTITY>? Donate NOW: <URL>",English,others,"authority,distraction,herd,need and greed,time/urgency",facebook,bit.ly,90a468cc4c99ae8c,0.20372699370777092,0
Today 14:28,Your parcel can not be delivered because the parcel address does not match the street details. Kindly update address: <URL>,English,delivery,"distraction,time/urgency",,,dac9cd8ee3ccd923,0.20373135170290074,0
05:09 pm on 11 May 2022,Recharge Code Purchased Google Play Recharge Code GLXZ-33Z4-<US_DRIVER_LICENSE> YA-9SK7,English,others,authority,google play,,e59985884e6fb5d7,0.20374474733639084,0
11:49,We want to inform you that we have received a complaint against you. Kindly get in touch with the relevant authorities and share with us a clearance mail/ letter from their end so that we can unblock you. Sharing the details below: Acknowledgement / Complaint No. :- <US_BANK_NUMBER> Cyber's Details:- Name CHITTOOR 1 TOWN PS Designation Police Sub-Inspector (SI) Mobile <UK_NHS> Email sho <EMAIL_ADDRESS> Alternative Cyber's details:- Email id: dsp-dcrb-ctr.apl@<URL> State: ANDHRA PRADESH,English,government,"authority,time/urgency",police,,cc8c44c4c346fb73,0.20402731190098955,0
"Mar 22nd, 2021",Hi I'm <NAMED_ENTITY> and I wanted to know about the item you have on FB - https,English,wrong number,,,bit.ly,a147f8ccdba3210a,0.20448680146056147,0
"Mar 30th, 2021",Hi I'm <NAMED_ENTITY> and I wanted to know about the item you have on FB https,English,wrong number,,,,7248138d4463605a,0.20448680146056147,0
Wed,Tracking: let's see where ; your package is <URL>,English,delivery,"distraction,time/urgency",,,4ccb51ff7ecb51bd,0.20449693399722985,0
22:24,Once <LOCATION> results are out come 2 OTC-Pta 4 ur 2023 studies. Ur space is reserved. Complete registration form,English,others,"authority,time/urgency",,,79f45d460769d4f9,0.20460402872060676,0
Yesterday 21:02,A new payee was added <DATE_TIME>:<URL> . Visit now if this was not you,English,banking,"authority,time/urgency",,,6375944e36ae7a61,0.20469004304672136,0
9:24 AM,Hey <NAMED_ENTITY>! Please be informed that the minimum transaction amount to transact in Amazon is INR 3000.,English,others,,Amazon,,ec61119af480a964,0.2049102116585442,0
"Friday, 20 January 2023","Shipment attempt 2/2 - Item-I<MEDICAL_LICENSE>03ZA needs your attention, and will be returned, if not confirmed: <URL>",English,delivery,"authority,distraction,time/urgency",item-ips208497103za,,16d919e4da998a7d,0.2049451562411428,0
,"Alert!:My name is <LOCATION>, I have a Transaction of $14.9M proposal for you that will earn you at no risk. Write me On email: <EMAIL_ADDRESS> for more infor",English,others,"authority,need and greed",,,826077f96d76b715,0.20530103571895006,0
3:14,3 IN 1 PLAN Invest Rs. 4K PM and enjoy benefits like: 1. Maturity of <LOCATION>2. Whole Life Cover of Rs. 12 Lac 3. Pension 30K PM Click,English,others,"need and greed,time/urgency",,,7d35cacd7f1af357,0.20536511297035684,0
Today 11:51 AM,(<LOCATION>-P0ST) Reschedule is required visit: <URL>,English,delivery,"authority,time/urgency",canada post,,8ec289ef9eef85b2,0.2053873755824669,0
20-7 12:21 PM,NIL RECRUITMENT <DATE_TIME> Post: Trainee Qua: <URL> Exp: Fresher Sal: 9-15Lac Vacancy: 2100 <NAMED_ENTITY> <DATE_TIME>: 21-July-2019 Details: <URL>,English,others,time/urgency,nav ratna india,,f760a6fb5353c789,0.20540544544957465,0
,The membership costs just $9.99.. I remember our conversation from tinder and you were 12 miles away from me so it'll actually work out good because I could go on a date with you and sort it out on the premium site chat but I have no way to contact you because snap just disabled my messaging I'm soo pissed..,English,others,"distraction,kindness",,,f578afbecb75d7f8,0.20543855360007945,0
12:57 pm,"I am Mrs. <NAMED_ENTITY>, A female Investor from <LOCATION>, I want to invest in <LOCATION> and I need your service Pls email me:<EMAIL_ADDRESS>",English,others,kindness,,,c82d74f8205b93f2,0.20560180653193977,0
,- Paytm never calls for <NAMED_ENTITY>. Do not share it with anyone. Login OTP: <DATE_TIME>. Not You? Report,English,banking,authority,Paytm,,5183ee17604bf298,0.20570487169288595,0
"Sunday, March 19, 1:47 PM","Hi, ​​​Is there a specific time <DATE_TIME> that I can call you to talk briefly about your ministering families? Thanks ​​​",English,others,kindness,,,6c67a35decd05014,0.20577414905360383,0
"Sunday, March 19 1:47 PM","Hi, ___ Is there a specific time <DATE_TIME> that I can call you to talk briefly about your ministering families? Thanks ___",English,others,,,,b48c79d10e4cfa20,0.20577414905360383,0
8:52 AM,"Hi everyone, I'm the general manager of the Amazon project and I'm currently hiring a part-time team. You can work part-time on your phone. A part-time job takes <DATE_TIME>! Newcomers get 60RS right away. Daily salary: 3000RS-20000RS. Interested in contacting me for consultation Whatsapp+Click the link to add automatically",English,others,"authority,need and greed",Amazon,wa.me,9e92ca07f4ce02ec,0.2057966419877932,0
12:40 PM on 03 Feb 2020,First transfer,English,others,,,,95b24e0f19a6ca02,0.2060826955461375,0
"Wed, Jul 5 at 11:16",Have <DATE_TIME> <URL>,English,others,,,,b96b95397fce811f,0.20619204693180437,0
4:03 PM,"Govt Approved 4G/5G towers in your Plot,house spare space 30000 rental advance+1 <DATE_TIME> insurance+2 job",English,others,"authority,need and greed",,,68af53def8d22272,0.20638367113590284,0
4:03 PM,"Govt Approved 4G/5G towers in your Plot, house spare space 30000 rental + advance + insurance + job",English,government,"authority,need and greed",government,,d1873aa187a96d64,0.20638367113590284,0
9:24 am,Sorry about that. We understand that you're waiting for a communication from our end. Be assured we're working on the issue raised. Request you to allow us some more time so that we can sort this out. Appreciate your patience. ^CK,English,others,,,,18fd536b6b98edf9,0.20639939964665752,0
10:27,Package detained in terminal - Payment of freight is missing: $1 The package will be shipped immediately upon payment of freight.,English,delivery,time/urgency,,,77e7353ecd1c10ec,0.2065476725251492,0
"Fri, Sep 9, 9:16 AM",Bank of America: Accept the updated terms.,English,banking,authority,Bank of America,,84fcbf97c2890030,0.2067365581321069,0
Yesterday • 1:05 pm,"<NAMED_ENTITY>, My self <NRP> call me - <DATE_TIME> for emptiness & fun & Enjoyment purpose. also other Servces available. <NAMED_ENTITY>",English,others,"distraction,kindness",mordenpublicschoolghaziabad,,c9242d52bf0c7812,0.20686069979353852,0
Yesterday 11:38 PM,<DATE_TIME> @11:38pm voting still on y?,English,others,,,,d7b48116515330e6,0.20691612355190342,0
"Today, 12:16","There is a part-time job, using a mobile phone at home, can earn 300-3000 rupees a day, work <DATE_TIME>. Click:",English,others,"need and greed,time/urgency",,wa.me,fc55e944796b8818,0.20812180026433474,0
4:37 PM,**** is your Amazon OTP. Do not share it with anyone.,English,telecom,authority,Amazon,,981b81015ada45ef,0.2083695087741913,0
"Jan 12, 2022 at 10:28 AM",<DATE_TIME> is your Amazon OTP. Do not share it with anyone.,English,others,,Amazon,,c3defe2ea2f40aa7,0.2083695087741913,0
06:59 PM,SIMPL never calls for <NAMED_ENTITY>. DO NOT SHARE it with anyone. - Authorize your Zomato purchase using <NAMED_ENTITY>: _ - Simpl Pay,English,banking,"authority,time/urgency",zomato,,9b712a6d51d8c632,0.20881395384442586,0
Yesterday • 10:12 PM,Pickup Rescheduled: Axor Apex Hunter Motor... with tracking ID FM<MEDICAL_LICENSE>346 from <URL> could not be picked up <DATE_TIME>. We will try again <DATE_TIME>. Click to give feedback: <URL>,English,delivery,"authority,distraction,time/urgency",flipkart.com,,690fef621dbebdc6,0.20882236635916365,0
04/28/2023 10:16 PM,i'm really sorry if i'm wasting ur time i just want to ask u for a small help if u don't mind i need this free xbox game pass code from discord gifts if u don't need it 💖,English,others,"kindness,need and greed",discord,,704a06c6a66ddb5a,0.20889054698279494,0
03/05/2023 4:40 PM,i'm really sorry if u i'm wasting ur time i just want to ask u for a small help if u don't mind i need this free xbox game pass code from discord gifts if u don't need it 💕,English,others,"kindness,need and greed",,,17e761536403672f,0.20889054698279494,0
04/19/2023 9:23 PM,i'm really sorry if i'm wasting ur time i just want to ask u for a small help if u don't mind i need this free xbox game pass code from discord gifts if u don't need it 💕,English,others,"kindness,need and greed",discord,,d7e7f3afab62c960,0.20889054698279494,0
Today 2:13 PM,USPS - the arranged delivery time of the package <DATE_TIME> got postponed. Please verify here > YOKIKO <URL>,English,delivery,"authority,time/urgency",USPS,,93f07425a4dd6dea,0.20927338648818652,0
,Don't get your heart broken by SMishing scams. The IRS will never text you.,English,government,authority,IRS,,07f08e93eb2ccd8c,0.2092985349494418,0
,Don’t get your heart broken by SMishing scams. The IRS will never text you.,English,government,authority,IRS,,c9f83f755f7e9e9b,0.2092985349494418,0
"Tuesday, 7 May • 13:07",VVIP Number Available For Sale _____ ______ ____ ___ <PHONE_NUMBER> Price 25000/- Dev Solanki-<PHONE_NUMBER>,English,others,need and greed,,,a6e781761dd57a75,0.20933256046928178,0
Sunday 01:21,GOVUK: We have identified you as eligible for a discounted energy bill under the Energy Bill Support Scheme. You can apply here:,English,government,"authority,need and greed",govuk,,9efca5aa1306f3f9,0.20941815948102058,0
"Sun, Mar 5 at 9:04 AM","SSU I, Housing resources can help shelter your family! See if you qualify: <URL>",English,others,,,,908a95a73e6038d8,0.20949754841854493,0
Jan 26 6:37 AM,Google is verifying phone# of this device. 7A1rMqbs Learn more: <URL>,English,telecom,authority,google,,bbf4844b57beae84,0.20974359705678758,0
Jan 19 8:13 AM,Google is verifying phone# of this device. D8K9CxN8 Learn more: <URL>,English,others,distraction,google,,1fe5d912a5fece0c,0.20974359705678758,0
8:47 PM,Google is verifying phone# of this device. hd51jc93 Learn more: <URL>,English,others,authority,google,,fa4e3baacb9f1d70,0.20974359705678758,0
Jan 22 7:14 PM,Google is verifying phone# of this device. tivwVApT Learn more: <URL>,English,others,authority,google,,10be06a99773e90a,0.20974359705678758,0
"Fri, 10:50 pm",Accept incoming payment <URL>,English,banking,time/urgency,,bit.ly,997aaf6ba8d309f9,0.2099485439258288,0
6:49 AM,Sms Charges please Just Sms charge can't you explain For all the <DATE_TIME> sms notifications you have received When did that one start You are charging me for sending me Sms That's fraud How can you charge your customer for sending him Sms,English,others,"authority,dishonesty",,,814e83901fd2d17a,0.21007502072365733,0
"Today, 12:57; Today, 17:48",WELCOME WELCOME,English,others,,,,794469ec94a1834d,0.21016347107292185,0
Today 5:59 PM,Acc Frozen TO UNLOCK GO = <URL>?USBANK,English,banking,"authority,time/urgency",us bank,,173939dd63ff165b,0.21049643260251696,0
Today 5:59 PM,Acc Frozen TO UNLOCK GO = <URL>,English,banking,"authority,time/urgency",us bank,,5da4edc45ab64204,0.21049643260251696,0
,Look who died ... 😞😢,English,others,,,,96545a685f31998c,0.21081486859396442,0
"Tuesday, Mar 21 • 6:38 PM","<NAMED_ENTITY>, what are your plans for <DATE_TIME>?",English,wrong number,,,,378c55066f5c7bc2,0.21087981438923137,0
11:43 am,"Hi! We're sad that you feel that way and understand your concern here. Please note that the 79/- plan doesn't include any SMS benefits. Meanwhile, you can recharge your number with a minimum pack of Rs. 129 and above or visit <URL> Thanks, Akriti M",English,telecom,"authority,need and greed",Airtel,,476e2fc2f92c3723,0.21112245860682186,0
Today 00:41,GOVUK: We have identified you as eligible for a discounted energy bill under the Energy Bill Support Scheme. You can apply here: <URL>,English,government,"authority,distraction,need and greed,time/urgency",govuk,,ccdf7fe9a48fcc4a,0.2115076750920619,0
13:04,Hi mam and dad my sim card is blocked. This is my new phone number <PHONE_NUMBER>. Text me now on WhatsApp. Thank You!,English,hey mum/dad,kindness,,,9c48dffee509c195,0.21164107809106852,0
"Tue May 19, 2020 6:57 AM","SMS/SMS CHARGES MAY, <DATE_TIME>",English,others,,,,ec29803d1dd49832,0.21172657019221472,0
10:22 AM,<NAMED_ENTITY>. I'm curious if 1149 <NAMED_ENTITY> is available. Can we jump on a call and go over a lump sum deal for it? <NAMED_ENTITY>! <NAMED_ENTITY>,English,wrong number,,,,a4a146f248f17320,0.21184626930764264,0
,Pres Trump: Do you agree the <LOCATION> should require voter ID to vote in our Elections? I'll look for your answer in 1HR! Take the survey:,English,government,"authority,time/urgency",pres trump,,18ad0685567fe7ae,0.21201795153162245,0
7:58 PM,Hi there! Did you get - ? (09?) your delivery?,English,delivery,distraction,,,17ef45435569d40e,0.21211299090729396,0
,"<NAMED_ENTITY>, someone complimented you! See more on IRL: IOS: <URL>",English,others,"distraction,need and greed",irl,,5c2650859533aff9,0.21226202478645914,0
2:00 PM,Don't lose cashback of Rs20 on <DATE_TIME>...,English,others,"distraction,need and greed",,,3e8b3d75d6eccf50,0.21243565887049218,0
Monday 15 May 09:07,Hello mum I was in a small accident my phone is fully smashed! Im using a friends phone to text you now. Pls text my new number <PHONE_NUMBER> asap its urgent x,English,hey mum/dad,"kindness,time/urgency",,,630bcb35e02c10bd,0.21280821197621821,0
04:47,"POST-OFFICE No one was in to sign for (100764773GB), use <URL> to rebook a new slot.",English,delivery,"authority,time/urgency",post-office,,aee8fa1e11f6efee,0.21315874467384108,0
3:45 PM,"Amazon urgently recruiting for part-time jobs, you can earn 5000-<US_DRIVER_LICENSE> rs every day, add Whatsapp:<URL>",English,others,"authority,distraction,need and greed,time/urgency",Amazon,wa.me,d51a0ab842bf3fdc,0.21316353023811782,0
6:38 PM,Due to no safe place to leave it the package no <US_BANK_NUMBER> was returned to the warehouse!,English,delivery,time/urgency,,,cd29848a85cf54b3,0.21322814028412257,0
"Today, 17:03",Refill booking no:<URL> dist clrd Booking upto <URL>y on Amazon and get upto Rs 300 back.,English,others,"need and greed,time/urgency",Amazon,,b7327d5710b622f6,0.2133474364097638,0
"Feb 23rd, 2021","Hi, this is <NAMED_ENTITY>. I'm interested in the item you have on FB: <URL>",English,others,,,,d28781689b267780,0.21341746945076778,0
Today 4:54 PM,"I'll send you sms , contest If a mesage comes with a code, please send it to me,",English,others,dishonesty,,,b504237739629639,0.2135125048792455,0
,call me <DATE_TIME> now u r making me fool,English,wrong number,,,,e02312c78ad7f020,0.21364400685092721,0
Friday 10:14 PM,Need data? Enjoy high speed data at only RM38/day for non-stop surfing in <LOCATION> on NTT DOCOMO/SoftBank. Dial *<DATE_TIME> check Pass Activation before browsing. Seamless connectivity with Hotlink!,English,telecom,need and greed,ntt docomo/softbank,,afbb3b3a278f32d0,0.21416172014329596,0
Friday 6:30 PM,"I'm <NAMED_ENTITY>, are you Mr. <NAMED_ENTITY>, please?",English,wrong number,,,,1840fd9eb523afc6,0.21424188357552357,0
Today,Please be aware that your wallet will be suspended if you do not enable it in the SMS authentication system: <URL>,English,banking,"authority,distraction,time/urgency",metamask,,334fb38f50f3c284,0.2142862207623051,0
"Today, 3:54 PM",For feedback- <URL>,English,others,authority,Amazon,,bb19602783661c3b,0.2146020606160854,0
"Wednesday, Aug 14, 2019 • 10:20",848.77 for <NAMED_ENTITY> <URL>,English,others,,,tinyurl.com,7a6be891df181081,0.2146020606160854,0
"Wed, Mar 15 at 11:13 AM","***Public Safety Alert*** Hi <NAMED_ENTITY>, my name is <NAMED_ENTITY>, and I'm reaching out to warn you of a dangerous misinformation campaign happening right now in <LOCATION>. A fringe group is currently trying to trick the public and pass the misleading ""Protect Act."" It's a new law that restricts the investigation of drunk drivers and prohibits checking for active warrants on legally detained, possibly violent, suspects. And that's just the beginning... Can we count on your support to OPPOSE the misleading ""Protect Act""",English,others,"authority,distraction",,,4fb5580394a3d53e,0.21462018808024927,0
,Don’t they create jobs in your country?,English,wrong number,,,,38d22ac46777dc7b,0.21490998794488553,0
,"Get a $25 shop credit by telling us what you think. Simple as that. Before they offer you credit to use at CVS, the following has to be finished.",English,others,need and greed,cvs,,9e95de431b7639a2,0.21511956029335985,0
9:20 at night,Kindly assist me with ksh 4500 to <PHONE_NUMBER> then I will refund you <DATE_TIME> please 🙏,English,others,"kindness,time/urgency",,,806f9a0b62719e22,0.21514945229772375,0
"Tuesday, August 22","I would like to know if you are available for fitness training? My name is <NAMED_ENTITY> and I want you to advice if you will be available for training of 4 people for 3 times a week, 1hr per session for <DATE_TIME>. 2(female) aged (22 and 20) and 2(male) aged (<DATE_TIME>) and the 4 Adult they need to gain power, agility, and plyometric development stability, strength and flexib. I got your information online among the best trainers via google map.",English,others,authority,,,91a26e61426f4180,0.2152234373800573,0
,"TR/9820, about the two hundred and forty thousand dollars due to you",English,others,need and greed,,,ead26aacf8a9fc2a,0.21531353677882967,0
"Mon, Jul 11, 2:19 PM","You just sent a payment to <NAMED_ENTITY> for $6.50 USD. If you do not make this transaction, you must cancel before <DATE_TIME>:",English,banking,"authority,time/urgency",,,b311f90e5b11a66b,0.21544904071662027,0
Today 19:53,"The position you APPLIED for has now become AVAILABLE, you meet all the criteria. If you still want to be interviewed Dial *120*489# s2out1.67/20s Rgrds HR.",English,others,"authority,distraction,time/urgency",,,a489cdca8ce6d979,0.21557953888598563,0
"Wednesday, today 10:31","The position you APPLIED for has now become available, you meet all the criteria. If you still want to be interviewed Dial *120*489# s2out1.67/20s Rgdrs HR.",English,others,"authority,time/urgency",,,61ec7e983842ea96,0.21557953888598563,0
"Friday, June 24, 2022 11:52 AM",MMS is sent to you from +<URL>ease retrieve it at <URL>,English,banking,"authority,distraction,time/urgency",digibankkta,,18da0d866d121333,0.21565779280707464,0
12:06 AM,"Hi, I'm sorry, I sent you a 6-digit code by SMS by mistake, can you pass it to me please? It is urgent😘",English,others,"distraction,kindness,time/urgency",,,5253d981d53cffcb,0.2156885071672656,0
17:54 17:55 18:13 18:55,Number <US_BANK_NUMBER> successfully modify the sharing quota to 5120 with you on Data Bundles. Number <US_SSN> successfully modify the sharing quota to 2120 with you on Data Bundles. Number <US_SSN> share with you on <NAMED_ENTITY> until <DATE_TIME> and the limitation is 5120MB. Number <US_BANK_NUMBER> successfully modify the sharing quota to 5120 with you on Data Bundles. Number <US_BANK_NUMBER> share with you on <NAMED_ENTITY> until <DATE_TIME> and the limitation is 5120MB.,English,telecom,,,,6f07bf49b254f364,0.2156900303485553,0
,Click here to take part in a poll for the election of the next POTUS.,English,others,distraction,,,85e73d21e2d2c0c0,0.21581340613104716,0
Apr 22 10:47,Get <US_DRIVER_LICENSE> MORE VALUE anytime you buy <US_DRIVER_LICENSE> Xtracombo plan in <DATE_TIME>. You get 300MB and 40mins for calls. Dial *567*125# to enjoy. Plan is valid for <DATE_TIME>.,English,telecom,"distraction,need and greed,time/urgency",,,fde8663bfaeed722,0.2159513915888227,0
"08 Apr, 8:17 PM","Issue Created: We are looking into your concern with order OD 124522674410267000 and will resolve it by <DATE_TIME>, <DATE_TIME>. Track Issue: <URL>",English,delivery,"authority,distraction",od,,47f5d41a80cfeef2,0.2160474520987311,0
"Wed, Oct 12, 5:13 PM","Hi, <NAMED_ENTITY>! The former Bethune Library, public land, is proposed to be turned into a hotel. Tell the City and our Councilmember that our land should be used for affordable housing:",English,others,,,,942f7e2a3e0b072a,0.21615203492249724,0
Today 2:32 PM,You 4got 2 call last nite after the bar:( I really hoped we would have a fun nite last nite.,English,wrong number,,,,73a650d6afe73216,0.21637538183343916,0
Tuesday 30 May 2023 16:09,Santander: Your One Time Passcode is 72518 for a purchase of 199.99 to WAITROSE. If this was NOT you get in touch with us: <PHONE_NUMBER> REF: 4830GB,English,banking,"authority,time/urgency",Santander Bank,,252f513ebd97241c,0.21668644105154192,0
Today 9:38 am,GOVUK: We have identified you as eligible for a discounted energy bill under the Energy Bills Support Scheme. You can apply here:,English,government,"authority,need and greed,time/urgency",govuk,,f9d359bb49754a05,0.2166991601838578,0
18:20,"Dear, i am a project manager .U are selected for part/full time job. Now can earn 8000 a day",English,others,"distraction,need and greed",,cutt.ly,a4c44f6e0fbde804,0.21675326281429352,0
,"Hello, sorry I sent you a 6-digit code by SMS by mistake, Can you transfer it to me, please? It's urgent.",English,others,"distraction,kindness,time/urgency",,,430e79c763b48ddc,0.2168321491080829,0
9:30 PM,Accept incoming payment,English,others,,,bit.ly,8c1c429337b6f2c2,0.216943092007663,0
18:29,"Actually I am trying and looking for a party or person that does food supply by sending a list of items have to arrange it from the shops and have to deliver it to our supply boat to male harbour t-jetty and payment will be as a cash payment when you handover the bill to our supply boat captain and you will receive the payment and after receiving the payment you can handover the goods to our supply boat captain, so if you are able to do it let me know as soon as possible so that I will send you our official company purchasing order items list from that you can verify my details company information and the items we need to arrange for <DATE_TIME>.",English,others,"distraction,time/urgency",,,029b84e546d30d73,0.21698606445167018,0
"Today, 2:54 PM",This is for Acc. is locked. Confirm here: <URL> - * <LOCATION> B4nk,English,banking,"authority,distraction,time/urgency",huntington b4nk,,c25b2e9b322ffac8,0.2170004998379606,0
3 min,TymeBank:A third-party payment...,English,banking,"authority,time/urgency",tymebank,,d21640c0b2053114,0.21703104763713152,0
"Di., 14:37",Happy <DATE_TIME> to you and your family. 🦃 🦃. <NAMED_ENTITY>,English,wrong number,,,,86ae59590a17074c,0.21705008984466134,0
Today 10:24,((WellsFargo) $212.59 Charge@SAFEWAY In <LOCATION>.. YES Reply Y. NO? CallBack Now @),English,banking,"authority,time/urgency",wells fargo,,e790f1f0afbccb0d,0.2170987955880846,0
Today 1:06 pm,We are having problems delivering your package,English,delivery,"distraction,time/urgency",,,2b8a0eb1dcd3b8ce,0.21726182419224763,0
5:18 AM,"⚡ IF YOUR DON'T KNOW ABOUT CRYPTO AND HOW TO USE IT, PLEASE IGNORE THIS MESSAGE",English,others,distraction,,,a975687fb1d24cab,0.21742289142291096,0
Today 6:24 pm,We are having problems delivering your package <URL>,English,delivery,"distraction,time/urgency",,,0be04145dcfce5c9,0.21743932261452611,0
15:16,"RM0 Your <NAMED_ENTITY> is 497-634. DON'T SHARE IT WITH ANYONE, even BigPay TYEKMIECX73",English,banking,"authority,distraction",bigpay,,7b0909af532aa7bb,0.2174403548494829,0
Yesterday,Dear I am a project manager. You are selected for Part time/Full time Job. Now you can earn 8000 Peso <DATE_TIME>...,English,others,"distraction,need and greed",,,c90b223bb933b526,0.2175281160829525,0
"19 September 2022, 11:42 am",<DATE_TIME> class is starting call me If you want to attend the class,English,others,,,,f1d35c408ec9ec12,0.21766810619506807,0
4:37 PM,XXXX is your Amazon OTP. Do not share it with anyone.,English,others,"authority,distraction",Amazon,,ccde8fed2266901b,0.21774408482267588,0
"Friday, April 28 5:01 PM","Hi, I'm <NAMED_ENTITY>, a chatbot at RPI! I'm here to send you important info & answer questions 24/7. Nice to meet you!",English,others,,rpi,,0f66aec0f053ba4e,0.21793663258581372,0
"Friday, April 28, 5:01 PM","Hi, I'm <NAMED_ENTITY>, a chatbot at RPI. I'm here to send you important info & answer questions 24/7. Nice to meet you!",English,others,authority,rpi,,a86a7d23d4cbdbf3,0.21793663258581372,0
Today 11:49 am,"LINKT:Your road toll bill in <DATE_TIME> is seriously overdue, otherwise you will face huge penalties, please pay it immediately.",English,others,"authority,time/urgency",linkt,cutt.ly,8ff311f35e562f85,0.21795645975240466,0
14:34,Do you want to pay <NAMED_ENTITY>. 99 to direct-pay-limited Account no. ATL776490222? Enter M-PESA PIN:,English,banking,"authority,time/urgency",m-pesa,,a8aad8efe5ece436,0.2181570596412152,0
6:32 pm,Good <URL> stop porting ...going to complain to trai for it,English,telecom,authority,trai,,fe813dbcd18bf16e,0.21822066946627874,0
12:32 PM,Good <DATE_TIME>. <NAMED_ENTITY> here from Swiss City PATONI calling to let you know that your kids have arrived in really bad collection. Thank you. Bye.,English,others,"authority,distraction",swiss city patoni,,b3a3a92e8550b795,0.21832313152859367,0
Wednesday December 21 10:33 a.m.,e-Transfer,English,others,,,,41f23052abef6d52,0.21837649373533127,0
Yesterday 20:39,GOVUK: We have identified you as eligible for a discounted energy bill under the Energy Bills Support Scheme. You can apply here: <URL>,English,government,"authority,need and greed",govuk,,4050d318e5e129bb,0.21850503997669674,0
9:13 PM,Hi i can't reach you please contact me at <EMAIL_ADDRESS> it's very important.,English,others,distraction,,,56117266006a8e8c,0.2185692384574868,0
"Saturday, February 19, 2022 11:23 AM",<#>B o A: We need you to confirm DEBIT info and email on file. If not access could be locked,English,banking,"authority,time/urgency",b o a,bit.ly,e435f249582f8b90,0.21877597889584477,0
21/01/2020,RMO Here's a Boost Ang Pow! Accept within <DATE_TIME> to join <LOCATION>...,English,others,"distraction,time/urgency",rmo,,ee1348e15eeeb76f,0.21890288583570977,0
"Today 6:43 AM, Today 7:44 AM",I have a business prosposal I want us to discuss. Contact me urgently at: <EMAIL_ADDRESS> IT'S MY PLEASURE TO PARTNER WITH YOU IN AN URGNT TRANSACTION FROM <LOCATION> TO <LOCATION>. GET BACK TO ME VIA: <EMAIL_ADDRESS>,English,others,"distraction,need and greed,time/urgency",,,d24f6ed3e2b470bb,0.21890931589768817,0
,"Hello, I'm sorry, I sent you a 6-digit code by SMS by mistake, can you pass it to me please? It is urgent...",English,others,"distraction,kindness,time/urgency",,,35b0845b94cc8938,0.21909666630175234,0
07:37,"Hello, I'm sorry, I sent you a 6-digit code by SMS by mistake, can you pass it to me please? It is urgent😟👋📷",English,others,"distraction,kindness,time/urgency",,,cbc08d4f6f107be3,0.21909666630175234,0
"6:14 am, Friday, 29 November 2019",(47E8acRbatr0) Google is verifying the phone# of this device as part of setup. Learn more:,English,others,authority,google,,0f10bf956a674966,0.21910184839942295,0
Yesterday 23:31,(Bsc9z4kjaXE5) Google is verifying the phone# of this device as part of setup. Learn more:,English,telecom,"authority,distraction",google,,d9e49a1dc92ecf7f,0.21910184839942295,0
1:38 PM,(RBCALERT) Action needed at: <URL> login to continue.,English,banking,"authority,time/urgency",rbc,,4f0e1a32f55b7a4b,0.21943378601553118,0
2023/6/5,We apologise that we The original receipt label is damaged Failure to deliver normally. status of the package has stopped updating. Consignee information to be confirmed,English,delivery,"distraction,time/urgency",,,7ab933b6bc737506,0.21953850073315118,0
8:00 AM,1457 is your <NAMED_ENTITY>. Do not share it with anyone. Regards <URL>,English,others,dishonesty,bookchor,,413cc00f55f2219f,0.21958748131950853,0
"Mon, Nov 7, 7:27 PM",<NAMED_ENTITY> shot you a live video invite. Access her webcam here: <URL>,English,others,,,,7323a1ecee84f0b8,0.21966929151285597,0
Monday March 6 19:57,My name is Nehaa urgently need workers 21000RS contact: <URL> KumarShirtsBesantRoadVijayawada My name is <NAMED_ENTITY> urgently need workers 21500RS contact: <URL> KumarShirtsBesantRoadVijayawada,English,others,"distraction,time/urgency",kumar shirts,,843de4392898055e,0.21986505679385057,0
01:12 pm on 23 May 2022,Recharge Code Purchased Google Play Recharge Code Google Play Recharge Recharge Code 9D5H-PP01-NTLP-2ZXG,English,others,authority,google play,,5568092cafc02cf9,0.21991668647925938,0
"Wednesday, 26 May 2021 10:03 am",<URL>'s <DATE_TIME> <NAMED_ENTITY> in Federal Capital Territory(MAIN) Ministry Am now working with Shell Oil Company now in <LOCATION> state do u wish to apply bcus there is internal recruitment going on now with good Salary it is very urgent.,English,others,"authority,distraction,need and greed,time/urgency",shell oil company,,ada382010e7ccdfe,0.21993905326274352,0
"Thu, Jan 12 at 11:58 AM","It’s <NAMED_ENTITY>, your representative fighting for you in Congress. What issues are important to you? Take my quick survey and sign up to receive real-time updates on my work for you: <URL> STOP2END",English,others,,,,b7c3999b9e725992,0.21996700053344914,0
18:12,blue dart courier fast delivery <URL>,English,delivery,"authority,time/urgency",blue dart,,576c85acda17c6d0,0.22003539525817487,0
21 June 2019 16:36,(MW9VnmQWj16H) Google is verifying the phone# of this device as part of setup. Learn more: <URL>,English,telecom,authority,google,,13568caaa4331b0f,0.22039930637899388,0
Today 00:13,(HUg0Tf44udfA) Google is verifying the phone# of this device as part of setup. Learn more: <URL>,English,others,authority,google,,164af3c6a632736e,0.22039930637899388,0
1:46 PM,We need you to confirm DEBIT info and email on file. If not access could be locked <URL>,English,banking,"authority,time/urgency",,bit.ly,218d0b5eaf71e622,0.2204616926263568,0
Yesterday 1:42 AM,Emirates Post informs you that your shipment will be returned <DATE_TIME> if we do not hear from you. Reference: N2416154UAE at : <URL>,English,delivery,"authority,time/urgency",emirates post,,b15315dac03ee955,0.22046633416224318,0
29/05/2022 13:52:29,SMS Notification Charge <DATE_TIME>,English,others,,,,719557322c08f4d3,0.22058884264206427,0
Feb 2 6:37 AM,Google is verifying phone# of this device. UJs nTd9 <NRP> more:,English,telecom,"authority,distraction",google,,12728156f70dd8c5,0.22083188389483885,0
Sunday 2 Apr 20:05,This is Linkt final reminder. We kindly request that you settle the payment at <URL>,English,others,"authority,time/urgency",linkt,,c2bc43ed7d2edc22,0.22091223160739112,0
Today 06:01,GOVUK: You are eligible for a discounted energy bill under the Energy Bills Support Scheme. You can apply now through: <URL>,English,government,"authority,need and greed,time/urgency",govuk,,f65a624543ebae63,0.22113428143580682,0
11:10 PM,We request you to wait for <DATE_TIME>. If you will not get your order in <DATE_TIME> please do let us know. We will do the needful.,English,others,distraction,,,9e3dbfa823d3594d,0.22115388452245188,0
Today 10:01 PM,Member-Ezdebra504 sent you these pix. Find below:,English,others,,,,d998e5b9f3faa841,0.22120780880085628,0
"Tuesday, 29 October 2019 10:02 am","I am <NAMED_ENTITY>,i have something important to discuss with you,please <NAMED_ENTITY> me;<EMAIL_ADDRESS>,it very urgent.",English,others,"distraction,kindness,time/urgency",,,4a0dc31398126fc4,0.22122621540650833,0
now,Arriving aoon: Youd Amtzon Fresh qrder is next for deiivery. Details at <URL>,English,delivery,"authority,distraction",Amazon,,8a4d0de508466d26,0.22123550174986645,0
Today 1:54 PM,"Job Vacancy Noification AT CHEVRON OIL COMPANY LONDON ENGLAND <LOCATION>, Send your CV through this e-mail:<EMAIL_ADDRESS>",English,others,"authority,distraction,need and greed",chevron oil company,,a4537993d5019b8a,0.2213164828774021,0
"Sep 15th, 2021","Hi, this is <NAMED_ENTITY> is this stil available? https",English,wrong number,,,,8bdce6b6f04bfb0e,0.22134211514362107,0
"Feb 8th, 2021",Hi . Is still available? I saw the following prop on your Facebook realestate page : : <URL> .Very interested. Thanks Aaisha,English,wrong number,distraction,facebook,,8addcc1986834893,0.22144852652823632,0
09:43 PM,Do you want to view detailed usage statement?,English,others,,,,6ae91435f440ce54,0.22161279074186369,0
19 April 2023 at 10:45:39 PM IST,This is fraud allocation In Neha account Zero F&O allocation happened reverse the fraud n apprise.,English,others,distraction,neha,,cbb5c704797cbfec,0.22182623750739525,0
19 April 2023 at 10:45:39 PM IST,This is fraud allocation In Neha account Zero F&O allocation happened reverse the fraud n apprise .,English,others,distraction,neha,,202ece8a70c4c8f9,0.22182623750739525,0
Friday April 14 2023 3:43 a.m.,INTERAC e-Transfer : Canada Revenue Agency sent you $463.38 See : <URL> Data rates may apply,English,government,"authority,need and greed,time/urgency",canada revenue agency,,e830c8132c362692,0.22199753648114423,0
09:34,I need your partnership in a transaction from <LOCATION> to <LOCATION>. <NAMED_ENTITY> me at: sydneyja <EMAIL_ADDRESS>,English,others,kindness,united kingdom,,fb8834c3825779c4,0.2220360270814146,0
2m,Honey I hope you don't forget our promise to go to church.,English,wrong number,,,,8e2380c2385ce387,0.2221335724420367,0
Today 7:42 PM,Someone from achdeva Pub Sch said something about you on Slick. Download to find out what they think of you <URL>,English,others,"authority,distraction",,bit.ly,2d64c6198aee8ff8,0.22225101376184525,0
"Today, 9:30 PM","Beware while dealing based on unsolicited tips through Whatsapp,telegram,SMS,calls,etc. and take an informed decision. Visit",English,others,authority,,tinyurl.com,1693dd19dff29cef,0.22237433831998923,0
Today 10:10,"We've asked you to get in touch as you're in persistent debt. It's important that you contact us on <DATE_TIME>, if you haven't already, so we can assist. If we don't hear from you within <DATE_TIME>, we'll need to suspend use of your credit card meaning transactions will be declined.",English,banking,"authority,time/urgency",,,e98a3711f38a59e2,0.22252791317086248,0
Today 2:40 PM,"-____ A payment was attempted. If this was NOT you, visit: https://____ <URL>",English,banking,"distraction,time/urgency",,,10d8854df73adc0b,0.22255186910379782,0
"Wednesday, 10:30 AM","<NAMED_ENTITY> read for Cons <US_BANK_NUMBER> on <DATE_TIME> for <DATE_TIME>,Reading:6662,Consumption <URL>ew meter photo at <URL> -MSEDCL",English,telecom,"authority,distraction",msedcl,,472a993b1ab9826f,0.22273637949610292,0
"Today, 10:46",Mumbai Airport Required Loader-120 Food Packer-120 Supervisor-55 C.S.A-90 Security Guard-130 Driver-50 SALARY <PHONE_NUMBER> <NAMED_ENTITY>,English,others,"authority,need and greed",mumbai airport,,e160ddf62770f4a9,0.22281433544617418,0
"Friday, November 18 6:38 AM",Your house number is incorrect and we cannot deliver your package. Modify the address so we can arrange delivery.,English,delivery,"distraction,time/urgency",,,8a4553f36fe9edbf,0.2228203130345067,0
,"Spot the Difference? <URL> is not the same as <URL> is not the same as <URL> (the first one is correct the second one is from hackers) The ""a"" in the later url is a cyrillic alphabet. An average internet user can easily fall for this. Be careful for every mail requiring you to click on a link. Please <NAMED_ENTITY>",English,others,"authority,distraction,need and greed",,,7341ec4641f40c40,0.22295570888075233,0
"Thursday, 24 December 2020 17:10","Thank you for your custom during <DATE_TIME>, stay safe and we wish you a very <DATE_TIME> and a Happy New Year from all the team.",English,others,,,,84ff2e861942482e,0.2230923357859156,0
Today 8:22 AM,You may have experienced a deduction in your GCash account <DATE_TIME>. Adjustment in your balance will happen before <DATE_TIME>. Rest assured that your funds remain safe and secure. Thanks.,English,banking,"authority,time/urgency",gcash,,f02717bc9354bba6,0.22343096676054078,0
11:25 AM,CITI Alerts: The temporary code you requested is <URL> if this wasn't you.,English,banking,"authority,time/urgency",Citi,,cdb7d75d3091863e,0.2236365723660401,0
1:26 pm,"Dear SBI Cardholder,we would like to inform you that your query with SR no. 171 is under process. The same shall be resolved by <DATE_TIME>.",English,banking,authority,State Bank of India,,715706ad8a345eda,0.22370763081698694,0
"Sunday, 2 October 2022 10:53 am","Hi, I am a manager. U are selected for a job to work at home. you can get 5700Rs a day , contact: <URL>",English,others,"authority,need and greed",,,f92538dbeaa31de5,0.224456497084519,0
Fri 9:09 PM,"Hello madam GraceI have sent 6.8M via western union clear containers secret word""blue"" M.T.C password is (3258BMWM)juma javali frm.(TZ) cal/sms/whpp <DATE_TIME>",English,others,"distraction,need and greed,time/urgency",western union,,7f2f7e381cf716bb,0.22475512020813668,0
6:22 PM,westpac : Revolut 3000$ please cancel this transaction if this was not you: <URL>,English,banking,"authority,distraction,time/urgency",westpac,,71ba044eab50576b,0.22493674297877558,0
"Monday, 20 June 2022, 1:07 pm","Namaskaram, <LOCATION> culminates his <DATE_TIME> motorcycle journey to <NAMED_ENTITY> at Coimbatore. Watch the action live on 21 Jun, <DATE_TIME>: <URL>",English,others,,sadhguru,,f848fcac40b55376,0.22498823096416198,0
"Aug 26th, 2021","Hi , my name is <NAMED_ENTITY> . My husband saw your post on your fb page ""YOUR COMPANY NAME HERE"" . Is still available",English,wrong number,,,,e66707f8ec8c3d3f,0.22500347455219324,0
,"I am (brand) Human Resources Manager, online recruitment part-time team, <DATE_TIME> salary: 2000-6000, click to get",English,others,authority,brand,bit.ly,152798d238987615,0.22519726243248928,0
,R u stupid ? Why in ur previous message u told me about investigation going on ? Check previous thread Why no reply since <DATE_TIME> ? Is this is ur service?,English,others,distraction,,,988ebd3f176836a6,0.22539087012369202,0
"Wednesday, Sep 20 • 6:47 PM",Hello Fern. Its <NAMED_ENTITY> with Modern Acquisitions. We have been scouting for homes in your community . Are you thinking about letting go of 3589 <LOCATION> ike Apt 419 ?,English,others,,,,0dded24de36c0d43,0.22556060136501072,0
Today 6:50 PM,FB alert - acct EzKate0696 has sent you a private msg. Read and say HI below: <URL>,English,others,"authority,distraction",,,905aeeb2655a9fe8,0.22556235239036132,0
9:56 AM,"Hey I am <NAMED_ENTITY>, I have very special thing to give you for your upcoming RRB NTPC exam. And I am not joking here as you can see your ""name and details"" at the top and here I am providing you all those extremely secret rrb ntpc questions with answer <NAMED_ENTITY> in the form of a study material.. From exam schedule preparing to ECA selection all the internal official processes are completed, Already in <DATE_TIME> total 152 sets of questions for Upcoming NTPC exam which was secretly prepared by Senior Railway officials has",English,others,"authority,distraction,need and greed",rrb ntpc,,9efcdac221dbc7a7,0.2258275989654034,0
Sun Apr 02 11:27 AM,Hi <NAMED_ENTITY> Id- OD427320355306160100 We are sorry for the trouble caused. I assure you that we will take complete ownership of the case and solve the same with the best possible resolution available with us. We would like to inform you that the issue has been escalated to concerned team and we request you to wait <DATE_TIME> so we can provide us with the best resolution. Appreciate your patience and understanding. Thank you for shopping with Flipkart! Thanks Shamiza Tanveer Team Social Media,English,others,"authority,time/urgency",flipkart,,d2516a054de1e156,0.22609897256741873,0
"Jul 8, 2021, 1:36 PM",We tried to deliver your parcel <DATE_TIME> but you weren't in or there was no safe place to leave it,English,delivery,"authority,time/urgency",,,7b5627ef30ec8e93,0.22637297923306585,0
Sat,Dear I am a Recruitment Manager. You are selected for aART/Full time staff. U can w...,English,others,"authority,distraction,need and greed",,,82c44d98b9e54db7,0.2263811801672433,0
"Sat, Jun 24 at 3:59 PM","Amazon: Your code is <PHONE_NUMBER>. Don't share it. If you didn't request it, deny here <URL> Amazon: Your code is <US_DRIVER_LICENSE>. Don't share it. If you didn't request it, deny here <URL> Amazon: Your code is <US_DRIVER_LICENSE>. Don't share it. If you didn't request it, deny here <URL>",English,others,"authority,time/urgency",Amazon,,ce47c17ce12bfe59,0.22649570603196587,0
12:43 pm,"This is a SCAM. Do NOT respond. It is for identity theft. Note: Banks use https: The ""s"" after the ""http"" signifies that it is a secured site.",English,others,"authority,time/urgency",,,a0a2870ff043c94b,0.22686417899674657,0
Today 11:17 am,Important message! We're looking for you. - Read it here: <URL>,English,others,distraction,,,e31cd3761ea548bb,0.22689431513559755,0
2:59 pm,A New Payee was made from an unapproved device. You can Cancel this Solicitation at: <URL>ine,English,banking,"distraction,time/urgency",,,a4d60868d74d8c3a,0.22695551411284348,0
12:43,M-PESA MODE DETAILS No: <PHONE_NUMBER> Sec's Name : Agent <NAMED_ENTITY> screenshot immediately after payments for Verification. NOTE: Charges fee refunded in case of inconvenience. Upload screenshot immediately after payments for Verification.,English,others,"authority,time/urgency",m-pesa,,415ae6287379dd0b,0.22708103585226858,0
"Mar 10th, 2021",Hi I'm <NAMED_ENTITY>. I wanted to know more about the item you have on <NAMED_ENTITY>,English,wrong number,,,,dafc7011f30b8bc1,0.22709521843821576,0
14:40,See anything unusual? Stop and dial <DATE_TIME>,English,others,distraction,,,77c3e33e2e9b92c8,0.22713531777544008,0
1:32 PM,MTNL KYC FORM INDIA <URL> /ql4pYLlRs3DI MTNL KYC FORM INDIA <URL> /ql4pYLlRs3DI,English,telecom,"authority,distraction",MTN,,710f711fc12dcd83,0.22727586932192204,0
14:23,"Hello, Order No: ZAA11, Status: Paid, <NAMED_ENTITY> arriving <DATE_TIME>. Follow : <URL>",English,delivery,time/urgency,,,817402ea6142b332,0.2277270861434401,0
1:23 PM,"Hello, Order No: ZAA111, Status: Paid, <NAMED_ENTITY> arriving <DATE_TIME>. Follow : <URL>",English,delivery,"distraction,time/urgency",,,2692971eef263299,0.2277270861434401,0
11:39 AM,"(<NAMED_ENTITY>) Amazon urgently recruiting for part-time jobs, you can earn 1000-3000 Rs every day, add Whatsapp: <URL>",English,others,"distraction,time/urgency",Amazon,wa.me,b77a5845170994f9,0.22848885717492493,0
11:59,OTP Number for login is - <US_DRIVER_LICENSE>. Please do not share it with anyone for security reasons - SIVAJI,English,others,"authority,distraction",sivaji,,bcb01232d6c21033,0.2285283150037407,0
,You need to reset your password as soon as possible: <URL> -- The Facebook Team,English,others,"authority,time/urgency",facebook,,a2999c349acd0847,0.22884729440632415,0
Today 5:59 PM,MSG:Acc Frozen TO UNLOCK GO = <URL>?USBANK,English,banking,"authority,time/urgency",us bank,,35e002b8e92ec810,0.22911029993371465,0
4:46,Transportation: You have a travel fee that is overdue for a long time. <URL>,English,others,"distraction,time/urgency",,,e84ca210b0bee787,0.2291902543887764,0
"Tuesday, April 16, 2019  5:24 PM",FRM:ampbell SUBJ:the shadedEvie and MSG: kn6wde Please wait...,English,others,,,,553fc89245320868,0.22927406632778616,0
Today 12:48 AM,"$366.49 was sent, please deposit by replying 'Y'.",English,others,"distraction,need and greed",,,29f32226fea2e547,0.22951064363972468,0
"Monday, May 25, 2020 7:23 PM",HELLO MY NAME IS <DATE_TIME> LOOKING FOR A RELIABLE PERSON WHO CAN HANDLE THIS PROJECT <URL>NDLY CONTACT ME NOW ON THIS EMAIL(<EMAIL_ADDRESS>),English,others,"authority,kindness",mrs dung,,883207d2260feb89,0.2295656302456216,0
9:03 AM,We empathized with you for any inconvenience this may have caused. Kindly assist with the first eight and last four digit on the debit card used for this transaction in this format - <US_BANK_NUMBER>-7890. Thank you.,English,banking,"authority,need and greed",,,d9eccf197807bb58,0.22961625926927923,0
"Tue, Nov 8, 6:42 PM","Hi there, this is <NAMED_ENTITY>. Let's meet for a bite or drinks? Txt me: <URL>",English,wrong number,,,,41c484d6230ed763,0.22969365711783657,0
"domingo, 27 de novembro 15:06","[BINANCE] Withdrawal code: <US_DRIVER_LICENSE>. If this was not generated by you, cancel here immediately: <URL>",English,banking,"authority,distraction,time/urgency",Binance,,cbff0e21da163e7a,0.22985757267955115,0
"Wednesday, November 23 13:14","[KuCoin] Withdrawal code: <US_DRIVER_LICENSE>. If this was not generated by you, cancel here immediately: <URL>",English,banking,"authority,distraction,time/urgency",kucoin,,93c9a00af5469f0e,0.22985757267955115,0
Today 15:21,[BINANCE] Withdrawal code: <US_DRIVER_LICENSE>. If this was not generated by you cancel here immediately:,English,banking,"authority,time/urgency",Binance,,63f8f37c248482cd,0.23032039714904876,0
Today 15:21,Withdrawal code: <US_DRIVER_LICENSE>. If this was not generated by you cancel here immediately:,English,others,"distraction,time/urgency",,,48fdc9a6bfb1b864,0.23032039714904876,0
"Fri, 16:43",<NAMED_ENTITY> Provide Best E-Commerce Distrbutr franchisee for Rural & Semi-urban areas with little investment & lucrative commission. More <DATE_TIME>,English,others,"authority,distraction",Amazon,,37c8d13e234f19e4,0.2308083063347698,0
3:52 PM,ARE YOU SAFE FROM SMS HIJACK ATTACKS?,English,others,distraction,,,cf436cd69bf9dd00,0.23088631568375861,0
7:48 am,Home Delivery: L197233670AU for <NAMED_ENTITY> is pending - Track parcel: <URL>,English,delivery,"distraction,time/urgency",,,c813c66bbb2038c6,0.23127186270924946,0
Today 16:27,"Neon Reef has stopped operating, we'll be taking over your supply and be in touch soon with more information. Visit <URL> Hi this is British Gas, now we've taken over your energy supply. We're aware that scammers may be targeting you, so only click links that come from this sender.",English,telecom,"authority,distraction",british gas,,7e63edcd7a287154,0.23134996333890712,0
,"Copy the link to the browser. First, you need to register a part-time account of your own When you finish registering, the page will display a (DownLoad), click to download, click the download button next to the apk, and check that the download is in progress in the browser.",English,others,"authority,distraction",,,c9e521be006dd465,0.23169056256627135,0
"Friday, Apr 17 • 10:28 AM",Y'ello! Get 1GB at 2000/- and enjoy MTN's home bundle. Dial *150*<DATE_TIME> to buy using MoMo. Bundle valid <DATE_TIME>. #FightCoronatogether. DND *<DATE_TIME>.,English,telecom,"authority,distraction,need and greed,time/urgency",MTN,,d3c8f43077f7a37c,0.2317904746542489,0
"Sun, Apr 4, 4:14 PM",USPS: the arranged delivery for the shipment 1z40126 got changed. Please confirm here: <URL>,English,delivery,"authority,distraction,time/urgency",USPS,,410854bdbb320742,0.23184573696254,0
Wednesday 22 Mar • 12:35,Credit Amt:NGN5.32 Acc:157*******766 Desc:099008x23081 1101/Waiver of DBA MNTHLY FEE Time:<DATE_TIME> Avail Bal:NGN-16 Total:NGN-12,English,banking,,,,a02610887ae87fd1,0.2318890342702854,0
"Monday, Yesterday 1:28 AM",<NAMED_ENTITY> can you cater 50 people on <URL>U 25 people rice and chicken 25 people rice and beef 2 salads 2 vegs 50 still water 50 soft drinks from AYANDA of LOVELIFE,English,others,,lovelife,,580a6bbd3b9fe4d1,0.23190340175570093,0
"Monday, February 7, 2022",Use OFFLINE mode to Send money on the M-PESA App without data bundles! Download the APP & get 500MB data for first time download. Click,English,banking,"distraction,need and greed",m-pesa,bit.ly,c1fa14893e9fb943,0.23204709198145662,0
11:08 PM,As I confirmed delivery boy is on the way you will get your order in <DATE_TIME>. Once you get the order please do let us know.,English,delivery,"distraction,time/urgency",,,a27c564a97683845,0.2321657833437456,0
,"send a verification code. With your permission, if I request the code, could you text it back to me? If not, that's totally fine.",English,others,dishonesty,,,c4f0c2b1bd50c963,0.2328405707374051,0
,"Your federal return was rejected by the IRS. Don't worry, we'll help you fix the problem. Check your email for more information",English,government,"authority,distraction,time/urgency",IRS,,dc078f27f9118407,0.23285327085162535,0
Saturday - 7:21 PM,"Y'ello! Did you know you can see how you used your airtime, bundles and loyalty points on your phone? Simply download myMTN App <URL> DND *<DATE_TIME>.",English,telecom,authority,MTN,,a9f39301a6f30bc7,0.23295336230430838,0
"Feb 17, 2021, 4:53 PM","Hey, This will be done from your side kindly block it if you don't want SMS",English,others,distraction,,,432ec7a1426868e1,0.23336922781244665,0
"Today, 6:31 PM","<NAMED_ENTITY>: Low Temperatures, But High Savings! Book a domestic flight @ flat 8% OFF, only with HDFC Bank Credit Cards. Use Code: GOHDFC. Click: <URL>",English,others,"authority,distraction,need and greed","HDFC Bank,goibibo",,f43034e0c48214ee,0.23367951273319953,0
"Friday, April 28 12:18 PM",Costco: We want to thank you for being a valued shopper. Please take our 2 min poll so we can do even better for you in the future.,English,others,"authority,kindness",costco,,5b2eec8b0bff29ee,0.23398359270672384,0
"Feb 28th, 2021",Hi this is <NAMED_ENTITY>. I wanted to know more about the item you have on FB: <URL>,English,wrong number,,,bit.ly,5d98587a745e04d4,0.23398846466007253,0
19:16,We need some more information to remain verified visit: <URL>,English,banking,"authority,time/urgency",Revolut,,c9745169bf528e21,0.23407925660035184,0
,"Change life <DATE_TIME>! Make Money Online OVER $1,200 PER DAY with UP! <URL>",English,others,"distraction,need and greed,time/urgency",,,1bad84476c15cd90,0.2343384836923707,0
12:45,My name is <NAMED_ENTITY> i have 2.6 million dollars for charity purpose contact me here: <EMAIL_ADDRESS>,English,others,"kindness,need and greed",,,d157f7f66e4656cd,0.23437548276164025,0
21:51,Your login OTP for Decathlon is 1452. Do not share it with anyone. Happy shopping!,English,others,authority,decathlon,,0b062c9b006e44de,0.23439982550102462,0
2:58 PM,You can trust this message came from <NAMED_ENTITY>,English,telecom,authority,ytel,,5ed46e6ec91ee27a,0.23476803723944778,0
05:01:2018 06:30:22,Capitec Payment G DU Plessis Paid <US_DRIVER_LICENSE> into Standard acc: <US_PASSPORT> Ref: Playstaion Helpline: <US_BANK_NUMBER>,English,banking,"authority,distraction",capitec,,783259d37cd33fe4,0.23499340295808077,0
Today 11:41,Hi there are some problems when delivering your package to on <DATE_TIME>. <URL>,English,delivery,"distraction,time/urgency",,bit.ly,0b537fdfde8fe0d3,0.23502048231209163,0
"Sunday, 19 December 2021 15:26","Kilimall urgently recruiting for part–time jobs, you can earn KES1000–4000 every day, add Whatsapp:<URL> STOP **456*9*5# STOP*456*9*5#",English,others,"need and greed,time/urgency",kilimall,wa.me,57eb72d84bc205f5,0.23503328728729903,0
,"INVITATION TO AN INTERVIEW. Dear applicant, we would like to invite you to an interview. POSITION: ADMIN CLERK.",English,others,distraction,,,6cc412b56f0cc596,0.2350351546783205,0
,"I'm sorry, I sent you a 6'digit code by sms by mistake, can you pass it to me please? it is urgent",English,others,"distraction,kindness,time/urgency",,,e203434764f91bc2,0.23506035978574769,0
05:09 pm on 11 May 2022,Recharge Code Purchased Google Play Recharge Code GLXZ-33Z4-C7YA-9SK7,English,others,authority,google play,,9d17a7e4d92ea912,0.2350701296548234,0
Today 7:16 PM,KeyBank:Purchase Pre-Auth-$300.90 SQ at <LOCATION> Clifton Park - If you did not authorize this transaction visit <URL> to decline the action,English,banking,"authority,need and greed,time/urgency",keybank,,e8143ca22bd00a74,0.2351463037655971,0
7:41 PM,"Hi 988xxxxxXX, Just open a zero balance Kotak 811 A/c now Get 1 ticket free when you buy 1 PVR movie ticket using Kotak debit card",English,banking,"authority,need and greed",Kotak Mahindra Bank,,d900d7a69754225b,0.23525293011144874,0
Today 10:03,Dad i lost my phone. This is my new number could you please send me a message on WahtsApp on this new number?,English,hey mum/dad,kindness,,,2e965f55a325ce9e,0.23535338920442184,0
2022-02-22,€ PARCEL-<US_DRIVER_LICENSE> IS PENDING - Please confirm item! Track: <URL> Pee,English,delivery,time/urgency,,bit.ly,95c82b72dce4a0cb,0.2354418255044536,0
,Placed: Order for HELMONT Striped Men Ho... is placed & will be delivered by <DATE_TIME> Manage:,English,delivery,time/urgency,,,cb02395b8b8a4290,0.2354742734100484,0
09:39,Congratulations! You could qualif...,English,others,need and greed,,,8ae99f391adfa4d2,0.23553081413786364,0
10:35 AM,MY FUND OF 2.5 MILLION IS READY FOR DONATION FOR CHARITY & LESS PRIVILEGE ELEVATION IN UR COUNTRY INDIA CONTACT ME FOR MORE DETAILS:,English,others,"kindness,need and greed",,,c1bbb880b861ca22,0.23571580919549934,0
12:17 pm,"Hi POTHUR, Do MORE with Health EMI Card! Get 45+lab tests+doctor visits upto 17k on Bajaj Finserv Health Give Misscall <PHONE_NUMBER> T&C Apply",English,banking,"authority,need and greed",bajaj finserv health,,e82ba37390d40b11,0.23578958671376377,0
Yesterday • 8:29 AM,Ekart Update: Golden Water Resistant Watc... will be delivered by <DATE_TIME>. Track: <URL>,English,delivery,"authority,time/urgency",ekart,,61b991ea814c4b37,0.23584864805907746,0
11:29 AM,"My name is Aisha, After my husband death and my condition i want to donate my fund 5.5 m USD to you on charity name to help poor ,Contact me:",English,others,"kindness,need and greed",,,de78591161dcc84e,0.235904194412631,0
"Feb 3rd, 2021",Hi . Is still available? I saw the following prop on your Facebook realestate page : <URL> .Very interested. Chanielle,English,wrong number,kindness,facebook,,05f00439c7a9a925,0.2359184098550801,0
12:34,You have one notification: <URL>,English,government,"authority,time/urgency",hmrc,,221c0e66e3136d5c,0.23598026460913363,0
12:51,Please call him now anything that he says you let me know please,English,others,distraction,,,ad3aeb41251572cd,0.23615223215448447,0
14:17,Ve ry i <NAMED_ENTITY> info r matio n,English,others,,,,09624a23f5a62cff,0.23615754616294143,0
22 Aug,"Dear SIM User,...",English,telecom,"authority,distraction",,,9e6c8ace836be1fc,0.23635369968745085,0
Today 3:28 pm,LIKNT: A toll trip bill dated <DATE_TIME> was marked as unpaid. Please pay in full to avoid late fees.,English,others,"authority,time/urgency",liknt,,2daafd0ae0d6e9e2,0.2364539158489525,0
,"a ""Rental"" payment for letting our company use the space and again <NAMED_ENTITY> will take full responsibility for the placing and removal of the decal on your car in a way that. it will not resort to any damage. If interested, do provide the following information to get started: FULL NAME, FULL MAILING ADDRESS, PHONE NUMBER, EMAIL ADDRESS, CAR COLOUR/ YEAR/MODEL. I look forward to having you join our campaign. Best regards, <NAMED_ENTITY>.",English,others,"authority,need and greed",dr pepper,,4bb4014dbebb741f,0.23649429563090704,0
"Sunday, March 6, 2022",Bank Of America Hurry up ! Offers Have arrived! ($90 value) . ./storag <URL>,English,banking,"authority,need and greed,time/urgency",Bank of America,,27bd3501af2c462c,0.23652775673529644,0
Friday 6 January 2023 10:13,Hi. Just to let you know you recently called a premium number that's not included in your tariff. To check your charges and stay on top of your bill head to My <US_DRIVER_LICENSE>:,English,telecom,"authority,time/urgency",O2,,aa3f2ba536be49b4,0.2368480181725954,0
,Inland Revenue Authority of Singapore important information enclosed NR <US_DRIVER_LICENSE> failed try again <URL>,English,government,"authority,time/urgency",inland revenue authority of singapore,,8711e71270eaa977,0.23694703491476543,0
Today 11:09 AM,"<NAMED_ENTITY> : BUY FUNNY SOFTWARE LTD BSE CODE - <US_DRIVER_LICENSE>, CMP 9.38 TGT 12 SL 8 . TIME HORIZON 7 DAYS . BUY IN BULK.",English,others,"distraction,need and greed,time/urgency",funny software ltd,,e1d8ed181c23c502,0.23699212580303228,0
Today 11:15 AM,Hello <NAMED_ENTITY> Are you willing to hear a proposal amount for your house which is located at 7307 W Balmoral Ave? <NAMED_ENTITY> here.,English,others,,,,673780b41aa95a3b,0.23762625806066495,0
1:33 PM,This is your department head. I need a favor. Can you please send $100 over <NAMED_ENTITY>? The dean needs to purchase gift cards. I will pay you back. I am just too busy right now.,English,others,"authority,kindness,time/urgency",,,93ca3bbef375903f,0.23788331613757513,0
"Nov 16th, 2022","Hi, Is this house I saw on your fb realtor page still for sale ?",English,wrong number,,,,04abcaf94ee11bf2,0.23792287474185847,0
"Today, 11:06 PM","Hello, Santaji here HDFC BANK Personal loan department. You having preapproval personal loan offer. If you having requirements call me this number. Thanks nd regard",English,banking,"authority,need and greed",HDFC Bank,,8bd9a159eaae2700,0.23795905892495714,0
"Today, 6:16 PM",Airbnb: <NAMED_ENTITY> for <DATE_TIME> Request for reservation: <URL>ine/login/,English,others,"authority,distraction,time/urgency",airbnb,,012b76a6ce09b631,0.2379935328633242,0
11:21 AM,Ekart Update: Rastic Portable Electronic ... will be delivered <DATE_TIME>. Track: <URL>,English,delivery,"distraction,time/urgency",ekart,,c84067c160a327d1,0.2380157934428789,0
15:38,"Dear <NAMED_ENTITY>! Know how you can enable your HDFC Bank Debit card for online, contactless and international usage here:",English,banking,authority,HDFC Bank,,98075904e3029676,0.238050316444819,0
03:18,Hello I am sorry I send you are 6 digital code <DATE_TIME> by mistake can you pass it to me please urgent,English,others,"distraction,kindness,time/urgency",,,f9ad4f054f5f3c1b,0.23816386826219302,0
hoy 1:44,"Amazon Sign-In detected from QUE, MX. View details:",English,delivery,"authority,distraction,time/urgency",Amazon,,6bcc86ef80eaf477,0.23820125543711995,0
3:24 pm,"Dear Sanchit! Know how you can enable your HDFC Bank Debit card for online, contactless and international usage here: <URL>",English,banking,"authority,distraction",HDFC Bank,,7cb2f6565076b074,0.23830747478115916,0
13:41,Payment not done sir yet company will start legal action your aadhar card pan card will be blocked,English,others,"authority,time/urgency",,,9d3592e6a2eef092,0.23831980788339469,0
"Thursday, 21 September 15:04","<NAMED_ENTITY> mum/dad, This is my new number. Message me on whatsapp please",English,hey mum/dad,kindness,,,5b7b56c9f8177506,0.23842617999090934,0
Mon May 1 2023 01:13 AM,SMS/SMS CHARGES MAR 11TH <DATE_TIME> 15TH 2023,English,others,,,,4711b6c26987e1eb,0.2384583309095928,0
06 Apr 2023 05:09 PM,Payment successful ₹2824.92,English,others,,,,cf08279905b3b31a,0.23852696258481026,0
Today 23:34,You have an appointment that day on <LOCATION> at ... with ...,English,others,,,,5cf1c4f70c2bca01,0.2387953365193215,0
Today 7:13 PM,How to vote for One Nation (<NAMED_ENTITY> team) in the NSW Upper House Election. Please use this link <URL>,English,others,authority,one nation,,881ecb8577c26f72,0.23892498849820726,0
now,Hello! Your parcel from <NAMED_ENTITY>'s Pizza | <NAMED_ENTITY> will be delivered soon. You can follow it here: <URL>,English,delivery,"authority,time/urgency",dominos pizza,,b83074f8a7d31d6d,0.2390781580134278,0
Today 12:18 AM,"Dear <NAMED_ENTITY>, you need to pay the installment amount of INR 5185.00 before <DATE_TIME>.If already paid please ignore it - <NAMED_ENTITY>",English,banking,"authority,time/urgency",cash suvidha,,d6606d5343e2d3f7,0.2391717872923476,0
"Mon, 7:14 pm",CDSL:CREDITED IN A/ C *207 SHARES OF BRIGHTCOM GROUP LIMITED#FORMERLY (PENDING LISTING)TOWARDS BONUS ALLOTMENT ON <DATE_TIME> OUT FOR LISTING DATE.,English,others,authority,cdsl,,3a9d994141c1e466,0.23964462965971975,0
10:01,NZTA Your tolls are not yet paid and are about to be <URL>ease click to view and pay,English,others,"authority,time/urgency",nzta,t.ly,aaa38a59a72d0fce,0.2397468071060997,0
Today 6:43 PM,Hi. You want to volunteer for this election? Kindly fill out this form. Thank you.,English,government,authority,,bit.ly,254044dd67dd5277,0.24005810256431365,0
Yesterday 17:40,Post Office: Your parcel has a missing fee of £2.99 EX VAT. To pay visit <URL> if not not paid parcel may be cancelled and returned,English,delivery,"authority,need and greed,time/urgency",post office,,412a7272da59032d,0.24015471240524658,0
Today 5:43 PM,Hi. You want to volunteer for this election? Kindly fill out this form. Thank you. <URL>,English,others,kindness,,bit.ly,ce9cf8d47bfa07de,0.24046496885919005,0
"12 Apr, 3:34 PM","Issue Created: We are looking into your concern with order OD 124522674410267000 and will resolve it by 12 Apr, <DATE_TIME>. Track Issue: <URL> Issue Created: We are looking into your concern with order OD 124522674410267000 and will resolve it by 13 Apr, <DATE_TIME>. Track Issue: <URL>",English,delivery,"authority,time/urgency",flipkart,,0ac7b8801abecb6a,0.240653423158906,0
14:41,Detail Information You see winner WEBSITE -,English,others,herd,,,c85c775bdae8a44d,0.24069102293711406,0
3:07 PM,(USAA Alert) Confirm and verify your transactions: <URL> If all looks good you don't have to do anything USAA.,English,banking,"authority,time/urgency",usaa,,2e4a97255dc0d7b7,0.24085947403785776,0
13:02,Please tell us about your Airtel BROADBAND FAULT REPAIR experience here <URL>,English,telecom,"authority,distraction,time/urgency",Airtel,,c9e1220a9de578d6,0.24104014225893924,0
,"Your phone is lock because of violation of the <NRP> government. Your heinous crimes will be met with serious fury and punishment, for the crimes of communication with enemy state like <LOCATION>, <LOCATION>, <LOCATION>, <LOCATION>. For punishment: - <DATE_TIME> forced labor - <DATE_TIME> prison If you want to avoid these undesire, you must pay 500 usa currency in bitcoin and we say nothing. We are police we can do serious things.",English,government,"authority,distraction,need and greed,time/urgency",american government,,206879b25b5be77a,0.24122707158676274,0
2:37 AM,"I am <NAMED_ENTITY>. <NAMED_ENTITY> from the US Army, I have a proposal that will benifit you. For details, please email me quickly on <EMAIL_ADDRESS> <NAMED_ENTITY> bless!",English,others,"authority,kindness,time/urgency",us army,,d62d337e2d216a5b,0.24152119945214587,0
Today 7:27 am,Economic Support Payment <URL>,English,government,"authority,time/urgency",government,,d4244ac88f16f2f4,0.2415875244902335,0
12:21 PM,<NAMED_ENTITY> is back in <LOCATION> Now make <NAMED_ENTITY> videos again and get new features. <NAMED_ENTITY> is only available on new Tiktokpro app. Link: <URL>,English,others,"authority,distraction",tiktok,tiny.cc,37fc2c2aee77cd82,0.24167227408921976,0
2019-11-20T16:50:00,"Get entertained with drama series like <NAMED_ENTITY>, Blue Bloods, <LOCATION>, and more on <NAMED_ENTITY> CH19. Dial *423*3# to Pay and enjoy. STOP*456*9*5#",English,telecom,need and greed,fox ch19,,25b55d5ff5c5ef8b,0.2418194045763381,0
"Mon, 30/10/17 2:04 p.m.","207:Txn No. DLR171030014 <PHONE_NUMBER> to Recharge MRP 53 is successful . TT= 0 INR, New Balance 0 INR, P.F 44.92 INR, GST 8.08 INR DIAL *<DATE_TIME> to know balance and more.",English,others,"authority,distraction",,,da271009f32723e4,0.24218938255530117,0
30/10/17 2:04 p.m.,"207:Txn No. <NAMED_ENTITY> to Recharge MRP 53 is successful . TT= 0 INR, New Balance 0 INR, P.F 44.92 INR, GST 8.08 INR DIAL *<DATE_TIME> to know balance and more.",English,telecom,distraction,,,2013231a288d0ecd,0.24218938255530117,0
Today 16:13,Dear Student My name is Nehaa urgently need workers 6900RS contact: <URL> Mentors <NAMED_ENTITY>,English,others,time/urgency,mentors eduserv,,3d979851ec887661,0.24247106827360193,0
Today 8:11 AM,"Hello, please submit the correct delivery address, otherwise we cannot ship.",English,delivery,"distraction,time/urgency",,,909859094423d71e,0.24258554105987765,0
1:52 PM,"The Withdrawal of Money From ATM- Daly City ZIP 94014, Was this you?",English,banking,"distraction,time/urgency",,,d387cea83c915805,0.242770223148699,0
8:18 p.m.,Netflix: Your plan failed. Renew it here immediately: <URL>,English,others,"authority,time/urgency",Netflix,,e925553d19af349b,0.24278366558975378,0
Today 02:06,"Telkom has restored the network outage that affected services on <DATE_TIME>, <DATE_TIME>. We are very sorry for any inconvenience caused and have loaded 500MB data so you can say sorry, thank you or I love you to the one you missed. This is valid for <DATE_TIME> only.",English,telecom,"authority,distraction,time/urgency",telkom,,816b3170feaa6b76,0.24283164348425917,0
"Saturday, Apr 15 • 6:59 PM","Hello, can I call you?",English,wrong number,,,,8cbd33901872d976,0.2430289486186335,0
,You just sent 0.<PHONE_NUMBER> BTC(0/22 confirmations). Please visit ledger within <DATE_TIME> if you need to cancel.,English,others,"distraction,time/urgency",,,88f6de392ded243c,0.24316552977981817,0
"Friday, November 17, 3:10 PM","Hi, it's Emily with Venture Data, a national research firm. We'd like to include your opinion on current topics across the country. Can you answer a few questions and tell us what you think? Use the following to begin: <URL> To opt out t",English,others,,venture data,,c46d7a1536545b3f,0.24337762520247275,0
5:48,"I am <NAMED_ENTITY> from u'k we are here to help the charity home with some 80,000 POund interested to do this work you whatsapp me +<US_BANK_NUMBER> <NAMED_ENTITY> <EMAIL_ADDRESS>",English,others,"distraction,kindness",,,a3f7f22608d83344,0.24344928538757232,0
"Wed, Jan 26 6:32 PM","Hi Dr. <NAMED_ENTITY>, my cat is sick again. The situation is very bad. Do you have time now? After receiving the message, please reply promptly. Thank you.",English,wrong number,,,,c93518b675c85d37,0.24364988932348036,0
"Thu, 11 Nov 8:57 AM","Hello, do you need a part-time job? <DATE_TIME> salary 8000-20000. Simple operation, <DATE_TIME> salary settlement ( 11 ) If you are interested in this job, please contact",English,others,need and greed,,bit.ly,24d937d2e4cce534,0.24367789047238325,0
10:34 AM,No pmt received on ur VODACOM acc. Make an immediate pmt AND then set up a debit order by calling MBD INC. on (<DATE_TIME>. Ref: <US_BANK_NUMBER>.,English,telecom,"authority,time/urgency",vodacom,,d18a61b8a49a7312,0.2439733457223242,0
12:44,Your order will be delivered 21 Sep by DPD. Not going to be in?,English,delivery,time/urgency,dpd,,7757e3581f62be47,0.24404337854716174,0
15:39,I've been waiting s...,English,wrong number,,,,ae52cb0cb890281c,0.2441892701274636,0
08:40,"Hi, it's <NAMED_ENTITY>: Thanks for being with us! Here's an extra 1GB of data per month at no extra cost for 514*** Enjoy this offer at <URL>",English,telecom,"authority,need and greed",rogers,,65c08ef5828c39c1,0.2442676493640877,0
"Tuesday, 16 October 2018 09:22",You sent a payment for <DATE_TIME> to <NAMED_ENTITY>. If you didn't authenticate this transaction check here,English,banking,"authority,distraction,time/urgency",,,fde2a2574552a370,0.2445140540369961,0
9:50 pm,Give me a call on my number <PHONE_NUMBER>. I do not want to disclose any information here online.,English,wrong number,,,bit.ly,49bface4f081126e,0.24451789777595875,0
"Sun, Sep 18 at 2:14 PM",Survey by Home Depot: Earn $100,English,others,need and greed,home depot,,6b0dfcd7767a8e00,0.24465442114749394,0
"16/06/22, 11:43",Booking ID: GVTA0002ZUUQX9 This show was postponed without advance notice to <DATE_TIME> from <DATE_TIME>. I have travel plans then. This is unnecessary blocking of my funds. I would like a refund for this.,English,others,,,,60dce6130d75b94e,0.24477546242853004,0
17 February 2024 19:03,PO: Order delayed; reschedule at <URL>,English,delivery,"distraction,time/urgency",,,8d6f63806430b939,0.245347754006362,0
"10:35, 21:44, 10:19",It?s Official – You get India?s Best Video Experience with Airtel. Try it out on your smart phone <DATE_TIME>.,English,telecom,authority,Airtel,,965527c5cea83368,0.2454485181726536,0
,Do you want to pay <NAMED_ENTITY>. 1500 to sytronictech Account no. STK-STS000024? Enter M-PESA PIN:,English,others,authority,m-pesa,,6c0d778a3a760b2d,0.2456483631800827,0
1:47 a.m.,You received money. Reply «ok» for details.,English,others,need and greed,,,b2c3a064d27f5ec2,0.2458191536862708,0
17:27,Santander - You have successfully added payee <NAMED_ENTITY> at 17:20. Not you? visit:<URL>,English,banking,"authority,time/urgency",Santander Bank,,afc5d0789866bfe8,0.24598037968198594,0
"Tuesday, Jul 7 • 11:36 AM","GOOD DAY, Kindly help inform CHINENYENWA BLESSING IGWEZE with PHONE NO; <PHONE_NUMBER> to pay back the loan he borrowed from SOKOLOAN, has failure to make the payment promptly will lead to SERIOUS EMBARRASSMENT and LEGAL ACTIONS, Thanks SOKOLOAN",English,banking,"authority,time/urgency",sokoloan,,c80754c4405cd03d,0.2463481412557541,0
,Best Buy: Your order is ready. Stores may be busy & wait times vary. Visit <URL> for hours & to tell us you're here. Pick up by <DATE_TIME>.,English,delivery,authority,best buy,,e991f46ade3cbc08,0.246420727416779,0
2:40,"Do you want to download ""Apply-Vacin.apk""?",English,others,distraction,,,7c2672cdb13c9e18,0.2465338041722459,0
,<NAMED_ENTITY> are being replaced by LEDGER LIVE,English,others,authority,ledger cryptocurrency wallet online,is.gd,089ca158c8c8f0ec,0.24677295549015302,0
"Sunday, 10 February 11:26 AM",Helo vuyoletu is Mr Makofane From BMW Plz calme2mrw,English,others,authority,bmw,,03fb6a38c96c5bfa,0.2467858846101555,0
Today 10:36,Dear <NAMED_ENTITY> Thank you for showing interest in Airtel Black program. Your Lead ID is <DATE_TIME>. Our executive will get in touch with you shortly.,English,telecom,authority,Airtel,,332ce5b39b920f34,0.24682530149464352,0
11:37 am,"<NAMED_ENTITY> i need your help, is this legit? Good day you are kindly invited to write an assessment for an EPWP program you applied for in COJ Health department. <DATE_TIME> at 11h00. 158 Civic Boulevard Braamfontein Metro Centre Health department 4th floor B block Bring ID copy and black pen. use private road entrance.",English,government,"authority,time/urgency",coj health department,,9e55315be8d3f0b3,0.2468741867138202,0
Today 4:44 PM,"Grayscale and LINK alert, <NAMED_ENTITY> check on their delaware corps show that they set a ChainLINK trust. LINK is pumping",English,others,"authority,distraction"," chainlink,grayscale",,af48ed16309997e2,0.2469738573237964,0
10:14,We've detected some activity into your NAB account and we've temporarily lock it. Please take it back immediately here <URL>,English,banking,"authority,time/urgency",nab,,202498250e1cf154,0.24716472454678057,0
Yesterday • 11:43,"Alert! <NAMED_ENTITY> is expiring <DATE_TIME>! Get upto Rs50 CB+30 coins <URL> 1)479: 2GB/D+UL,56D, 2)359: 3GB/D+UL,28D",English,telecom,"distraction,need and greed,time/urgency",unlimited pack,bit.ly,43d0f04a5ab59e0e,0.24738756739350304,0
Today 1:05 PM,Order no: 337 View bill: <URL> Review on: <URL> - McDonald's,English,others,"authority,distraction",mcdonalds,,4ad74c5c191d1b98,0.24743870329298673,0
,"Alert: Did you try to charge 175.52 USD at Mint Store DEDHAM, <LOCATION>.? Wasn't you visit <URL> Ref:<US_DRIVER_LICENSE>",English,banking,"distraction,time/urgency"," ma,mint store dedham",,85736b86114a45f3,0.24745188889407596,0
2 min,Reminder: Curry PC sent you an Important Message! We are looking for... Read it here:,English,others,"authority,distraction",curry pc,,e9eb05afd7aa3875,0.24746984496956545,0
8:43 pm,Issue Resolved: Hope the issue with your Flipkart order of SanDisk <US_DRIVER_LICENSE> 128 <NAMED_ENTITY>... is resolved. Manage issue and share feedback: <NAMED_ENTITY>,English,delivery,"authority,distraction",flipkart,,56998c06c275eee6,0.24755221593119495,0
6:37 PM,Maharashtra Traffic Police Echallan No. NVMC0190RBLCOD42 Fine:500 Pay online: <URL> (within <DATE_TIME>),English,government,"authority,time/urgency",maharashtra traffic police,,90cc1e34b9143ed1,0.2477106152702509,0
"Saturday, Jan 29, 2022 • 8:43 AM",Wells Attention for Go to <URL>,English,banking,"authority,time/urgency",wells,,7fe0be96c464986f,0.24778281940658559,0
Today 11:03 AM,LIKNT: A toll trip dated <DATE_TIME> was marked as unpaid. Please pay in full to avoid late fees.,English,government,"authority,distraction,time/urgency",liknt,,f6c5d18cc25008c6,0.24794477142722923,0
,I ncoming v oi c e message: <URL> ut,English,others,distraction,,,75d77b6befb288f0,0.2481819477416646,0
13:24,"Hi Online part-time work can earn 200-2000 rupees a day, and 100 rupees in <DATE_TIME>. Whats-app reply 1 on <URL> Regards",English,others,"distraction,need and greed",,wa.me,c07c6475e4f85023,0.24820370767882238,0
"11:05 AM, 11:56 AM","<NAMED_ENTITY> ,A/ C- <US_BANK_NUMBER>,IFSC CODE-SBIN0021165, BRANCH-MALLAPUR Mr. <NAMED_ENTITY> <URL> <US_BANK_NUMBER> s.b.i Ifsc-SBIN000800",English,banking,authority,State Bank of India,,56bafefc1f6bfc43,0.24835309316214424,0
3:21 PM,You have a matter of <DATE_TIME> until the FBI comes and sends you guys to prison,English,government,"authority,time/urgency",fbi,,cbcae1a5fb9577d2,0.24838485169654143,0
"Nov 24, 06:37",Traffic violations by your Vehicle No.: found actionable vide challan No.DL <CREDIT_CARD>. Click <URL> to see details and may pay fine of <LOCATION> /-,English,government,"authority,time/urgency",vcourts.gov.in,,8e88429f84f07a59,0.24841150398673634,0
"May 11, 06:47",Traffic violations by your Vehicle No.: DL4SCV0173 found actionable vide challan No.DL19813191023132248. Click <URL> to see details and may pay fine of <LOCATION> / -,English,government,"authority,distraction,time/urgency",vcourts.gov.in,,dedbf0f573f8b20a,0.24841150398673634,0
Today 11:58,"Thank you for uploading your Cv Online Sorry for not sending emails our server is currently down We would like to book you in for an interview with GROWTH POINT COMPANY Venue :261 Oak avenue <LOCATION> (behind MultiChoice, Opposite space centre) Date :<DATE_TIME> @10:00am Please come dressed in FORMAL, bring a copy of your Cv & ask for <NAMED_ENTITY> at the reception.",English,others,distraction,growth point company,,0c052c1b43b8aa3a,0.24857125431475563,0
15:24,Kindly assist me with 5500 to paybill <US_DRIVER_LICENSE> account number is <DATE_TIME> i will refund you before <DATE_TIME>,English,others,"kindness,time/urgency",,,b19f370bdae2c201,0.24859342813438587,0
"Saturday, 9 May 2020 12:54",There is a parcel from Tesco-Market (ID: TSC48201) on its way to you : <URL> Wonderful job with taking 3rd place in our April-Giveaway.,English,delivery,"authority,need and greed",tesco-market,,27a5fcdeb1958ad7,0.2486012889885849,0
Today 9:54 am,Hi mum I've just broken my phone could you please message my new number on WhatsApp please <DATE_TIME> x,English,hey mum/dad,kindness,,,171c728aee4914cb,0.24866134086049713,0
Today 18:32,"Hi, This is a spacial weekend for you at TALA, Do you have any TALA LOAN balance? PAY at-leased 50% and START the Journey of INCREASING LOAN LIMIT! P/B",English,banking,"authority,distraction,need and greed",tala,,402a213cd8884511,0.24919079828831206,0
01/06/23 11:05,INR 105 toll paid from IDFC FIRST Bank Tag 3XXX2460 for vehicle no. GJ18BG5486 at <NRP> pavasa toll plaza. Avbl. <NAMED_ENTITY>.: INR44.,English,banking,authority,idfc first bank,,6f5b477dbaa7ba71,0.24919528373855507,0
2020-11-07T16:53:00,You just sent 0.<PHONE_NUMBER> BTC(0/26 confirmations). Please visit <URL> within <DATE_TIME> if you need to cancel.,English,banking,"authority,time/urgency",chain-ledgernl,,916805ded943d895,0.24943832891094128,0
21:32,You just sent 0.<US_DRIVER_LICENSE> BTC(0/26 confirmations). Please visit <URL> within <DATE_TIME> if you need to cancel.,English,others,"authority,time/urgency",ledger-chainat,,199ede777f9d30ac,0.24943832891094128,0
"Thursday, 27 August 2020 4:59 pm",Order for Cons No 21023 is registered with Ref No. <URL>fill delivery ETA: <DATE_TIME>. Pay online at <URL> /IrU60u2xv32U5nL3Z7DJl9s89j87 .Be Home,English,delivery,"need and greed,time/urgency",,,75fee523dcf985c1,0.24962099821697137,0
10:24,Airtel Unlimited Pack validity for [number hidden] is till <DATE_TIME>. Recharge <DATE_TIME> without losing your current validity <URL> Ignore if already done,English,telecom,"authority,distraction,time/urgency",Airtel,,2483ec085dccff20,0.2497062651246569,0
Today 9:09 AM,MINs Used of Avail as Of: <DATE_TIME> Anytime: 0 of Unlimited See <NRP>,English,telecom,authority,at&t,,0db1d1a9b55e51e7,0.24985276510013588,0
Yesterday 12:02,"<NAMED_ENTITY>, we have your package in queue. Address: <LOCATION>, <LOCATION> crescent",English,delivery,distraction,,,2b28503270caa37a,0.2500978938256431,0
2021-08-11T12:25:00,<NAMED_ENTITY> i tried to send it to u before... <URL>,English,others,distraction,,,cf346e52fe997cdf,0.25015059763551917,0
Today 1:07 pm,Reminder: You haven't validated your Visa card ending in 5436 yet. Please check it by logging in at <URL> so we can process your payments.,English,banking,"authority,distraction,time/urgency",visa,,0beff1e348d12fcc,0.25018273568329463,0
"Friday, January 27, 2023 5:46 PM",(Package #48586) Package #UPS-8L7BC9L pending delivery. Complete document:,English,delivery,"authority,time/urgency",UPS,t.ly,04e0134f1ecfebee,0.2502565055466885,0
"Sunday, May 20, 2018 14:22; Saturday, May 26, 2018 13:03",oSAMA bIn IADEN iS oUR gOD jOIN hANDS wITH tERRORISM,English,others,authority,,,290904b6e9c8d48d,0.2503536372631685,0
28m ago,Eflow: We noticed you didn't complete our mandatory terms and conditions for <DATE_TIME>. Kindly proceed through <URL> and verify,English,others,"authority,time/urgency",eflow,,9a0b5c79a409d27b,0.2503626564354523,0
,Hello! Your Callertunes is activated. 99 for <DATE_TIME>. It is being processed and,English,telecom,"authority,distraction",,,a86e64d9524f331a,0.25044461249048827,0
19:31,You just sent 0.<US_DRIVER_LICENSE> BTC(0/20 confirmations). Please visit <URL> within <DATE_TIME> if you need to cancel.,English,others,time/urgency,,,a58244dbd75afc85,0.2504758491258522,0
,EARN 100% PROFIT IN EQUITY AND STOCK MARKET NO ADVANCE PAYMENT FIRST EARN THEN PAY 10% PROFIT SHARING. PARTNER IN LOSS AS WELL CALL <PHONE_NUMBER>,English,others,need and greed,,,a0fcff1ca02281d6,0.25055033164240137,0
22:48,From <DATE_TIME> you will not be able to use your card. You must reactivate it from: <URL>,English,banking,"authority,time/urgency",,,9253445058bb2b8e,0.2505756647154017,0
Today 10:24 and Today 14:27,Express delivery: #<US_DRIVER_LICENSE> ... will be returned <DATE_TIME>. Tumelo please collect your box here: <URL> DROP OFF ATTEMPT 1/2: consignment #<US_DRIVER_LICENSE> ... is ready for pick-up in: <LOCATION>. Tumelo check where to pick it up here: <URL>,English,delivery,time/urgency,,,d3d78cfa599aca9a,0.2506285825719313,0
01:44 PM,"VM ASSOCIATE shortlisted for UAE interview .date ;2 &4&5 /<DATE_TIME>;time; <URL> to 4.00pm venu:vm/aims ,near <NAMED_ENTITY> south bus stop. Ernakulam south railway station; <LOCATION> road . <LOCATION>. <LOCATION>. Call:MANOJ : <UK_NHS>;<URL>ease take all certificates and original passport photos and biodata .",English,others,"authority,time/urgency",vm associate,,c4e966c98644d486,0.2506618662304422,0
Today 4:41 PM,We would like to know your experience with Grab,English,others,,grab,,c5f799ee44aeb71e,0.2508042197801738,0
Yesterday 20:59,"Online check-in for your flight to <LOCATION> opens soon, use booking reference 5BMVXI and check in at <URL> checkin or the Qantas App before arriving at the airport.",English,others,"distraction,time/urgency",qantas,,36e42f0ec5d24f0e,0.2509379874027318,0
,Please disregard the SMS on card suspension you may have received <DATE_TIME>. This was sent in error. It is not a scam/phishing attempt. We apologise for the inconvenience caused.,English,others,,,,da34fc44c39d1b5b,0.25110394425032684,0
,Hi you granted universal credit because none of your circumstances didnt make you not entitled to UC but because,English,government,"authority,need and greed",universal credit,,9ea41bf3625dd7ed,0.25116012296690615,0
2:49 PM,Hi You've received worth of PHP 8000 from GCash. Get here: <URL>,English,banking,need and greed,gcash,,dbe82bd1ee0b8e5e,0.25161988381215233,0
5:48 pm,offering loan closure amount of <US_DRIVER_LICENSE>/- and close this account and get NOC,English,others,need and greed,,,7c09f3f38930af53,0.2516701468322533,0
"Thu, Jan 12 at 4:42 PM",<NAMED_ENTITY> (dyllan_flor.) invited you to <NAMED_ENTITY>: <URL> Unsubscribe: <URL>,English,others,authority,snapchat,,e1672455d353d1b5,0.25171000195317966,0
"2:21 PM, 2:49 PM",Just launch new concept <URL>ine Roi & working incom daily auto transfer in <URL>re details call me- <DATE_TIME> Just launch new concept <URL>ine Roi & working incom daily auto transfer in <URL>re details call me <DATE_TIME>,English,others,"distraction,need and greed",wwwglobalmarketsonline,,7345fec5f6dc15a7,0.25174688410975016,0
"12:53, Wednesday, 20 October 2021",<NAMED_ENTITY> attention is needed ragarding Item:AAG503120S This is for you:,English,others,distraction,kara-eos,,02ef4f7993b4a58e,0.25180557734995246,0
Today,We attempted to deliver your parcel to you however nobody was able to accept it.,English,delivery,time/urgency,,,1f710ea0f45cb895,0.2519721036560725,0
11:40 AM,To join Energy you need to register a salary account to easily manage your income and money now I will teach you how to register.,English,others,authority,energy,,b0d42c720c198e19,0.2519865580311014,0
"Saturday, 28 August 2021 4:33 pm","You can never trust the <NRP>, Labor or <NRP> again. Authorised by <NAMED_ENTITY>, United Australia Party. Click on this link <URL>",English,government,"authority,distraction",united australia party,,b1ea4cee4470cd62,0.2519906780561053,0
Today 10:16 PM,Huug Noordermeer Ledger firmware has a critical vulnerability. Visit <URL> and update it immediately. Do not risk losing assets.,English,others,"authority,distraction,time/urgency",ledger,,066c04464f3ec10e,0.25249807993443313,0
"Saturday, 31 October 2020 15:43",<NAMED_ENTITY> firmware has a critical vulnerability. Visit <URL> and update it immediately. Do not risk losing assets.,English,others,"authority,time/urgency",ledger,,47d054b7a374d01e,0.25249807993443313,0
1 min an,Ledger firmware has a critical vulnerability. Visit <URL> and update it immediately. Do not risk losing assets.,English,banking,"authority,distraction,time/urgency",ledger,,8f8b534e5e55d81a,0.25249807993443313,0
,nope that's mistakenly forwarded i will send ur cash on ur account i do have it ??,English,others,dishonesty,,,0a6afaab2d827a1f,0.2525445525771619,0
Today 7:17 pm,"You can never trust the <NRP>, Labor or <NRP> again. Authorised by <NAMED_ENTITY>, United Australia Party. Click on this link",English,government,authority,united australia party,,fbc64e6611f4af44,0.2525732992242485,0
Today 09:23,Hi! Welcome To Kotak 811 Start Using New ZERO BALANCE Savings Account In The Next Few Minutes. Click <URL>,English,banking,"authority,need and greed",Kotak Mahindra Bank,,aa7956d342630f0a,0.2525871865742147,0
Today 09:52,"SMS alerts about unrecognised logins into your Facebook account will be disabled in <DATE_TIME>. If you want to keep receiving these warnings via email, you need to enable that in settings: <URL>",English,others,"distraction,time/urgency",facebook,,f6ad5ad51e9939fa,0.2526593662857406,0
"Wed, 20 Oct, 8:39 AM",OCBC: Be alert to scams. Logging in to Online Banking? The One-Time Password (do NOT share with anyone) is <US_DRIVER_LICENSE>. This OTP expires at <DATE_TIME>.,English,banking,"authority,distraction",ocbc,,a247b9bd23a6c1c6,0.2527086752695102,0
Today 7:20 PM,We have changed our Terms! It is mandatory that your read and accept <DATE_TIME>: <URL>?rvi=<US_BANK_NUMBER>,English,others,time/urgency,,,76f8b3cdac9fc17b,0.25310708131220294,0
"Today, 5:31 PM","<NAMED_ENTITY> for joining is passed in our company . Can get 3,000/ Day.",English,others,"need and greed,time/urgency",,wa.me,7fc51d74d6690f18,0.25318138591262385,0
19:03,"Dear Dinesh O Bareja Unlock the best offers on Personal Loans Simply answer a few questions for us to give you the most accurate credit score and a Personal Loan Offer, JUST FOR YOU! Unlock Score. Unlock More.",English,banking,"authority,need and greed",,bit.ly,48cb727a0b70fdc4,0.25366947768767234,0
09:10 AM Today,Ekart Update: Woven Kanjivaram Jacquard ... will be delivered by <DATE_TIME>. Track: <URL>,English,delivery,"authority,time/urgency",ekart,,daf819b2120eabc4,0.2538268770315266,0
18:34,"Aughton Surgery is now using the myGP app! Manage appointments for you and your family, set up medication reminders and more!",English,others,authority,aughton surgery,,cb258afe901792c0,0.2540689654817076,0
00:13,"*Clinic Address is.* Could you you trnsct with me in a trnsction from <LOCATION> to your country? for more details, pls reach me here:",English,others,"distraction,kindness",,,246657a9f984f718,0.2541206864516375,0
01/03/2023 12:09:30,Article No:IT145971105IN received @ New Delhi NSH,English,delivery,,,,df371ce936b1e054,0.25457882555438976,0
Today 6:41 pm,MYGOV; New notification at <URL> Regards myGov team MYGOV; New notification at <URL> Regards myGov team,English,government,"authority,time/urgency",mygov,,6d34659d4d39553e,0.2548303260907438,0
Today 6:28 pm,"Hi <NAMED_ENTITY>, on behalf the entire team, I want to congratulate you on your success. you are finally in. You can check & confirm here! <URL>",English,others,"distraction,time/urgency",,,4a17e72796e24c01,0.2551926758108196,0
17:30,RESULT Covid19 TEST from <DATE_TIME> for M*** : <URL>,English,government,"authority,distraction,time/urgency",,,a0ac9b2cc6ee8e4b,0.2555726742387534,0
1-12 18:24,Applicant Come on <DATE_TIME> @ 09am 4 call Centre interviews @ 49Kruis & Albertina Sisulu.JHB.Century insurance building <DATE_TIME>. Come with ur c.v. Ask 4 Randle,English,others,authority,century insurance,,a2be066aca3887fa,0.2557666223175428,0
Today 12:27,Why you don't pick your calls imbecile I will personally kill you I swear to God all mighty,English,others,distraction,,,cd07312f34a46544,0.2557988963305583,0
"Sat, Sep 3, 7:06 PM",Your inv.o.ice fo.r Septe.mber was <URL>d. Than.ks. <URL>e's our <URL>y <URL>ent fo.r u: du9k3.c0m/rvirONcqBD,English,others,"dishonesty,need and greed",,,17da10e7707faa2e,0.2561929742572677,0
,GOVUK: We have identified you as eligible for a discounted energy bill under the Energy Bills Support Scheme. You can apply here: https://,English,government,"authority,need and greed,time/urgency",govuk,,374213657fd06d91,0.2561931673593244,0
Just now,Tinder code is <US_DRIVER_LICENSE> Don't share...,English,others,"authority,distraction",tinder,,36cf24859485e81f,0.25629566900978734,0
Yesterday • 11:12 am,Dear Student I am a HR . We are hiring for part/ full time job. Now you can earn Rs.9800 every day. Apply now,English,others,"authority,need and greed",,wa.me,bc8b8da24ba23cef,0.25633775340098225,0
Today 9:32 AM,OMG: Experts Think <NAMED_ENTITY> Should Put <NAMED_ENTITY> the Supreme Court <NAMED_ENTITY> is a <NRP> icon and has a law degree from Harvard University. Experts think she would be a GREAT choice. Do you think <NAMED_ENTITY> should be on the Supreme Court? Yes: <URL> NO: <URL> Progressive Takeover Reply Stop to end,English,others,"authority,herd,need and greed"," democratic, harvard university, joe biden, progressive takeover, supreme court,michelle obama",,2d73be4df109b962,0.25680156743619825,0
2023-10-01T18:14:00,"COINBASE: As A Security Measure, We Delayed A Withdrawal Submitted From A New Sign-in Device. Submit A Ticket If This Wasn't You",English,banking,"authority,distraction,time/urgency",Coinbase,rebrand.ly,cc722fd290f06ca2,0.25688939277735073,0
Monday 10:01 am,AuPost: Your parcel can not be shipped due to unverified shipping address. fix it at:,English,delivery,"authority,need and greed,time/urgency",aupost,cutt.ly,4b1c54460c4470f7,0.25694186818921255,0
6:34 PM,Notifications:- Dear Sir your Electricity bill payment was not reflected in electricity website So it will be Suspended <DATE_TIME> 9:30pm Or Contact Electricity Bills Officer No=<PHONE_NUMBER>,English,others,"authority,time/urgency",,,4b96875da44be859,0.25706206390760555,0
17:12,"Amazon urgently recruiting for part-time jobs, you can earn 3000-15000 rs every day, add Whatsapp: <URL> (Jingyo tech pvt ltd)",English,others,"authority,distraction,need and greed,time/urgency",Amazon,wa.me,11164cf982ae0f34,0.2571403105555358,0
Yesterday • 15:25,"Order for Cons No <MEDICAL_LICENSE>6 is registered with Ref No. <URL>fill delivery ETA: <DATE_TIME>. Pay online at <URL> .Be Home, Stay safe",English,delivery,"authority,time/urgency",,,4113c915040f7af9,0.25732757177900084,0
"Sep 29th, 2022","Hi,I'm EMMA.I saw your ad on ""YOUR_COMPANY_NAME_HERE"" - "" Contact me here,I'M VERY INTERESTED",English,wrong number,,,,e1788f270343f108,0.2574445829982775,0
11:48 AM,(1)-Error ALERT-WellsFargo© Confirm Infos instantly: <NAMED_ENTITY>,English,banking,"authority,time/urgency",wells fargo,,a8d93e9bd40c531f,0.257718754496046,0
"Saturday, 23 April 2022 11:06",ROHITH NARAYANAN PONNAMPULLY has added you as reference on GalaxyCard. Prevent legal action/ FIR against them! Allow?,English,others,"authority,kindness,time/urgency",galaxycard,,38574b307608b0a9,0.25772648549965477,0
"Today, 7:37 PM","Dear SADAF SAYEED, You can check your Credit Details at <URL>",English,banking,authority,www.lons.in,,e112a16925da8ff8,0.25772843822317765,0
"Thursday, 14 November 2019",PAYMENT SUCCESSFUL RECEIVED.,English,others,,,,8bf2d10bdbde0309,0.25803433963532085,0
"Mon, Apr 25, 9:28 AM",We may owe you as much as 779.04. A new finding may have caused us to charge you too much <DATE_TIME>. Your savings is ready -,English,others,"authority,need and greed,time/urgency",,,38a35fb490b6dacf,0.25807233082563696,0
Yesterday 5:13 PM,"Hi, My name is Dr <NAMED_ENTITY>, I got your number via Applicant Tracking System(ATS). I would like to know if you're willing to work as my Personal Assistant for <DATE_TIME> for $900. Kindly open my link <URL> and read carefully for more details and apply if interested. Most Importantly, Please stay safe. Thanks.",English,others,"authority,need and greed",,rb.gy,f77135513a34cd8b,0.25810342099315786,0
2:50 PM,ACTIVATE <NAMED_ENTITY>,English,others,,,,8ad7a92c376ba16f,0.2583353241384572,0
4:05 pm,ACTIVATE 42e9a93e00866ef0dc57c3a1e29b879dbe43e79f ACTIVATE 19c8c983775deb4472075a7f1bdfbefb1d9fc9c8,English,others,,,,c6b52303ac96ec5b,0.2583353241384572,0
Today 7:13 PM,ACTIVATE 11c6da4a346bb6516a58e4c8150d4beb221cacdf,English,others,,,,fccbfab7d162899e,0.2583353241384572,0
"Sunday, 3 May 2020, 13:40",ACTIVATE 2d2c25db1db92d414ed74f9c6476<MEDICAL_LICENSE>47e,English,others,,,,7ff03c3b811c11ac,0.2583353241384572,0
4:43 PM,ACTIVATE aa986d1417024621c6df297b5723a5afcbe363fc 642cc803b57f3553339bdb3ba4200ffcc79 ACTIVATE f9f2cf922d4cca9bb8df5ae8d91b17290aba3dcb ACTIVATE b8418861bb5b921f8d6e9db0cdfecd1c48f2f348,English,others,,,,02805cd2a6e61a2b,0.2583353241384572,0
12:29 PM,ACTIVATE <NRP>,English,others,,,,88484e89b6689a92,0.2583353241384572,0
"24 April 2020, 4:05 pm, 4:06 pm, 4:07 pm",ACTIVATE 165e4a81fff43bca325988ddbaffa045917c1f80 ACTIVATE e6ba49c1572e176affef3da177a95166f8eb0e64,English,others,,,,37e737b6f8c8a697,0.2583353241384572,0
07:40,hi i just sent your e-transfer,English,others,distraction,,,4b877bd76a7c7373,0.25846144308779684,0
10:20 AM,Good morning. Are you free on <DATE_TIME>? I invite you to dinner.,English,wrong number,,,,b1cef6bacf0ba3a5,0.2584839168592605,0
Yesterday • 8:20 AM,United we stand divided we fall. Let's put our differences aside and work together to support the new administration towards a secured future for our Nation. Nigeria: Better Together!,English,others,,nigeria,,ee5e4614a5936029,0.25851381012541186,0
Yesterday • 11:20 am,United we stand divided we fall. Let’s put our differences aside and work together to support the new administration towards a secured future for our Nation. Nigeria: Better Together!,English,others,,,,2de8783101cde87e,0.25851381012541186,0
13:49,We ask for 3 more <NAMED_ENTITY>! Can you work online? The payment is up to 1500 per day. Further details:,English,others,need and greed,,,dcb91abf2bb5c843,0.2585468714867834,0
Today,<NAMED_ENTITY> (SBI)A/C NO-<US_BANK_NUMBER>.IFSC CODE-SBIN0040856.,English,banking,authority,State Bank of India,,8e94314178cd8fa4,0.2586019888605851,0
02:58,I work with Lombard Bank. Can i trust you with a business worth $35.9 million? reply ONLY to my email <EMAIL_ADDRESS>,English,banking,"authority,need and greed",lombard bank,,a132f291235c6c6e,0.25887822994624776,0
"Sunday, 30 October 11:36","internet online project,work locations are not limited only need a cell phone <DATE_TIME> online <DATE_TIME> earn 10000- 60000 per day,contact us <URL>",English,others,"distraction,need and greed",,wa.me,f90f0785d0cfdc46,0.25920617441820765,0
11:13,"Hello, we are currently recruiting part-time staff. Daily salary: <US_DRIVER_LICENSE>-<US_DRIVER_LICENSE>. Click the link for consultation:",English,others,"need and greed,time/urgency",,,54e59298cb40de39,0.2594435149993636,0
00:26,Please visit and confirm details at: <LOCATION>,English,others,distraction,,,cebc559f79d4f04d,0.25959479318328044,0
12:28,HI good Morning.....!!!!! This is <NAMED_ENTITY> here from DU Telecom. <DATE_TIME> we are offering some new promotional packages for the Postpaid plans and for the Home Internet connections by which you can minimize your telecom expanses. if you feel a bit interested feel free to reply me here... Thanks.😊,English,telecom,"authority,kindness,need and greed",du telecom,,2e464a04992dad5b,0.25982966674134694,0
Sunday • 16:20,"Revolut authentication code: 883-288. Never share it with anyone, ever. If you did NOT request this code please visit: <URL>",English,banking,"authority,distraction",Revolut,,3ebea809de819645,0.25984082832172883,0
"Monday, 18 May - 23:55","Revolut authentication code: 389-291. Never share it with anyone, ever. If you did NOT request this code please visit: <URL>",English,banking,"authority,distraction,time/urgency",Revolut,,13569ecec40160f9,0.25984082832172883,0
Sunday • 06:31,"Revolut authentication code: 291-116. Never share it with anyone, ever. If you did NOT request this code please visit: <URL>",English,banking,"authority,distraction",Revolut,,0f66e6b3709937d7,0.25984082832172883,0
16:20,"Revolut authentication code: 883-288. Never share it with anyone, ever. If you did NOT request this code please visit : <URL>",English,banking,"authority,distraction",Revolut,,1c25be3f2625a760,0.25984082832172883,0
,"Every four digital currency holders in the world. There is a financial user who is Bilbao Newcomer benefits, up to 500USDT Official website registration: <URL> * whatapp: <URL> OMVs",English,others,"need and greed,time/urgency",,,f895b07ab68bf9e3,0.259864983126554,0
19:46,"Revolut authentication code: 292-927. Never share it with anyone, ever. If you did NOT request this code please visit : <NAMED_ENTITY>",English,banking,"authority,distraction,time/urgency",Revolut,,dbccd072c497f861,0.2600885090119459,0
Today 12:13,"Hello, excuse me. You have been selected for a part-time/ full-time job. <DATE_TIME> salary 30Euro —155Euro, age requirement <DATE_TIME>, serious work required, accept work Please add",English,others,need and greed,,,a15818309bf2f63b,0.26014459888908154,0
11:49 PM,"<LOCATION> IN charge of American Rescue plan is offering up to $2,200 every week for all American Workers and Family. Apply here:",English,government,"authority,need and greed",united states treasury department,,641b903ffddb508e,0.2602551166871907,0
12:49,<DATE_TIME> d voting line just closed @12:45,English,others,,,,05112c32059e6a73,0.26046854292494614,0
10:29 PM,You have subscribed STV DAILY 1.5<LOCATION> successfully and is valid until <DATE_TIME>.,English,telecom,authority,,,bbbf3fcc6d987079,0.2605329100754996,0
"Mar 11th, 2022","Hi, my name is <NAMED_ENTITY> Is this your ad? https",English,wrong number,,,,d3adbd975f9f9958,0.26059857434893036,0
17:03,"Hello, BT here. You reset your password for s*r*h*e*l*o*t*@t*n*e *n*t*c*m on 23/02. If you didn't request that, reset it now at <URL> Thanks.",English,telecom,"authority,distraction,time/urgency",bt,,c773dbb7fb450ddc,0.2606553249555288,0
Today 14:45,"SANTANDER: A new login attempt was made <DATE_TIME> on <DATE_TIME>, if this was NOT you visit <URL>",English,banking,"authority,distraction,time/urgency",Santander Bank,,4516a1c0e3c24f1f,0.2607648095376754,0
Today 17:34,Current progress (2/3) continue to use please go to <URL> to cancel the logout request after reaching (3/3) all data will be deleted and erased,English,others,"authority,distraction,time/urgency",telegram,,1a0d19ee6be24ad6,0.2608714020514117,0
,Deposit: You Received a Refund #<US_DRIVER_LICENSE>,English,banking,"authority,need and greed",,bitly.ws,c0e3ab1668b9dc69,0.26089245972313235,0
Yesterday • 9:46 pm,Pickup Completed: Orient Electric 65 <LOCATION>... with tracking ID FMPR0426072907 was picked up by an Ekart delivery executive <DATE_TIME>. Share feedback: <URL>,English,delivery,,ekart,,10435516edfbff80,0.26096841975218454,0
2022-05-23,Citizens: We are contacting you about an Exxon-Mobil charge made with you card. Visit https://,English,banking,"authority,time/urgency",exxon-mobil,,1c927e7c443e4949,0.2609686118673703,0
"Wednesday, 04 November 2020 12:36",Dear <NAMED_ENTITY>. Your package ZA-349 will be missing in terminal 6. Due missing shipment:,English,delivery,time/urgency,,,5ba8bb2fd203d639,0.2611468490318675,0
10:43,All IT employees to have paid mandatory leave to avoid the spread of the <NAMED_ENTITY> novel coronavirus starting from <DATE_TIME>. Offices will resume after <DATE_TIME> of the mandatory closure. Read the state government order here:,English,government,"authority,distraction",state government,,ee3d5e59df68dd88,0.2612773053693735,0
"Today, 12:00","My name is <NAMED_ENTITY> and I am a Manager at Moderna Vaccines. I have an urgent discussion with you, if interested contact me: <EMAIL_ADDRESS>",English,others,"authority,time/urgency",moderna vaccines,,1db24c993730ed9b,0.2613027635866474,0
Today 8:45 PM,RM0 [Together]:The PIN for * is: (expired on 22/06 20:55),English,others,distraction,,,01d14ac4bfde0b73,0.2613897626201419,0
08:02 AM,Your return pickup for <UK_NHS>-<US_DRIVER_LICENSE> is scheduled for <DATE_TIME> and will be picked up between 7:00AM-7:00PM by AmzAgent<PHONE_NUMBER>),English,delivery,time/urgency,Amazon,,908a76016cce4bf0,0.26141227876570133,0
16:37,Select your Made for Me Offer 1. Get 2GB Today Vodafone,English,telecom,"authority,need and greed",Vodafone,,049517decb4f3e45,0.2615672201658184,0
"Today, 08:53","Hello, I have a proposal I want us to discuss. Contact me urgently at: <EMAIL_ADDRESS>",English,others,"distraction,time/urgency",,,b5c3623e803681a5,0.2617196140687168,0
Saturday • 2:28 AM,"Welcome to PayMaya! An account was created for you. Check out all the cool things you can do with PayMaya, click here: <URL>",English,banking,"authority,distraction",paymaya,,528e9c0490b749b5,0.2617900572718384,0
02/05/2021 @21:32:03,"Debit Amt:NGN220.50 <NAMED_ENTITY>/WEB PMT <URL> Time:<DATE_TIME> @21:32:03 Avail Bal:NGN114,005.34 Total Bal:NGN114,005 Credit Amt:NGN220.50 <NAMED_ENTITY>/WEB PURCHASE ROU Time:<DATE_TIME> @21:32:07 Avail Bal:NGN114,225.84 Total Bal:NGN114,225.84 Debit Amt:NGN20,295.00 Dr Acc:002******035 Desc:POS/WEB PMT <URL> Sender does not support replies",English,others,time/urgency,,,c80a250228759f58,0.2618046743484217,0
Today 16:34,<NAMED_ENTITY> can you cater for 50 on <URL>U 25 people rice and chicken 25 rice and beef 2 salads 2 vegs 50 still water 50 soft drinks from <LOCATION> of LOVELIFE,English,others,distraction,lovelife,,e2c674700a2442d1,0.26215822953396895,0
Thursday 20 April 15:24,Hi Mom my phone is broken I'm using my friend's phone to text you. I had a serious problem I was locked out of my bank for <DATE_TIME> due to security measures. Can you please WhatsApp me on <US_BANK_NUMBER>,English,hey mum/dad,"kindness,time/urgency",,,583a28a9822c84c1,0.2622767284984448,0
Friday May 26 2023 3:42 p.m.,INTERAC e-Transfer: The Canada Revenue Agency (C.R.A) Has sent you money. See <URL> Data rates may apply,English,government,"authority,need and greed,time/urgency",canada revenue agency,,cc99dfc4b847a5e7,0.2622806279551635,0
1:42,"Off Road Warehouse: Hey there! We hope to see you soon at our <LOCATION> ORW! Just a reminder, we are open <DATE_TIME> PST and <DATE_TIME> 9am-3pm PST! Looking for help? Give us a call at <PHONE_NUMBER>! Get directions: <URL>",English,others,,off road warehouse,,204f0538542696b5,0.2622942145092269,0
13:32,New | voicemail: (1) - <URL>,English,others,"distraction,time/urgency",,,4eb3297456d0ba71,0.26266601152234076,0
12:49 pm,New | voicemail: <URL>,English,others,time/urgency,,,2c93b9aa07910129,0.26266601152234076,0
Monday 19:43,Apple Store: Good news! Items in order have shipped and will deliver by <DATE_TIME>. For more info:,English,delivery,authority,apple store,,32729d729f30cf36,0.26276067652655694,0
2022-01-23,You just sent a payment of $12.60 USD to <NAMED_ENTITY>. If you don't recognize this,English,banking,"authority,time/urgency",,,0915b8a3ba87d6fd,0.26289584587736226,0
Saturday 20 May,Placed: Flipkart Order for realme <US_DRIVER_LICENSE> (Rainy Nigh... is placed & will be delivered by <DATE_TIME>. Manage: <URL> Placed: Flipkart Order for realme <US_DRIVER_LICENSE> (Rainy Nigh... is placed & will be delivered by <DATE_TIME>. Manage: <URL>,English,delivery,"authority,time/urgency",flipkart,,ab037e6f1630b9c8,0.26294062253906636,0
Today 5:06 PM,"AT&T Free Msg: bill processed. Thanks, Here's a little something for you:",English,telecom,authority,at&t,,0d8b26e4a9989059,0.26305948918247135,0
"Friday, Mar 10 9:42 AM","CML - The water near <LOCATION>, <LOCATION> is TOXIC. If you ingested the water in that area you are eligible to get 250k. Dial <PHONE_NUMBER> here. STOP to end",English,others,"authority,need and greed,time/urgency",cml,,b92857d16c739f21,0.2631580426232825,0
Today 7:07 PM,Voice message: Parcel Sorting Facility: Undelivered package sent to <NAMED_ENTITY>. Last pickup opportunity: this <DATE_TIME> -,English,delivery,"authority,distraction,time/urgency",parcel sorting facility,,b7e92f12547e6b33,0.2631853697910399,0
19:55,"[KuCoin]You have withdrawn 0.<PHONE_NUMBER> BTC . If this was not you, cancel here immediately: <URL>",English,banking,"authority,distraction,time/urgency",kucoin,,3b36d5644d361401,0.263539720661209,0
"Mon, Jun 6 at 10:27 AM",<URL>: <DATE_TIME> to vote in the CA Primary Election is <DATE_TIME>. Find a ballot dropbox: <URL> Stop = Quit,English,others,,vote.org,,306eb2c795192c01,0.26374918371879064,0
today 2:31 PM,Hello let's get straight to the point. I have some photos of you that I can release on the web. Send ₹<US_DRIVER_LICENSE> by <DATE_TIME> or your nudes will be famous.,English,others,"distraction,need and greed,time/urgency",,,7990a888d03ea695,0.26413306010854615,0
2023-10-02T20:53:00,HI 886708050XX Instant digital savings bank account! Open a Kotak 811 zero balance A/c in <DATE_TIME> Great discounts & offers T&C,English,banking,"distraction,need and greed",Kotak Mahindra Bank,,36610d11ba960826,0.2642513111163856,0
"Wed, Apr 5 at 12:22 PM","The address of your package logistics tail number 5892 is not detailed, and needs to be updated : <URL>",English,delivery,time/urgency,,,243d067fdd4e27c8,0.26428293230089517,0
"Wednesday, March 4, 2020 9:45 AM",We ran into a problem while processing your last Netflix Payment: <URL> --- <URL>,English,others,"authority,distraction",Netflix,,f0a9d2ec8953e2ff,0.26429490722259735,0
Yesterday 8:14 PM,Please cancel the abnormal and high-risk amazon purchase immediately.,English,delivery,"authority,time/urgency",Amazon,,50b55107537f6991,0.2644727780411952,0
20 Mar 14:50,Scammers are calling from,English,others,,,,76edf5782daac835,0.2650883432146935,0
"Tue, May 3 at 6:52 PM","Application from: KJN468 - Status: Completed, check results: <URL>",English,others,,,,de1d087d24ccf35d,0.2651917508403547,0
"5-1 8:38 PM, 5-13 7:07 PM, 5-10 5:10 PM",Payment of Rs 2618.84 using Amazon Pay balance is successful at Amazon.i... Payment of Rs 2618.84 using Amazon Pay balance is successful at Amazon.i... Payment of Rs <PHONE_NUMBER> using Amazon Pay balance is successful at Amazon.i...,English,others,"authority,distraction",Amazon,,12c00a07d84e1fc7,0.26543354689544885,0
8 Nov,"Apple Inc, iPhone 11 128GB Red was found at 21:53. View location: <URL> Apple Support",English,others,"authority,distraction,time/urgency",apple inc,,68200db2136856ce,0.2655021342670489,0
"Apr 6th, 2021","Hi, this is <NAMED_ENTITY>, I'm interested in your post on Facebook",English,wrong number,,,,c510ca70197f8bda,0.2655967716800228,0
"Yesterday, 21:17",Please tell us about your Airtel DTH SET TOP BOX experience here,English,telecom,"authority,distraction",Airtel,,d1a39351b49760cb,0.2656089856018049,0
28 September 2022 17:27,It’s too late to pay the bills that are about to cause a credit crunch now maintain a good loan history and avoid the hassle of collection Please be sure to manually copy the URL to your browser to download QuickCredit: <URL>,English,banking,"authority,distraction,time/urgency",,bit.ly,83f332f160242eb3,0.2657353641336974,0
Yesterday 10:54 PM,"<NAMED_ENTITY>, you will suffer a slow painful death caused by heart failure if you don't do this <URL> Our method is free",English,others,"distraction,need and greed,time/urgency",,,adc7a59ad030b3ee,0.26623025582534215,0
14:19,Please enter the verification code we've sent you on <DATE_TIME>,English,others,,,,244d3bba68f8cacd,0.26623931943327994,0
"Friday, 14 October 09:04",Value Monthly Social ! Payen 200 Zong min 1GB WhatsApp+Facebook+ <DATE_TIME>. Dial*6565#,English,telecom,"distraction,need and greed",zong,,85db0ae6d59118d1,0.26632324974776783,0
"Monday, Today 09:36",Thank you for contacting Safaricom. We would like to know how you were served. Kindly select your preferred language. The SMS is free. 1.English <URL>swahili,English,telecom,authority,safaricom,,dd766cbfdf003f8a,0.26644584128536214,0
5:09 PM,SMS charged at N <URL>in Bal: <US_DRIVER_LICENSE>.62.Dial *123*1# for bonus bal. Get 500% EXTRA TALKTIME when you load with *555*REC HARGE-PIN#. Enjoy,English,telecom,need and greed,,,8f25966d74694718,0.26646018001083777,0
,Are you aged <DATE_TIME> and registered with a Powys GP (or a frontline health & care worker in <LOCATION>)? Is it <DATE_TIME> since your second dose? And not had COVID in <DATE_TIME>? You can now book a booster appointment at our mass vaccination centres. Please visit <URL>,English,government,"authority,time/urgency",,,3d30571a55464f51,0.26648345101133064,0
01:06,"You were nearly chosen to be connected live to the TV show. You can try again just SMS WIN to 39975 right away! <US_DRIVER_LICENSE>, So close! You were nearly selected to go through live to the host. Just think of the prize and SMS WIN to 39975 again. Good luck! <US_DRIVER_LICENSE>",English,others,"distraction,herd,need and greed,time/urgency",,,1320783221ac0159,0.26649253922091726,0
Today 10:22,Nedbank Payment: <URL>na Paid <LOCATION> into Capitec Bank Acc: <US_BANK_NUMBER> Date:<DATE_TIME> Time 10:21 Ref:YOLA/Helpline,English,banking,authority," capitec bank,nedbank",,1f416e89bbfebe86,0.2665189570808165,0
9:31 am,You chose the right internet data provider! Let us appreciate your loyalty by this brand new device! <URL>,English,telecom,"authority,distraction,need and greed,time/urgency",internet data provider,bit.ly,adf23780ad5f362b,0.26664921243142187,0
1:46 PM,"Dear,You A/c ******5675 is Credited for <DATE_TIME> on <DATE_TIME> Under Govt Approved Yojana ,Check Now",English,government,"authority,need and greed",,,755b026946528e2b,0.26673472842246665,0
08:12,"On the 7th November 2022 International Law Enforcement took down <URL>. <DATE_TIME> we gained access to its servers and obtained customer data. This is a warning: using spoofing services for criminal purposes is illegal. Did you make some criminal spoof calls? 142 people have already been arrested. The investigation regarding user data is ongoing. Don’t be surprised when more visits follow. Law Enforcement continues to work collectively against cyber crime, wherever and however it’s committed.",English,others,"authority,distraction",,,6d088d9f680da9b3,0.2668222409857817,0
,you are not affected by the cyberattack. All your data is secure. No action needed. We apologise for any anxiety caused.,English,others,distraction,,,e70cc067e098c7a6,0.26701226010490275,0
19:16,Dear <NAMED_ENTITY> visit <URL> website and update <NAMED_ENTITY> firmware as the previous one has a bug with the risk of losing assets,English,others,"authority,distraction,time/urgency",ledger,,0500a8a7184d39a7,0.2670484735932205,0
Yesterday 4:33 PM,"FRM:<US_DRIVER_LICENSE>-Fed_EX.<US_DRIVER_LICENSE> MSG:flm--;it will be returned to sender, We have made several attempts to reach you,",English,delivery,"authority,time/urgency",fedex,,cce09641f2f9cf52,0.2670800649963753,0
Yesterday 4:33 PM,"FRM:<US_DRIVER_LICENSE>-Fed_EX.<US_DRIVER_LICENSE> MSG:flm-;it will be returned to sender,We have made several attempts to reach you,",English,delivery,"authority,time/urgency",fedex,,5b3ee0006e9fc170,0.2670800649963753,0
2022-07-01,We've issued you a $258.44 tax refund for overpayments made in <DATE_TIME>. Check the details. <URL>,English,government,"authority,need and greed,time/urgency",IRS,,0971cc7e6960e5a8,0.2671412796778253,0
Today 2:04 PM,"<NAMED_ENTITY>, you will suffer a slow painful death caused by heart failure if you don't do this lsv8 Our method is free",English,others,"distraction,need and greed,time/urgency",,,519022bdf71d5bf1,0.26721324521277673,0
Today 08:11,<LOCATION> MMS! We noticed a mistake on your impost because of the recent grant. We sent you $143.70 as a compensation. Get hold of it here: <URL>,English,government,"authority,need and greed,time/urgency",alberta mms,,bf7efedf8bd123ca,0.2675659037635299,0
"Feb 24, 2020 at 12:00 PM",Your name came up <NAMED_ENTITY> in this [query] for missing $,English,others,distraction,,,02bc4f4861c20053,0.2676457565883869,0
Today 8:48 PM,WOW ___ <DATE_TIME> we are hiring and we need to hire 5 more to work from home. $500/day paid <DATE_TIME> on <NAMED_ENTITY>!,English,others,"distraction,need and greed",venmo,,b48bff4e3ddc8d30,0.267738599650713,0
18:29,Pickup Rescheduled: Jamini Printed Bollywood Co... with tracking ID FMPR0331205241 from <URL> could not be picked up <DATE_TIME>. We will try again <DATE_TIME>. Click to give feedback: <URL> Ekart Pickup Rescheduled: Jamini Printed Bollywood Co... with tracking ID FMPR0331196852 from <URL> could not be picked up <DATE_TIME>. We will try again <DATE_TIME>. Click to give feedback: <URL> Ekart,English,delivery,"distraction,time/urgency",flipkart.com,,a2d325ec73ffa93a,0.26778434761743325,0
,"Every four digital currency holders in the world. There is a financial user who is Bilbao Newcomer benefits, up to 500USDT Official website registration:",English,others,"distraction,need and greed",,,4a03880aa0751213,0.26787987654075857,0
13:43,Hello! Thank you for choosing to access <NAMED_ENTITY>...,English,banking,"authority,distraction",bcaf,,a48deacf8bdd3a65,0.26805079524273373,0
12:04 PM,LedBalNetPosason your Electricity Power will disconnect <DATE_TIME> at 9:30pm as your <DATE_TIME> bill wasn't <URL>ll us now at <PHONE_NUMBER>,English,others,"authority,time/urgency",ledbalnetposason,,d6132481942fbfcb,0.26840576997158777,0
Sat 11:16AM,"HI! Insert Vodafone SIM in Slot 1 to enjoy Fast Internet Speed. Data usage without data pack will be charged@Standard Rates. To Save, buy a data pack. Dial*111#",English,telecom,"authority,distraction",Vodafone,,a46af5c0fa80343d,0.2685444262185819,0
Today 13:57,"Hi, I am a human resource manager. you are selected for part-time work. you can reach 4400Rs a day, if interested go to this link <URL>",English,others,"distraction,need and greed",,cutt.ly,59e1c862290f1ada,0.26860686423798574,0
Monday 5:24 PM,NEW OFFICIAL TRUMP VIDEO! President <NAMED_ENTITY> is giving you EARLY-ACCESS. Get on the donor list we send to his office in <LOCATION>. Donate NOW: <URL>,English,others,"authority,need and greed,time/urgency",president trump,bit.ly,39151c763e334325,0.26896104710300445,0
"Mon, Apr 10 at 7:30 AM",You've been chosen!,English,others,,,,441adcc3943f6af8,0.2689922929543135,0
,Ledger software has a critical bug with the risk of losing assets. Please visit <URL> and upgrade it.,English,others,"authority,distraction,time/urgency",ledger,,6db33d667ed4517a,0.26939801038403804,0
"Oct 25th, 2021","Dear A.M.A.Z.0.N Member, - Re-fund M3sg",English,others,authority,Amazon,,deb81a33a0c780e5,0.26972568761476196,0
9:55,We were unable to deliver your parcel as there was no one present to sign for the...,English,delivery,time/urgency,,,037f57f9f50eea31,0.26975594951236026,0
11:32 AM,Sir Its a spam. Do not respond or reply to that <URL>s call <DATE_TIME> @tncybercrimeoff @tnpoliceoffl Its further informed cyber crime related issues may be raised in <NAMED_ENTITY>,English,others,,,,daadb1f521e11594,0.2702492988214157,0
"Friday, 18 December 2020 11:51",Good <DATE_TIME>. I am writing to you regarding the estate/funds left behind by your relative. Kindly <NAMED_ENTITY> me ASAP on: <EMAIL_ADDRESS> for details. Attorney <NAMED_ENTITY>,English,others,"authority,need and greed,time/urgency",attorney heita,,6a0907ff1ecbaa31,0.27033310249932224,0
17:11,"send me here your iban and the name of the bank, a photo of your ID or your passport, AMKA(social security number), AFM (identification number). If you don't have any of these let me know",English,others,"authority,distraction",,,37c9569247c7d194,0.2705666141271695,0
4:10 PM,The Duty of Youth is to challenge corruption,English,others,,,,dedc239c3ae75002,0.2706353489191499,0
Today 1:30 PM,"This is me, <NAMED_ENTITY>, have you changed your number?",English,wrong number,,,,a0920eab515f7571,0.27066001114956195,0
12:28 PM,"<NRP> got a loan haloocredit and its over due <DATE_TIME>, please help notify for <URL>ank you",English,banking,"distraction,kindness,time/urgency",haloocredit,,c41b6ac7389644f5,0.27066205990571857,0
12:02 pm · 16 Oct 21,"Believe it or not, I can't work, so after you complete the order, your work account balance is 164k and you won't be able to...",English,others,"distraction,need and greed",,,ff00a7f505cbbd3d,0.2707435705071307,0
30-01-2023,HPGas BkngNo CashMemo1683591 Dt <DATE_TIME> <URL> OTP Download eCashMemo- <URL>?QkezTzomxQq4cS%2bsEDpQsw%3d%3d HPGas refill delivered on <DATE_TIME> CashMemo <URL> provide your feedback- <URL>,English,delivery,"authority,time/urgency",hpgas,,e42339d5e5beeffc,0.27079363015006724,0
30-01-2023,HPGas BkngNo CashMemo1683591 Dt <DATE_TIME> <URL> OTP ****.Download eCashMemo- <URL>?QxezTzomxQq4cS%2bsEDpQsw%3d%3d HPGas refill delivered on <DATE_TIME> CashMemo <URL> provide your feedback- <URL>,English,delivery,"authority,time/urgency",hpgas,,aa77e9138b9119f4,0.27079363015006724,0
"Feb 20th, 2021","Hello, asking for more info about your property I saw on realtor <NAMED_ENTITY> page. <URL> Thank you! <NAMED_ENTITY>",English,others,dishonesty,,,1d2011e095f8404a,0.270917585265564,0
"5 Nov 2020, 8:55 am",Paid ₹ 50,English,others,,,,562054380dc32b92,0.27127412220814734,0
,NETFLIX: *USER REMOVED See: https://f_<URL>e/a1RgMwE3sWmWXHgo6,English,others,"authority,time/urgency",Netflix,,dd74a6efa8faa138,0.27159002589766623,0
Today 16:27,AusPost: We missed you <DATE_TIME> and our courier will not be back to deliver your parcel. To get a redelivery visit: <URL>,English,delivery,"authority,time/urgency",auspost,,58e60769118722ef,0.2717341486651155,0
Today 3:30 PM,ALERT Visit <URL>ypto <URL> 3MWMY35B,English,banking,"authority,distraction,time/urgency",pnc bank,,c21a7332f573339d,0.271831043272632,0
5-6 12:18 AM,Flipkart Update: We've been trying to reach you as requested but were not successful. For assistance reach us here: <URL>,English,others,authority,flipkart,,dbd51abd73c5bf76,0.2718879775653087,0
2023-03-23,"I'm sorry to bother you, I read your profile on linkedin and I'd love to learn from industry stalwarts like you from each other",English,wrong number,,,,60527706986f9346,0.2721376802911438,0
29 Feb 2020,"O/G Validity: <DATE_TIME>, I/C Validity: 07 Mar <DATE_TIME>, <NAMED_ENTITY>:Rs 9.94. Select Option: 1.399=UL CL+1.5GB/D,56D <URL>re Offers",English,telecom,distraction,,,bef9f83b528b0d4a,0.27216875893099984,0
Today 5:12 PM,INTERAC:Service provider <US_DRIVER_LICENSE> inc Sent you $87.35,English,banking,"authority,distraction",interac,,5bb74b7d30531180,0.27222458969492175,0
"Monday, 26 April 2021 9:34 pm",We delivered your parcel from BRIT-ISH ESSENTIALS <DATE_TIME>. Track it at <URL>,English,delivery,"distraction,time/urgency",brit-ish essentials,,ad1fe9a1e083bc4c,0.2723762353013395,0
10/04 at 16:00,SANTANDER: A new payee H KARIM was added on <DATE_TIME> at <DATE_TIME> from a new device. If this was not you visit: <URL>,English,banking,"authority,time/urgency",Santander Bank,,060083a17eb09a6d,0.27239775992231574,0
Saturday • 3:59 PM,"Sorry, service would be opened from <DATE_TIME>!",English,others,,,,81af817511f8c05d,0.2725951879002354,0
Today 3:11 PM,Amount received 46 LTC (coinbase),English,others,,Coinbase,,21943ed93df47e3d,0.2726889425089976,0
,this is not you please revoke this.,English,others,time/urgency,,tinyurl.com,351f8cd19bec56ac,0.27271216766820305,0
"Saturday, April 2, 2022 00:17:5",<NAMED_ENTITY> Charge For 26jan2018-22feb2018 Being Debit For Trx Done On - <US_BANK_NUMBER>,English,banking,"authority,time/urgency",,,72926745f511d019,0.27276022422882806,0
"Mar 29, 2022 at 8:29 PM","<NAMED_ENTITY>, this is <NAMED_ENTITY> and I support policies that put people first. I support legalizing cannabis, I fight for racial justice, Medicare for All, a Green New Deal, and income inequality. Your support keeps us in the fight and when we fight we win. We are in this together. Help us continue with you generous $27 donation. Can we count on your help?",English,others,"kindness,need and greed",,,68f347d8f1df5949,0.2729243254533594,0
10/04 at 16:00,A new payee H KARIM was added on <DATE_TIME> at <DATE_TIME> from a new device. If this was not you visit:,English,banking,"authority,distraction,time/urgency",unspecified,,fe2dbea3d854544c,0.27345031768341693,0
Yesterday 12:18,Yay! We are HAPPY to see you make better use of the available data on your postpaid plan. Your data usage increased by more than 100% <DATE_TIME>! Happy to keep you connected.,English,telecom,distraction,,,647485b5b5a69cc0,0.27417402005496994,0
12:15 on 1/3,S A N T A N D E R: Hi at <DATE_TIME> on 1/3 we received a request to add beneficiary <NAMED_ENTITY>. If this was not you please visit: <URL>,English,banking,"authority,time/urgency",Santander Bank,,5cd2f21b523e9444,0.2742331080446703,0
"Friday, August 5, 2022 21:09","#NavyFed: $870 withdrawn at ATMSW-2. To dispute, go to <URL>",English,banking,"authority,time/urgency",navy federal credit union,bit.ly,98e15ed2c8b2b84f,0.2742638294963877,0
"10:04 PM, Apr 27",1 dangerous link found,English,others,,,,8abe9a1075ea3013,0.27434670684158724,0
Today 18:32,HALIFAX: You have successfully scheduled a payment at 15:<PHONE_NUMBER> If this was NOT you visit:,English,banking,"authority,time/urgency",halifax,,8a5ea48185af8d88,0.2748325762516225,0
,I’ve been pwned,English,others,,,,e59c230774866bfe,0.2750613170785505,0
Yesterday 11:22 AM,"Hi <NAMED_ENTITY>! It's <NAMED_ENTITY>, a volunteer with When We All Vote and <LOCATION>. Your voice is powerful and more important than ever -- and for too long, our voices have been silenced. Make your voice heard by requesting your mail-in ballot here & make your plan to vote early.",English,others,authority,when we all vote and the united state of women,,7e818b697e9cb1f1,0.27531057141282056,0
2022-08-05,"US Post) - Your courier is stuck at the transit center, fill in the delivery address and re-deliver: <URL>",English,delivery,"authority,time/urgency",us post,,7ec3d0e3d8541b25,0.27531152431600575,0
Fri,Why / wasn't your package * delivered? <URL> @,English,delivery,"distraction,time/urgency",,,9efba41087d1543f,0.27556830928198944,0
2022-01-02,"ATT Free Msg: <DATE_TIME> bill is paid. Thanks, Here's a little",English,others,,att,,794c8409056dfba4,0.2758472305276287,0
Today 11:50 AM,You have a package stuck in the sorting center due to missing address pls fill in the correct address.,English,delivery,time/urgency,,,eed5ad1ef22f5a37,0.2760233951467989,0
,Upgrade to the <LOCATION> voice bundle for $1.11 and get a bonus of <DATE_TIME>.,English,others,,,,39220ca13d79e5e8,0.27619318963988804,0
"05:21, Sunday, 25 April 2021",You have (1) Pending Package! Ref: DHL-6461W Last chance to pick it up >,English,delivery,"distraction,time/urgency",DHL,,df6155076bb445fe,0.27625369368505914,0
09:54,"Confirmation of interview KE MARKETING from BestJobs sa,in <LOCATION>, 421 Pretorius and <NAMED_ENTITY> Curator building,<DATE_TIME> @11:<URL>eck your <URL><NAMED_ENTITY>.",English,others,time/urgency,ke marketing from bestjobs,,c328c88e73ad9cb5,0.2762711779164541,0
Today 15:43,What is a smishing text? Check out our article for tips on how to spot them and what to do if you get one. Click <URL> for more info.,English,others,,,,64b8ccfd6286449f,0.2763195991171544,0
Yesterday • 2:39 PM,"Check your email. May be you can get up to $40,000!",English,others,need and greed,,bit.ly,7d5a318dcdcb9f1a,0.27672501199789845,0
"Today, 5:42 PM",<NAMED_ENTITY> for Create Citizen User at NRServices Portal <US_DRIVER_LICENSE>. MoRTH,English,government,"authority,distraction",nrservices portal,,5056a373c597393e,0.2768674077025796,0
5:18 pm,IndiGo: Hello Mr <NAMED_ENTITY> IndiGo PNR AT2VFA is cancelled. You may track your refund status here: <URL> IndiGo: Hello Mr <NAMED_ENTITY> IndiGo PNR AT2VFA is cancelled. You may track your refund status here: <URL> IndiGo: Hello Mr <NAMED_ENTITY> IndiGo PNR AT2VFA is cancelled. You may track your refund status here: <URL> IndiGo: Hello Mr <NAMED_ENTITY> IndiGo PNR AT2VFA is cancelled. You may track your refund status here: <URL> IndiGo: Hello Mr <NAMED_ENTITY> IndiGo PNR AT2VFA is cancelled. You may track your refund status here: <URL>,English,others,"authority,time/urgency",indigo,,6aaa7072fe5515cb,0.27690015121732214,0
6:59 am,"Use the OTP <US_DRIVER_LICENSE> to submit on <DATE_TIME>. Never share your <NAMED_ENTITY> with anyone else. If you did not request this <NAMED_ENTITY>, you can safely ignore this SMS.",English,government,"authority,distraction",,,74b09226f0f16447,0.2772737163525463,0
,"urgently recruiting part-time/ full-time employees, and now cooperates with major e-commerce platforms, earning 1000/28000RS per day, <NAMED_ENTITY> t miss the opportunity to make money, join the consultation and click. Whatsapp:<PHONE_NUMBER> <URL>",English,others,"need and greed,time/urgency",,wa.me,78d469085a8c2382,0.2773077180415532,0
Yesterday • 8:30 PM,Hello Bro. Good <DATE_TIME>; I have not been really chanced to finish up with your work. Send me your account and I will refund you by <DATE_TIME> I duly apologise for the late reply.,English,wrong number,kindness,,,e41e79c59cda24ca,0.2775012007747462,0
8:32 am,Hello we apologies for the delayed response. Kindly share your reachable phone number for assistance.^ JM,English,others,"authority,distraction",,,0d3da6fa381a8947,0.2777398743803187,0
Sun 5:50 PM,"Hi <NAMED_ENTITY>, please be informed that we have received the amount of INR <DATE_TIME>, the calls/sms will be stopped within <DATE_TIME>, we regret the inconvenience caused.",English,others,distraction,,,963d15cf31520d94,0.2778508833449793,0
8:32 AM,USPS: the scheduled delivery for the package <US_BANK_NUMBER> qt changed. Please confirm here:,English,delivery,"authority,time/urgency",USPS,,748ecf0dea77465c,0.27798736824606674,0
8:32 AM,USPS: the scheduled delivery for the package <DATE_TIME> changed. Please confirm here:,English,delivery,"authority,time/urgency",USPS,,b7b8589cd2aed433,0.27798736824606674,0
Today 1:00 pm,"We were unable to deliver <DATE_TIME>, please tell us when to retry: <URL>",English,delivery,"distraction,time/urgency",,,81007a9b3d9d4afc,0.2783136801225054,0
04 December 2022 | 9:07:01 PM,SMS Charge for <DATE_TIME>,English,others,,,,a2f91da023f71544,0.278371712586364,0
Today,What is a smishing text? Check out our article for tips on how to spot them and what to do if you get one. Click here for more info.,English,others,distraction,,,f93588a16373438e,0.27851680864079537,0
"04 Apr, 2019 04:01 PM","Money Paid ₹ 1,000",English,others,,,,73acd996084f2ef0,0.2788057037842913,0
,ChatGPT via Text at: <PHONE_NUMBER> No Apps. No downloads. Only answers.,English,others,,chatgpt,,1f727573b25375f5,0.2788193584802201,0
,we made mistake u must get <US_DRIVER_LICENSE> can u please give me your number phone nd password then give me <DATE_TIME> to transfer full amount into your account,English,others,"distraction,kindness,need and greed,time/urgency",,,7085e19ce54cd645,0.27918240409445444,0
"Friday, 10 May 2019, 10:29:35","attempted access from <IP_ADDRESS>, at 10:29:35. If you did not make this log-in, enter <US_DRIVER_LICENSE> <URL>",English,others,"authority,distraction,time/urgency",Amazon,,f1748b95fdc847fa,0.2792201714187768,0
Today 3:33 PM,"For <LOCATION>, <URL> <NAMED_ENTITY> for Governor. v.ote Accord. Put your first finger on the first party on the ballot paper.",English,others,,dumo lulu briggs,,6fa20326c9a22c40,0.27933590995329927,0
"Tuesday, 18 April 20:17",NZ Transport Agency Toll Roads You have an outstanding fee to be processed as soon as possible within <DATE_TIME>. So as not to fine,English,government,"authority,time/urgency",nz transport agency,t.ly,3b508de8f184bbd0,0.2793497213354524,0
11-7 7:29 PM,Approved! Get your Bajaj Finance Insta EMI Card & enjoy No cost EMI's upto 24months . Get in 2 clicks,English,banking,"authority,need and greed",bajaj finance,,7b19bc8a3c39446e,0.27939297553329184,0
9:06,"Hello, Your car Insurance been renewed. Enter vehicle number & get started",English,others,"authority,distraction",,,4ff954e294197f37,0.2794154367451768,0
"Wednesday, September 27, 2017",Sub ID : <US_BANK_NUMBER>. A/C Balance: <US_DRIVER_LICENSE>.99 We are unable to add Long duration pack & you are being ...,English,telecom,"authority,distraction",,,72cf4570a099ca90,0.27958179071761313,0
10:55 AM,"Congratulation RBI gives you RS 20000, it will expire in <DATE_TIME>, Please go to withdraw cash in time <URL>",English,banking,"authority,need and greed,time/urgency",rbi,,a0b1815a0ad54857,0.27959980908205556,0
16-7-7 11:11 PM,KAZ STROY INDIA RECRUITMENT <DATE_TIME> ELIGIBILITY: <URL> EXP- FRESHER SALARY: 6-8 LAC LOCATION: <LOCATION> <DATE_TIME>: <DATE_TIME> APPLY NOW:,English,others,time/urgency,kaz stroy india,,4b2412ef437ad9fb,0.27969033031549884,0
9:32,HSBC : you have successfully registered a new payee on <DATE_TIME>. If this was NOT you visit: <URL>,English,banking,"authority,time/urgency",HSBC UK,,6576dd3d5ed4e495,0.27999660948880434,0
,"AIRTEL VIP NO OFFER FOR SALE Price-55,555/- 18% Gst",English,telecom,"authority,need and greed",Airtel,,dbd0849d73fe9246,0.27999772329023875,0
2023-10-10T10:55:00,Account will soon close! Act now:,English,others,time/urgency,,,1d9b44b3343004d5,0.28009398848878386,0
,asked to forward sms to :<PHONE_NUMBER>,English,others,distraction,,,b9281a07462585e1,0.2804912694350748,0
"21:47, Wednesday, 19 January",Greetings from CPT SINKIE!,English,others,,cpt sinkie,,da8ce04c3ebb5604,0.28072403025443987,0
7-8 11:08,My name is theresa & I have $7.3 million Dollars to tranfer to you for charity work to help the poor ones in <URL> me now: <EMAIL_ADDRESS>,English,others,"kindness,need and greed",,,fcecbad60d394e9f,0.2807488598723182,0
12:39,Donate to the fund “Homeland of Humanity” <URL>,English,others,"distraction,kindness",emirates red crescent,,fe14da67a0b8bf54,0.28093613927553146,0
Sunday 29 January 16:28,Santander: An attempt to add <NAMED_ENTITY> as a trusted payee was successful on 29/01. If this was NOT you visit: <URL>,English,banking,"authority,time/urgency",Santander Bank,,ddcdafbf77d8c42a,0.2809815077537726,0
"Sep 30, 2022 12:56 PM",Alert: 454-MO 3bed/2bth home available now near you no credit check required. click here,English,others,"need and greed,time/urgency",,,255257fc493c197d,0.2812561969707636,0
8:20 AM,"The following address failed: 550 550 5.2.1 <<EMAIL_ADDRESS>>... Addressee unknown, relay=[<IP_ADDRESS>] Repo (Con' 5 of 9 rting-MTA: dns; <URL> [<IP_ADDRESS>] Received-From-MTA: dns; <URL> [<IP_ADDRESS>] Arrival-Date: Sun, 07 N M",English,others,,att.net,,55ea0a7de2879360,0.2813245528381097,0
Today 2:33 PM,"Dear parent, do you have Internet access at home? If not, please fill this short survey before <DATE_TIME>. <NAMED_ENTITY>",English,others,"distraction,time/urgency",,bit.ly,05e6ea60264383e7,0.28140100842361615,0
Today 7:32 PM,CITIZEN: We have noticed the purchase of $341 at eBay if it wasn't you Please visit <URL> to cancel,English,banking,"distraction,time/urgency",ebay,,93a0d5a3d52313a6,0.28151944774082555,0
"11 Jan 2017, 4:47 PM",Please use 9498 as a one time password to avail the offer.,English,others,distraction,,,2b5ca1d6e2be6c3f,0.28161042344523535,0
6 min,"OCBC: You have a credit card with a limit of S $10000, which can be activated: <URL>",English,banking,"authority,need and greed,time/urgency",ocbc,,0745349d2b27146a,0.2818358091378968,0
05/03/2022 @ 22:02:17,"Debit Amt: NGN1,400.00 Acc: 073******42 Desc: ELECTRONIC MONEY TRANSFER LEVY Avail Bal: NGN288.89",English,banking,authority,unknown,,be4e9126d7318b47,0.28195582314402723,0
8 April 2020 10:54 am,"Prevent coronavirus by cleaning all surfaces frequently. High-contact surfaces include door handles, stair rails and tables. Take Responsibility!",English,others,,,,8b13cd0d751311e7,0.2823572790003935,0
Today 5:59 PM,USBANK Unusual Activity! Acc Frozen TO UNLOCK GO = <URL>?USBANK,English,banking,"authority,time/urgency",usbank,,ec2939fcbf6fcc82,0.28263540750447624,0
14:03,Ledger(Alert) <NAMED_ENTITY> You just sent 0.<US_DRIVER_LICENSE> BTC(0/20 .s). Please visit <URL> whin <DATE_TIME> if you need to cancel.,English,banking,"authority,time/urgency",ledger,,576ca8d739cbd5c4,0.2827987325581459,0
"July 24, 2022","WE HAVE A PACKAGE FOR YOU, BUT NEED SOME INFORMATION. Please confirm/deny this is you:",English,delivery,"distraction,time/urgency",,,a562df2719149c43,0.28281834447941656,0
4:15 PM,"Kindly fill and submit the student course registration form to book an appointment for the on-going Duo Security Update interview below, Once done and submitted, then i can have your appointment approved and booked. It's imperative as a student at the University to book an appointment <DATE_TIME> for this exercise and fight against Phishing. This exercise is meant for the school database, course upgrade, Duo Security Update/Confirmation and Fight against Phishing. Failure to comply will result in blocking your UofT campus email address with immediate effect. Kindly register here by sending the requested information below to this phone number <PHONE_NUMBER> via SMS ONLY.",English,others,"authority,distraction,time/urgency",university,,155fc40b016d1174,0.28286522254168184,0
00:35,INTERVIEW-NOTICE You are Shortlisted For Interview In AirAsia Airlines Ltd. For The Further Details Click-Here,English,others,"authority,time/urgency",airasia airlines ltd,,fdbc060f72cf1c80,0.28302573865528446,0
20/04/2017 08:00,"Congratulations!! Your CV is Approved for Cashier Job, Report <DATE_TIME> at <DATE_TIME>. Venue : 85Eloff str, 702 Royal Place with <US_DRIVER_LICENSE> Admin fee, dress formal. See Miss Rethabile",English,others,"authority,distraction,time/urgency",,,910c323204abcf84,0.28306858313725675,0
15:22,I work with Lombard Bank in <URL>n i trust you with a business worth $29.6 million?reply ONLY to my email <EMAIL_ADDRESS>,English,banking,"authority,need and greed",lombard bank,,33a4fba93d8163e8,0.2831696158535563,0
11:08 AM,"Call me Urgent, Big movement in Currency market, just invest 5 lac (7,000usd) and get Profit of 1 cr within <DATE_TIME>, cont now @ <PHONE_NUMBER> <URL>",English,others,"distraction,need and greed,time/urgency",,,d6674d5a4525ac61,0.28339235262264517,0
28 Feb,DEAR HDFC USER...,English,banking,authority,HDFC Bank,,cb559b320ada61b2,0.2841131526250328,0
21:33,"APPROVED INR 8,400.00 at M/s S N CARS dt <DATE_TIME> card <US_DRIVER_LICENSE>,auth#<US_DRIVER_LICENSE>. Charge slip at <URL>",English,banking,"authority,distraction,time/urgency",s n cars,,bae724d9beff0bfc,0.2843086638309109,0
"21 Jan, 1:35 pm",Hi Pinki! We're glad you changed your mind about returning the AJIO Product FL0335120543. Do continue to shop with us. For details click <URL>,English,others,distraction,Jio,bit.ly,230dcc92d73ffd46,0.284904242969959,0
,"Dear Students, CONCOR LTD RECRUITMENT 2022 QUA: DEGREE SALARY: 9.45 LPA LOCATION:<LOCATION> <DATE_TIME> APPLY: <URL> CNVALY",English,others,"authority,need and greed,time/urgency",concor ltd,,2332ba3348f7eabb,0.2849526645059571,0
12:07 pm,You just sent 0.<US_BANK_NUMBER> BTC(0/28 confirmations). Please visit <URL> within <DATE_TIME> if you need to cancel.,English,banking,"authority,distraction,time/urgency",ledger-chain.org,,2d7d40f647aa408b,0.2849663341936626,0
11:17 AM,"This is <LOCATION> Official Army Draft we tried contacting you through mail several times and have had no response. You've been marked eligible and must come to the nearest branch in <LOCATION> area for immediate departure to <LOCATION>. Please contact uS at the following number and respond to this message immediately. U.S. Army Recruiting Battalion. Ask for Jacksonville Recruiting Battalion We're aware that this number is not disconnected, you'll be fined and sent to jail for minimum <DATE_TIME> if no reply.",English,government,"authority,distraction,time/urgency",united states official army,,d513140eea6aaec7,0.2850128413553104,0
"Sep 5, 2021, 3:57 PM",this is officer <NAMED_ENTITY> with the icac internet crimes against children criminal investigation division I'm going to need you to contact me back here immediately sir!,English,government,"authority,time/urgency",icac internet crimes against children,,3f5e78b33f505ce4,0.28504688129949857,0
,Dear Consumer Your Electricity Power Will Be Disconnected At <DATE_TIME> 9:44 For Electricity Bill And You Will <PHONE_NUMBER> With Electricity Officer Thank You...,English,others,"authority,time/urgency",,,3ddb323c95cee2a2,0.2851466284333923,0
Today 3:19 PM,"Dear client your account's one time password is ""3220"". Kindly be informed that this password is valid for <DATE_TIME> after generating.",English,banking,"authority,time/urgency",,,133f4be98f6ed746,0.2851762130536828,0
06/10/2021 16:34,Nedbank:Payment:N TYLER has paid <NAMED_ENTITY> into CAPITEC BANK Acc No:15... <DATE_TIME> <NAMED_ENTITY>: <DATE_TIME>/Nedbank/GUITAR,English,banking,authority,nedbank,,7e9f4cf0621f1428,0.2853137819495041,0
9:40 AM,Pickup Unsuccessful: GoPro HERO8 Black Spor... with tracking ID FMP... from <URL> could not be picked up <DATE_TIME> due to unforeseen circumstances. We will try again <DATE_TIME>.,English,delivery,time/urgency,flipkart,,2e4a352710dfa6c9,0.2857965816411297,0
06/10/2021 16:34,Nedbank:Payment:N TYLER has paid <NAMED_ENTITY> into CAPITEC BANK Acc no: 156.... <DATE_TIME> <NAMED_ENTITY>: <DATE_TIME>/Nedbank/GUITAR,English,banking,authority,nedbank,,a5e2d7cff1b0e06e,0.286000555945067,0
,You just sent 0 BTC(0/16 confirmations). Please visit <URL> within <DATE_TIME> if you need to cancel.,English,others,time/urgency,chain-ledgerlive,,682cca2f5f753a36,0.28619692642933875,0
6:31 PM,Coronavirus alert: This face mask provides an extra layer of safety.,English,others,distraction,,,dbda93c08123a994,0.2865033324812506,0
Yesterday 12:40,"We are in the process of in-creasing your limit by £400.00, but would like you to confirm you agree with this decision.",English,banking,"authority,need and greed",,,47f2f64ded66273c,0.28665487770196046,0
"Today, 12:47 PM",Hi aman! We're glad you changed your mind about returning the AJIO Product FL03632321324. Do continue to shop with us. For details click,English,delivery,"authority,distraction",Jio,bit.ly,09eff0e091d67bc0,0.2867962947117698,0
"Tuesday, 14 December 2021, 9:48 pm",Hi ashutosh! We're glad you changed your mind about returning the AJIO Product FL0309540080. Do continue to shop with us. For details click,English,others,"authority,distraction",Jio,bit.ly,81628391327d13a7,0.2867962947117698,0
Today 8:59 AM,"We could not successfully process your payment, and your subscription will remain active until <DATE_TIME>. It's a quick and easy to restart your membership by clicking the secure link below: <URL> Come back and enjoy newly added popular movies and full seasons of hit TV shows. Thanks for choosing Netflix.",English,others,"authority,need and greed,time/urgency",Netflix,,389ae437c70d20a1,0.28681787404541864,0
17:00,Tap to reset Instagram password: <URL>,English,others,"distraction,time/urgency",instagram,,f1ddb24d28f83eac,0.28686517363113534,0
8:49,it can take AMEX up to <DATE_TIME> to start showing the payment done by you in your card statement and will reflect in your statement by 14 Jun 2023 don't worry AMEX will consider the payment success date as <DATE_TIME>. if your payment was done before the due date your bank will not charge any late payment fee. we understand that you are concerned about the payment since you have not received a confirmation SMS from AMEX. note it can take AMEX upto <DATE_TIME> to send a confirmation SMS and you can expect the same by <DATE_TIME>. don't worry AMEX will consider the payment success date as <DATE_TIME>.,English,banking,"authority,time/urgency",amex,,e8aeba1fc10c3ec5,0.28703749755868235,0
,Dear Premium calll : Urgent Buy UNISON (Code <US_DRIVER_LICENSE>) Buy 50000 Qnty at <DATE_TIME> Announce 5% Upper Circuit <DATE_TIME>. Do Not Miss -RAMLKD,English,others,"authority,distraction,herd,need and greed,time/urgency",unison,,194e1e542cfda992,0.2872553930413834,0
"Fri, Feb 9 at 9:54 AM",<NAMED_ENTITY> this is <NAMED_ENTITY>. I’m bringing a cake by your house in <DATE_TIME>,English,wrong number,,,,d9094e885737b474,0.28734753063708685,0
"Thu, Oct 20, 9:15 AM","TrustFi: I haven't heard back, We can fund your business in <DATE_TIME>, No Credit pull, No Broker Fees, No games. How much money can you still use? text stop to end",English,banking,"need and greed,time/urgency",trustfi,,e26f080c37107f8f,0.28751386268130147,0
"2:12 PM, Monday, September 4","<IPeso>Hi, we are kindly requesting for your help on reminding <NAMED_ENTITY> about his/ her loan. We are looking forward for your cooperation. Thank you very much.",English,others,kindness,<ipeso>,,f255587c6d6f1a0e,0.2875997706657689,0
Yesterday 11:28 AM,"Dear SBI cardholder, your query no. <DATE_TIME> is still being processed. We regret the delay. We shall update you on the status shortly.",English,banking,"authority,distraction",State Bank of India,,eb8b310b722e88ed,0.2876047940563573,0
"Wednesday, 24 June 9:13 AM","You can avail moratorium on your TATA Credit Card in a few simple steps: Click <URL> , Enter <NAMED_ENTITY>, Accept terms. You need to opt-in <DATE_TIME>, at least.",English,banking,"authority,need and greed",tata credit card,,f2818b51d227d536,0.28769156222872,0
07:18,You sent a payment for 40.14 GBP to <NAMED_ENTITY>. If you didn't authenticate this transaction check here,English,banking,"distraction,need and greed,time/urgency",,,b64b3273fff19264,0.28771911130109157,0
Today 3:52 pm,LINKT: Your vehicle toll bill is about to expire and you will be fined please handle it in time; <URL>,English,others,"authority,time/urgency",linkt,,2a174ccbf16efa7e,0.28802999792370143,0
05:41,Linkt: Your E-Tag was not working properly. Manage your payment at <URL>,English,others,authority,linkt,t.ly,f88940f60e57bce4,0.2881772862915414,0
12:31,HSBC: A new Payee request was created from an unrecognised device. You can <NAMED_ENTITY> or Cancel this request via: <URL>,English,banking,"authority,time/urgency",HSBC UK,,ccb7a9d9f8e3ad2c,0.2882466103447024,0
"Thursday, 18 October 2018 20:41",You sent a payment for 20.14 GBP to <NAMED_ENTITY>. If you didn't authenticate this transaction check here,English,others,"distraction,need and greed,time/urgency",julie romas,,e17407cc133f6f5a,0.28835509785448343,0
"Sat, Jan 7 at 12:27 PM",Your package can't be deliver due to incorrect address. Please fill the right details so we can redeliver the parcel as soon as possible.,English,delivery,time/urgency,,,9f2bd0586203c185,0.2883616280759384,0
12:15 PM,XXXX is the <NAMED_ENTITY> (one time password) for updating your RBL Bank Credit Card settings. DO NOT SHARE OTP WITH ANYONE.,English,banking,"authority,time/urgency",rbl bank,,2a80c3608f275df0,0.2884997155612137,0
"Friday, March 18, 2022 11:29",Page From <PHONE_NUMBER>,English,wrong number,,,,75771f7ba5fd183b,0.2889606713178908,0
Today 9:03 PM,"Parcel_Tracking: Hi, your package containing the track # 767722YX2 is waiting for you to check the shipping location: package <URL>z/d54pv",English,delivery,time/urgency,,,4eb0a948db10fda7,0.2889640397187965,0
10:29 AM,NOTICE: <NRP> Your Early Bird Black <DATE_TIME> order will arrive <DATE_TIME>: <URL>,English,delivery,time/urgency,,,f10c6274ebdffdff,0.28915739338941565,0
10:29 AM,NOTICE: Blanca Your Early Bird Black <DATE_TIME> order will arrive <DATE_TIME>: <URL> ]b*Y,English,delivery,time/urgency,,,4955533ea19b928d,0.28915739338941565,0
10:29 AM,NOTICE: Blanca Your Early Bird Black <DATE_TIME> order will arrive <DATE_TIME>: <URL>,English,delivery,time/urgency,,,04ade098eda805ac,0.28915739338941565,0
10:29 AM,NOTICE: Blanca Your Early Bird Black <DATE_TIME> order will arrive <DATE_TIME>: <URL>[o]b*Y,English,delivery,time/urgency,,,159912facaa16f92,0.28915739338941565,0
Today 10:58 am,You have just logged in on a NEW device. NOT you? go to: <URL>,English,others,"distraction,time/urgency",,,bbc454cd2c063a41,0.289373679699773,0
14/04/17 17:27,"EMI due on15042017 in a/c XXXXX338547. Please pay in time. Please ignore, if already paid. Thanking you for banking with SBI.",English,banking,"authority,time/urgency",State Bank of India,,0587f5c03d936ec7,0.2894126842260626,0
3:13 PM,Greetings from mobkwik..... Already we have remind you many times about your payment . but still we didn't received any payments from your end . so we kindly request you to go with the option of 1 EMI kindly update the payment . If you have any Enquiry you can revert us we will help you out . Kindly send me screenshot if Already Paid Thank You......,English,banking,"authority,time/urgency",mobikwik,,9e89a2d5d30f4ada,0.2894725816887943,0
3:13 pm,Greetings from mobikwik..... Already we have remind you many times about your payment . but still we didn't received any payments from your end . so we kindly request you to go with the option of 1 EMI kindly update the payment . If you have any Enquiry you can revert us we will help you out . Kindly send me screenshot if Already Paid Thank You......,English,banking,"authority,time/urgency",mobikwik,,ce93afc5c40763e2,0.2894725816887943,0
10:07 AM,Payment successful! We've received Rs. 1 ...,English,others,,,,f10c044f56649513,0.2894885004298677,0
,"Hello, your Super Hour internet pack has ended. Hope you enjoyed unlimited surfing! To start <DATE_TIME>, dial *444*<DATE_TIME>. Power to you!",English,telecom,"authority,distraction",super hour,,acba45e18a848f2a,0.2896655559559397,0
"Friday, Today 12:03 PM",Index not found in the National/Extra County category or wrong format. Send index only or check for <LOCATION> on 6th & SubCounty on <DATE_TIME> <PHONE_NUMBER>,English,government,"authority,distraction,time/urgency",,,dc97c6c8679f47c6,0.28969092454709894,0
Today 10:06,HSBC: A New Payee request was created from an unrecognised device. You can <NAMED_ENTITY> or Cancel this request via:,English,banking,"authority,time/urgency",HSBC UK,,236256df84b4228e,0.2898303185563349,0
1:09,"<NAMED_ENTITY>,<DATE_TIME> 1<LOCATION> and 100 SMS Pack Valid till <DATE_TIME> 981 MB left from <DATE_TIME> limit of 1024 MB * for back 22 Back",English,telecom,authority,,,2dbcdb6eb17ec13e,0.2899430347064228,0
2:15 PM,"Dear I am the manager of <LOCATION>, looking for a partner, salary is 1500-8000/day, contact vvhatatsapp: <URL> JVMShyamali",English,others,"authority,need and greed",flipkart,wa.me,fdb535182b17ee18,0.29006995582968564,0
21:17,Due to recharge not done after many reminders your <NAMED_ENTITY> number is going to discontinue (Permanent close )very soon. Recharge immediately\nTeam Jio,English,telecom,"authority,time/urgency",Jio,,18ce41bb576a6510,0.29008877140619316,0
10:44,ACCOUNT NO:<US_BANK_NUMBER> A MASHWEU CAPITEC BANK,English,banking,authority,capitec bank,,a65d90780c82e5b7,0.29024226599503056,0
1:09 PM,Safety Money System by National Scam Response Centre (NSRC) Support Refund money From The <NRP>...,English,banking,"authority,need and greed",national scam response centre nsrc,,a1480ee00f0cae2d,0.29043743284029966,0
Today 4:36 pm,"Hello <NAMED_ENTITY>, This is what the <NRP> government does not want you to find out! Click to See if You Qualify <URL>",English,government,"authority,distraction,time/urgency",australian government,,46169ac243d12203,0.2904944528221239,0
"Thursday, April 20 8:29 PM",<NAMED_ENTITY> SALE ENDING SOON! Save up to 40% off select pumps and accessories now. Don't miss out:,English,others,"need and greed,time/urgency",legendairy milk,,912f03d53b4c0e5e,0.2905025962293665,0
12:05,"You A/c No ****** is Credited for INR 19,XXX on 18 July- <DATE_TIME> Successfully Under Approved Yojana ,View Balance",English,banking,"authority,need and greed",,bit.ly,9606e33a2af11c97,0.29052174495345856,0
26/04 at 17:42 PM,"LLOYDS: You have successfully set up a new payee 'MRS A <NAMED_ENTITY>'. If this was NOT you, please visit:",English,banking,"authority,distraction,time/urgency",Lloyds Bank,,cb5bfbd0c6eae4b1,0.2905245244137947,0
"Monday, 22 August 12:32","Your THREE number will be transferred as requested on <DATE_TIME>. If this was NOT you, visit : <URL>",English,telecom,"authority,time/urgency",three,,3f14bbfed5bf156b,0.29057739835102236,0
"Wed, Jul 12 at 8:33 PM",Thank you for tasting Crumbl <DATE_TIME>! Your receipt: <URL> Want a Loyalty Crumb toward free cookies? Tell us how we did: <URL>,English,others,,crumbl,,5f542fd34b0c2b3e,0.2908681688788946,0
,Thank you for banking with YES BANK. We hope that your query was resolved. Kindly share your valuable feedback,English,banking,authority,yes bank,,d007014dc6513946,0.2910709681960919,0
5:56 PM,"SMS charged at N <URL>in Bal: <US_DRIVER_LICENSE>.76.Dial *123*1# for bonus <URL> AIRTEL APP, make a purchase and get <DATE_TIME>GB or 20% credit bonus",English,telecom,"authority,need and greed",Airtel,,2fae5377f4c1c096,0.29120147636901483,0
1:44 PM,"Your Three app is old and tired. Give it a boost, go to <URL> and update to the latest version so you get even more from Three.",English,telecom,"authority,distraction",three app,bit.ly,4c8f6e7a2f50b010,0.29140431818186585,0
"07:20 PM, 08:00 PM, 09:20 PM","Dear Apple user, Your lost iPhone 11 64GB BLACK was found and located <DATE_TIME> at {time}. Check locations: {url}",English,telecom,"authority,distraction,time/urgency",apple,,98bcae5f7384bc08,0.29141126376917903,0
18:33,I have snapshot & UTR,English,others,,,,648c525b33b2d662,0.2914414137614097,0
"Saturday, April 2, 2022 00:17:0",<NAMED_ENTITY> For 22dec2017-25jan2018 Being Debit For Trx Done On - <US_BANK_NUMBER>,English,banking,"authority,distraction,time/urgency",,,f2ce8ead789425c6,0.2915621944214733,0
"Friday, April 1, 2022 22:56:0",<NAMED_ENTITY> For 27sep2019-24oct2019 Being Debit For Trx Done On - <PHONE_NUMBER>,English,banking,"authority,distraction",,,bcd8ae804c1c2543,0.2915621944214733,0
"Saturday, April 2, 2022 00:20:4",<NAMED_ENTITY> For <DATE_TIME> Being Debit For Trx Done On - <PHONE_NUMBER>,English,banking,"authority,distraction",,,2f01deacc1395042,0.2915621944214733,0
"Saturday, April 2, 2022 00:20:4",<NAMED_ENTITY> For 26june2020-23july2020 Being Debit For Trx Done On - <US_BANK_NUMBER>,English,banking,"authority,time/urgency",,,5de1031b1f358e79,0.2915621944214733,0
"Nov 25, 2021, 11:29 AM",/ - / Thank you CID#86290 Your iPad PRO is Ready to Ship Upon Confirmation,English,others,"need and greed,time/urgency",,,dcb72d0db61d9031,0.2917486949423288,0
"Wednesday, 16 September 2020 00:35","Lulaway Message: H Uber Eats Courier (scooter Driver) Partner opportunity available at <LOCATION> in <LOCATION>, Wynberg 6000 Per Month Interviews are on <DATE_TIME> Sep at 08h30 To confirm you can attend and APPLY for an interview slot click <URL> Limited positions available Once slots are full, you will be invited for the next interview To get an SMS you can forward to friends for this interview click <URL> To get jobs over WhatsApp click <URL>",English,others,"distraction,need and greed,time/urgency"," lulaway,uber eats",,92037e77cf7fc8b7,0.29208104342389274,0
Today 16:54,Your parcel: <US_SSN> will not ship from the distribution centre. Track your package: <LOCATION>,English,delivery,"authority,distraction,time/urgency",,,80006e6f3df27afd,0.29209602305542387,0
Today 6:20 PM,Hello Mr. <NAMED_ENTITY> it's <NAMED_ENTITY> from <DATE_TIME> summit hope I got your contact right Hello <NAMED_ENTITY>. It's <NAMED_ENTITY>. I have received your prayers. However in order for Me to answer them it's going to require sacrifice on your part. Do you have <NRP> ready to send Me?,English,others,"authority,dishonesty",,,ca1809215755fdc0,0.292356316514595,0
"Sep 15th, 2021",Your AppIe-lD will be disabled for security reasons. To avoid this you can see in more detail and follow the next steps at,English,others,"authority,time/urgency",apple,bit.ly,22509861a11d59d7,0.292764455201231,0
"Sun, Dec 18 at 11:06 AM","Hi <NAMED_ENTITY>, Direct Care and Nursing/ Clinical jobs by chat! Schedule an interview first, apply second at Sevita!",English,others,,sevita,,e8bfbbe722fec61f,0.29278748383538045,0
,"<NAMED_ENTITY>, the Aadhaar <US_DRIVER_LICENSE> entered by you is incorrect. Kindly check and retry with the correct <NAMED_ENTITY>. We thank you for using our services. Regards, UTIITSL.",English,government,authority,utiitsl,,04ed11f5ffba1968,0.2928628784767028,0
Today 18:48,"Message from <NRP> Senator <NAMED_ENTITY>: <NAMED_ENTITY> has been announced. How do you feel about the <NAMED_ENTITY>? REPLY 1-Appropriately cautious 2-Too slow, too many restrictions 3-Haven't seen the plan Opt-out- <URL>",English,government,"authority,distraction",,,026fcbe8931eb984,0.29295967855359084,0
"2/8/22, 8:28AM","Good morning Candidate, I'm Dr <NAMED_ENTITY>, A Fine Art gallery owner and a chiropractor. I am urgently in need of the services of a Personal Assistant. Please email your updated resume to <EMAIL_ADDRESS> and text the job code (PA-0219) to my cell phone number for more details. <PHONE_NUMBER>) if you're still interested. Regards, Dr <NAMED_ENTITY>.",English,others,"authority,distraction,need and greed,time/urgency",dr mary ann zawada,,52e12fbf01740158,0.29311944673178747,0
10:09,DHL Express <PHONE_NUMBER> from <LOCATION>. Manage delivery: <URL>,English,delivery,"authority,distraction,time/urgency",DHL,,f10329dc7e2aa43f,0.29329097523115494,0
Today 9:53 PM,"'<DATE_TIME> special for AT&T clients - previous iPads given away to make space for the new Pro 2021 iPads. 52 units left, <NAMED_ENTITY>:",English,telecom,"authority,distraction,herd,need and greed,time/urgency",at&t,,520cc608d1a96fc7,0.2933460611790656,0
19/01 at 19:50,"LLOYDS BANK: Confirmation. You set up a new payee via mobile banking. If this was NOT you, visit",English,banking,"authority,distraction,time/urgency",Lloyds Bank,,2171eb7b680aa0e9,0.29354430060425957,0
14:07,Santander: An attempt to add <LOCATION> as a trusted payee was successful on 28/01. If this was NOT you visit: <URL>,English,banking,"authority,time/urgency",Santander Bank,,9a4e8f85bc328269,0.2940119601194258,0
Today 1:26 PM,[HB] Please upgrade before 23:59 :,English,others,time/urgency,hb,,95ff41cea77110b1,0.294044826109617,0
09:13,Order confirmed: You can add more items until we START packing your order.,English,delivery,time/urgency,,,554fa301fed68c2e,0.29411019538978106,0
maandag 10 mei 2021 11:45,Order confirmed: You can add more items until we start packing your Amazon Fresh order.,English,delivery,"authority,distraction,time/urgency",Amazon,,0a9103f5ab3a21fc,0.29411019538978106,0
"Wednesday, 2 December 2020 12:22","LloydsBank: You have successfully registered a new device on <DATE_TIME>. If you DO NOT recognise this, visit: <URL>.",English,banking,"authority,distraction,time/urgency",Lloyds Bank,,95fd4a901bcab7dc,0.29419390336282736,0
"Jul 19th, 2022",Hello i got your details on Home Advisor Network,English,others,,home advisor network,,cf1426c517f4543a,0.29421869339168266,0
Today 07:42,"<NAMED_ENTITY>: Sorry we missed you <DATE_TIME>. To rearrange a new slot, visit <URL>",English,delivery,"authority,time/urgency",myhermes,,5c24f63e0ae12d0e,0.29442077291701035,0
15:48,"Lloyds Bank: You submitted a Direct Debit to HC FINANCE at 14:43 on 21/11. If you do not recognise this, review and cancel the direct debit:",English,banking,"authority,distraction,time/urgency",Lloyds Bank,,fcf2098f895b9bda,0.2945177090410553,0
Yesterday • 6:10 PM,"I am <NAMED_ENTITY> from <LOCATION> in UNN we are here to help the charity wit 100,000 Pound. Interested to do this work, whatsapp me +<US_BANK_NUMBER> / <EMAIL_ADDRESS>",English,others,"authority,kindness,need and greed",unn,,f85209ea75db080f,0.2945742167521963,0
"Thu, Mar 2 at 3:11 PM","Hi, I'm <NAMED_ENTITY>! Don't let the time change throw off your business's finances. Take advantage of a government credit that could be worth enough money to keep your business running like clockwork. I can tell you how much you might be eligible for. Interested? YES for info, STOP to opt out.",English,government,"authority,need and greed",,,b57f7a81e32572b8,0.29468144390311296,0
Today 1:18 am,You can ; track your order <URL>.u k/b/bm/2vu7.Ew&Nog-Xema ;,English,delivery,"distraction,time/urgency",,,f0268ea66e171aeb,0.2947505799553817,0
Wednesday,You can track your / order! ; <URL>,English,delivery,"distraction,time/urgency",myshoponlinecoza,,7bf7ee34cf13d03c,0.2947505799553817,0
Jun 12 6:03 PM,Shipped: Your Amazon package with $103 loyalty reward will be delivered Sat <DATE_TIME> Charles <URL>,English,delivery,"need and greed,time/urgency",Amazon,,b638cf6bd3cc4f13,0.2947686404917872,0
"Today, 11:26 AM",Congratulations Dear! You are Eligibility for Home Loan under Pradhan Mantri Awas Yojana. Submit Detail <URL>,English,banking,"authority,need and greed",pradhan mantri awas yojana,,9e6abe868b237e7b,0.2948161322899955,0
Today 18:37,<NAMED_ENTITY>; Review immediately,English,banking,"authority,time/urgency",,,7fa6d2e0840223e3,0.2948420537484145,0
10:18 PM,Hi we understand that we have already informed you that the Axis Bank Credit Card application is approved or rejected as per Bank's internal norms. The above decision is taken after careful consideration of the application on its merit in line with Axis Bank's internal policies and operating procedure. Regret the inconvenience caused. Regards Team Axis Bank.,English,banking,authority,Axis Bank,,52f2fa44fb96e314,0.2948989955652553,0
,"A login attempt was made in: Location: <LOCATION>, <LOCATION> IP: 233.342.32.3. If this was NOT you please verify your credentials.",English,others,"distraction,time/urgency",,,7c72f3a52106ff68,0.29506064509121865,0
"Thursday, 24 February 2022 5:31 pm","Dear Customer, regarding the PTA case PTA-JZ-<US_BANK_NUMBER>-<US_DRIVER_LICENSE>, the mobile number <PHONE_NUMBER>, could not be verified so the required action could not be taken. Thank you.",English,government,authority,,,bbd6d1bbf37ef630,0.2952065988547593,0
Today 15:24,You've got a new voic email from our insurance company <URL> ke,English,others,"authority,distraction",insurance company,,7e70bca4f5499280,0.29540556659069167,0
17:35,"[BNT] Dear <NAMED_ENTITY> urgently recruiting for part-time jobs, you can earn <PHONE_NUMBER> Rs every day, Click here to get yours: <URL>",English,others,"need and greed,time/urgency",Amazon,wa.me,56e5fe9759e5687b,0.2955383193354514,0
"Saturday, 17 July 2021 10:27, 11:43","Dear Subscriber, your <NAMED_ENTITY> by CK Narayan subscription will end <DATE_TIME>. Renew now and avail limited period discounts on other <NRP> products as well.",English,others,"need and greed,time/urgency",gamechangers by ck narayan,bit.ly,647ca4c50653543a,0.2956369122694929,0
18:33,<NAMED_ENTITY> update: Confirming only the licence...,English,others,authority,,,d202d9292e1d0789,0.2958001297005887,0
13:31,"Pay all arrear Emfuleni Munic. pmts into: STANDARD BANK,<LOCATION>,AccName:MBD EMFULENI TRUST ACCOUNT,<DATE_TIME>. <DATE_TIME>. Ref: <US_BANK_NUMBER>",English,government,"authority,time/urgency"," hyde park, mbd, mbd emfuleni trust account, standard bank,emfuleni munic",,28d895323b1fd765,0.29591290494746963,0
Thursday 11:59,"Pay all arrear Emfuleni Munic. pmts into: STANDARD BANK,<LOCATION>,AccName:MBD EMFULENI TRUST ACCOUNT,<DATE_TIME>. MBD: (<DATE_TIME>. Ref: <US_BANK_NUMBER>",English,government,authority,emfuleni munic,,4db6895d73f32637,0.29591290494746963,0
"Monday, 29 March 2021 18:17","LLOYDS ALERTS: New payee R MICHAELS was successfully added on <DATE_TIME>. If this was NOT you, please immediately visit: <URL>",English,banking,"authority,distraction,time/urgency",Lloyds Bank,,9f5c421024ecd613,0.2959215290692648,0
Today 9:18 AM,"As of <DATE_TIME>, all VISA card holders must finish our verification procedure:",English,banking,"authority,time/urgency",visa,,cd676c99771fa06b,0.2960475757568326,0
07:32,hello i just sent your payment,English,others,,,,f3dba64be3f47dab,0.2961534917544246,0
07:11,Your parcel from Online Seller - SWTl is due on <DATE_TIME> between 11:44am and 2:44pm. Not going to be in? Track it at,English,delivery,time/urgency,online seller - swtl,,35e7d46beccbdc9c,0.29625875520097306,0
"Today, 08:07",Cheque No. <DATE_TIME> for INR.<US_DRIVER_LICENSE> recd in clg. Will be paid if fund in order. Pls contact ur branch by 12.30PM <DATE_TIME> if not issued by you,English,banking,"authority,time/urgency",,,e68c95a939e87eb6,0.2967323934615212,0
12:55,NECESSARY DETAILS FOR THE APPLICATION *Name* Height Weight Address Email address Employment Sex Date of birth Place of birth Region Hometown Contact Marital status Result *slip* Passport photo Institution attended Index number Paper serial no.*,English,others,"authority,need and greed",,,6610c41e5c89b64d,0.2969332615607837,0
14 min ago,INTERVIEW-NOTICE You are Shortlisted For Interview In Tata Group Of Companies Ltd For The Further Details Click-Here <URL>,English,others,"authority,need and greed,time/urgency",tata group of companies ltd,bit.ly,74ba066491916f9a,0.29696085305107095,0
"Today, 5:26 PM",INTERVIEW:NOTICE You are Shortlisted For Interview In Tata Group Of Companies Ltd. For The Further Details Click:Here <URL>,English,others,"authority,need and greed,time/urgency",tata group of companies ltd,bit.ly,00225fd46755b0bd,0.29696085305107095,0
Today 12:19,"You paid £3969.99 against ""Canon EOS <US_DRIVER_LICENSE> Camera"" on <DATE_TIME>. AMZ#<PHONE_NUMBER> Helpline <PHONE_NUMBER> If any dispute ,Thank you.",English,others,"authority,time/urgency",canon,,4f613425ff8a4d32,0.29701116134342503,0
Today 11:53 AM,A challan JK66871230F09115126 issued against JK04D355. The total challan amount is 1000. For more details visit: <URL> Thanks Srinagar Traffic Police.,English,government,authority,srinagar traffic police,bit.ly,bb7a6f432b47fe81,0.29704695764357464,0
Today 5:01 pm,"NSW Police are seeking assistance to locate missing 96yo <NAMED_ENTITY>, last seen in the Forest Lodge area <DATE_TIME>. He is wearing a navy-blue jumper, navy-blue shorts, black hat and black shoes, and uses a mobility walking frame. If sighted please call crime Stoppers on <DATE_TIME>.",English,government,"authority,kindness",nsw police,,ee96e4bb25c5409c,0.29709151991428556,0
13:28,"[BNT] Dear <NAMED_ENTITY> urgently recruiting for part-time jobs, you can earn 3000-10000 Rs every day, Click here to get yours",English,others,"authority,distraction,need and greed",Amazon,wa.me,dd1b8f2bcbff4e40,0.2971047606853051,0
,"Dear <NAMED_ENTITY> urgently recruiting for part-time jobs, you can earn <PHONE_NUMBER> Rs every day, Click here to get yours:",English,others,"need and greed,time/urgency",Amazon,wa.me,2551470c40ccf9fc,0.2971047606853051,0
"Tuesday, 26 July 09:19",Dear PleaseNotice Your Letter for joining is passed in our company . Can get <DATE_TIME>. <URL> PrincipalBPSNNL,English,others,"authority,need and greed,time/urgency",bpsnnl,wa.me,b7d51073eb99a7a3,0.29715576360204665,0
Saturday 10 June 16:22,Thanks for ordering from McDonald's <NAMED_ENTITY> details : <URL> Review us : <URL>,English,others,authority,mcdonalds,,af17556b46d8ae02,0.2971617952011418,0
"Tuesday, 9 August 10:10 am",L1KNT: A toll trip bill dated <DATE_TIME> was marked as unpaid. Please settle up payment to avoid late fees.,English,others,time/urgency,,,900dd5e053311e3d,0.29722377576069303,0
17:13,LIKNT: A toll trip bill dated <DATE_TIME> was marked as unpaid. Please settle up payment to avoid late fees.,English,others,"authority,distraction,time/urgency",liknt,,029bf97edac04cad,0.29722377576069303,0
7:21 pm,Your cyl is delivered with invoice <URL> elinvoice & give feedback <URL> /portal/LPG/pages_rf?cld=<PHONE_NUMBER>,English,delivery,"authority,distraction",indian oil,,ecf1c52e14980d65,0.2977766392404528,0
1/1/21 4:20 PM,Your request no <DATE_TIME> for deactivation of auto debit facility is received and will be completed within <DATE_TIME>.,English,others,,,,44c0529cad885176,0.29781641578462137,0
5:03 PM,"Vigilance Awareness Week 2019 - Join LIC's endeavor to ""Make Integrity A Way of Life"". Click link <URL>"" to take Integrity Pledge.",English,others,authority,lic,,ddeb1f8067ea7dc8,0.29790886323377,0
"14:07 Mon January 4, 2021",Phonepe Sent You ₹499 Ca... CREDIT IN YOUR BANK XXXXXXXX537,English,banking,"authority,need and greed",PhonePe,,5af2432a89f2e0c2,0.2979128229905882,0
"Today, 11:03 AM",I have AN IMPORTANT TRANSACTION for you MAIL me for full details via; <EMAIL_ADDRESS>,English,others,"authority,distraction",,,1abebe2882bcf4ee,0.29797761225930197,0
4:43 AM,I have AN IMPORTANT TRANSACTION for you MAIL me for full details via>,English,others,need and greed,,,8b33e6953ae78370,0.29797761225930197,0
18:12,"Dear User, please try again: <URL> Note, failure may lead to closure of <URL>I",English,banking,"authority,time/urgency",Bank of India,,1bcb0415d364528b,0.2981945207746715,0
"Friday, June 12, 2020 8:55 PM","Shipped: Your Amazon package with $102 loyalty reward will be delivered Sat, <DATE_TIME> <LOCATION>.",English,delivery,"authority,need and greed,time/urgency",Amazon,,dc0d5e6a72363358,0.29844290449679195,0
19:56,No support for non paying attention Purchase sms Or buy app again,English,others,distraction,,,f89c73740406dbbb,0.29852843123953865,0
17:41,"Did you request Google reset the password for <EMAIL_ADDRESS> ? If not, respond with STOP. Confirm the 6 digit numerical code to STOP the password reset.",English,others,"authority,distraction",google,,18f0e8e2b4edd964,0.2986153073846808,0
6 min ago,"O/G Validity: <DATE_TIME>, I/C Validity: 07 Mar <DATE_TIME>, <NAMED_ENTITY>:Rs 17.41. Select Option: 1.399=UL CL+1.5GB/D,56D <URL>re Offers",English,telecom,need and greed,,,323763d22bb8f477,0.2986508018493629,0
8:56 PM,"Hi Brijesh, thanks for your purchase of Rs. 248.00 from smart productshop! We'll notify you when it ships. (#1344): <URL>",English,others,"authority,need and greed",smart productshop,,79a7e5e4f747e3fc,0.2987717770222259,0
"Friday, April 28 5:01 PM","Hi, <NAMED_ENTITY>! I'm <NAMED_ENTITY>, a chatbot at RPI. I'm here to send you important info & answer questions 24/7. Nice to meet you! Msg + Data rates apply. You can text #pause (hashtag included) to unsubscribe at any time. I hope you save me in your contacts! Congratulations on making it through so far! I wish you good luck on your finals!",English,others,,rpi,,53bc8d55f34afba0,0.29878115787197984,0
10:14 AM,"ANDRAWUS got a loan on <NAMED_ENTITY> and its over due <DATE_TIME>, please help notify for repayment. Thank you.",English,banking,"authority,kindness",haloocredit,,7cc16d8c306bdb29,0.29888166065184346,0
"Tuesday, 17 May 4:50 pm","LK144650546AU The parcel is delivered abnormally, please reconfirm the address and contact information, otherwise we will return it:",English,delivery,"distraction,time/urgency",,,ea163f16f67b517e,0.2992121127879019,0
03 Sep 19 05:24 PM,"Hi, Your Car policy is generated on <DATE_TIME> Download Policy Receipt here",English,others,distraction,,,6b24fab384e39f5a,0.2994450065030495,0
Yesterday 10:50 AM,we found a package from <DATE_TIME> pending for you. Kindly assume ownership and confirm for delivery here: <URL> QTGGdgdoLks,English,delivery,"distraction,time/urgency",,,671203c4114c44ae,0.2996476088076062,0
13/04/2023@14:42,Std Payment Notification:) A S Ngcobo paid <US_DRIVER_LICENSE>.00 into Nedbank Acc...,English,banking,"authority,need and greed",nedbank,,12555590b0870c52,0.29969292888625015,0
29/11 at 15:39:02,HALIFAX: You set up a new recipient on 29/11 at 15:39:02. If this was not you please visit <URL>,English,banking,"authority,distraction,time/urgency",halifax,,7d101428aea92600,0.29988148227531036,0
Today 8:52 pm,Santander: A new logon attempt was made at 19:40. If this wasn't you Proceed here: <URL>,English,banking,"authority,time/urgency",Santander Bank,,802c162915fac1a1,0.2999959573515402,0
Today 15:54,Hi we have resolved the service request <US_DRIVER_LICENSE>. Rgds Team Croma. <NAMED_ENTITY> us at <DATE_TIME>. More Details: <URL>,English,others,authority,croma,,943203a95b9487d4,0.3003164346878639,0
4:16 AM,"Dear Nikesh-<NAMED_ENTITY>, Central Board of Direct Tax advise you...",English,government,"authority,time/urgency",central board of direct tax,,feb6e796c8242d31,0.3003227572141203,0
"Jun 16th, 2021","Hi, I would like to see this property, Is still available? http",English,wrong number,,,,a55b2e9f7022efbc,0.30034285268749783,0
1:24 pm,"Hi, I'm the general manager of the Amazon project and I'm currently hiring a part-time team. You can work part-time on your phone. A part-time job takes <DATE_TIME>! Newcomers get 101RS immediately. Daily salary: 3000RS-5000RS. This job requires you to be <DATE_TIME>. Click the button below to learn more",English,others,"authority,need and greed",Amazon,wa.me,048e1db9da7234f0,0.3004121413557538,0
Today 12:46 PM,You kept AUTO-SCAN turned off! 13 Apps jeopardise your phones security. Remove these apps immediately,English,others,"authority,time/urgency",,,2593e3a8534340ad,0.30102682912871587,0
"10:36 AM, Monday, May 8",Help me transfer 0.7btc to your brother login and password (Adam1986 1986Adam) assets≈41BTC Login <URL>h6688.c o m,English,others,"dishonesty,need and greed",,,77f8e36e17cade32,0.30150673966108,0
Today 1:45 AM,<NAMED_ENTITY>: Suspicious activity $31.14 At WALMART If this wasn't you visit <URL> to dispute this transaction.,English,banking,"authority,need and greed,time/urgency"," walmart,lmcu",,47ba9cf633d0cf61,0.3016451193478681,0
5:23 pm,Y o u've got a new voice message fr om y our doctor <URL> 5e,English,others,"authority,distraction",,,9cb7a84ad3a07729,0.3016819917106369,0
15:17,Oh this is from MIDF?,English,others,,midf,,b5e0597d8b8a523e,0.30178124838646914,0
"MONDAY, 15 JUN 2020  9:42 pm",Your cyl is delivered with invoice no. <URL> eInvoice & give feedback,English,delivery,"distraction,time/urgency",,,0956f1e9c9841634,0.3018548028585178,0
Today 15:35,Hello. You're a high target for SMS fraud. You're number has been leaked online and I'd just like to inform you. So sorry about this message. Be safe.,English,others,"distraction,kindness",,,05880392db3bebb4,0.3021941097597313,0
Today 8:52 am,we have your package in queue. Address:,English,delivery,"distraction,time/urgency",,,b1c372661c93a3d4,0.3022454756504194,0
"May 4, 2021; May 24, 2021",They are asking us to provide our documents like id etc.,English,others,distraction,,,e1afb5160af00517,0.302251503228521,0
2020-10-15 14:08,<DATE_TIME> for LPG Refill. You will get your LPG Refill shortly.,English,others,,,,e0465ed6c120cfeb,0.3022852408826713,0
9:14 AM,CASH INTRADAY/ Positioncall : BUY L&T FINANCE LTD (<DATE_TIME>) ABOVE 162.50 INTRADAY TGT: 167-169 BTST TGT: 173-175 SHORT TGT : 185+ BUY IN BULK DONT MISS IT,English,others,need and greed,,,1fa8db74a514086a,0.3023537551386079,0
"Friday, 0Today 13:26","Huawei ID will be transferred to Aspiegel Limited, a Huawei company in <LOCATION>. link to website <URL>",English,telecom,"authority,time/urgency",huawei,,8f4199cf2c9a8f97,0.3024785254518182,0
Yesterday,Dear Your Letter for joining is passed in our company . Can get <DATE_TIME>. <NAMED_ENTITY>...,English,others,"authority,need and greed",,,9594eee5666643d0,0.30251962596373594,0
12:33 PM,"GOOD MORNING!!! This is ASAPKASH LOAN COMPANY and we are contacting you on behalf of ... (07...)he gave us your number as your emergency contact when he partnered with us on borrowing ASAPKASH Loan. He was to pay <DATE_TIME> but he hasn't done so We have tried to reach HIM by all means but he is unresponsive so kindly help us pass this message to HIM Tell hlMto clear THE loan before 12NOON ** NOTE. THIS MONEY MIGHT BE DEDUCTED FROM YOUR <NAMED_ENTITY> Thank you. <NAMED_ENTITY> . 3,240",English,banking,"authority,distraction,time/urgency",asapkash loan company,,6b343becf40b39ce,0.30306296193956533,0
"Sun, Mar 26 at 11:49 AM",Y U O 7 R B O V 1 5 1 4 2 4 6 1 58964 AMZN: Fraud Alert - [ID: BAZEET] Support Request -J1IU7V- <URL>,English,banking,"authority,time/urgency",Amazon,bit.ly,1fc84ed0bfa35971,0.30311927310014425,0
Today [timestamp not fully visible],"ERP road toll fee of 12 SGD, the payment is failed and it will expire before <DATE_TIME>, <DATE_TIME>, download the LTA App to pay to avoid a fine of 50 SGD",English,government,"authority,time/urgency",lta,,9712e6ec941afd27,0.3031369813349755,0
Today [exact time not visible],"ERP road toll fee of 12 SGD, the payment is failed and it will expire before <DATE_TIME>, <DATE_TIME>, download the LTA App to pay to avoid a fine of 50 SGD.",English,government,"authority,time/urgency",lta,,b57e7805a414c2d7,0.3031369813349755,0
6:03 pm,"Your bill Power will be (disconnected.) <DATE_TIME> at 9,30pm more information (electricity) Officer <PHONE_NUMBER> Thanks you <NAMED_ENTITY>",English,others,time/urgency,,,3ff74727e56f82b7,0.3033253829543037,0
5/22 11:10 Evening,11 voted via the official App!,English,others,,,,8f34778de8868f82,0.30336500552826107,0
19:26,Best Offer for you! Recharge with Rs 399 and get Unlimited Local and STD calls + 84 <LOCATION> data(1 <LOCATION>/day) for <DATE_TIME>. Dial *121*1# for best offers.,English,telecom,need and greed,,,6aa16c91f05e3949,0.30341529654679866,0
6-7 12:09,Try <LOCATION>'s best 4G network with a Free 10<LOCATION> pack! Press 1 to know more,English,telecom,need and greed,unknown,,7397ea8f63441c0e,0.3034500275726271,0
Today 2:35 PM,"Hi! I'm <NAMED_ENTITY> from <LOCATION>, I am seeking a reliable & trustworthy partner for a business deal contact me for more details at: <EMAIL_ADDRESS> Thanks <NAMED_ENTITY>",English,others,"authority,kindness",,,e3d518513fd4489c,0.3035476099382097,0
,Inland Revenue Authority of Singapore important information enclosed NR <US_DRIVER_LICENSE> failed try again https://,English,government,"authority,time/urgency",inland revenue authority of singapore,,a6842d1b2b5b9e6d,0.3037530780506573,0
,Total cost of <DATE_TIME> sent was 35.00 and new account balance is 630.87.,English,others,,,,dba3415380675677,0.30379330073360394,0
12:58,"Our courier was unable to deliver your order, what are you going @ to do now?",English,delivery,time/urgency,,,6090b7a02837b608,0.30385484762798687,0
Today 09:51,"DPD: We attempted to deliver your package but failed, you can book redelivery via our website below.",English,delivery,"authority,time/urgency",dpd,,17366f0ccca7cb70,0.30387331597334216,0
Today 07:25,"RM0 Your <NAMED_ENTITY> is <PHONE_NUMBER>. DON'T SHARE IT WITH ANYONE, even to BigPay TYEKMIECX73",English,banking,authority,bigpay,,7eb5ef1a96342afa,0.30389431927998845,0
"Wed, May 3 at 9:45 AM",The sender is not in your contact list.,English,others,,,tinyurl.com,1dc3118ea4942715,0.30398602563918353,0
"Today 15:44, Today 15:47, Today 15:59",Received payments ₹20000 using this link - <URL>,English,others,"distraction,need and greed,time/urgency",,,722a4918502d55a5,0.3040446427436592,0
Yesterday 4:02 PM,DebitAlert! Acct#:007*****29 Amt: NGN1040 Date: JUN 11 2018 at 15:59 Desc: SMS Alert Charges <DATE_TIME> Balance: 5134.26,English,others,distraction,,,d21a6f0dce103adc,0.3046373912227287,0
"Apr 9, 12:43 PM","Confirmed: Thank you for shopping on <NAMED_ENTITY>. We're prepping your order with 1 Roadster Tshirts and 1 more item. In these tough times, our team is working hard while ensuring highest safety standards, deliveries may take longer than usual. We'd love to hear about your experience: <URL> Stay Home, Stay Safe. - Team Myntra.",English,delivery,"authority,time/urgency",myntra,,7855d85179a959bf,0.3046693570823643,0
1:25 PM,Dear sir Send your all documents at this what's app number <PHONE_NUMBER> <URL>har card <URL>N card <URL>ssport size 1 cope photo <URL> document RELIANCE JIO TOWER Dpt Ltd Thank you.,English,telecom,"authority,distraction",Jio,,506d302a66783fc7,0.30503517672146474,0
"Thursday, October 27, 2022 20:03",This is Second and final advise: We W! ll Block YOur gadget promptly. Please Eliminate unwanted me$age's. Scan <DATE_TIME>: <URL>,English,others,"authority,time/urgency",,,bf3be3adb55a5223,0.30518559354079156,0
,Depositing new message needs(?) and money laundering fraud done by you. The investigation team of our Department and the FBI are investigating more about this case file. We are trying to reach you for the last time to verify about such activities. Just in case we,English,government,"authority,distraction,time/urgency",fbi,,7090ef4189047cd5,0.3051903853795683,0
13:20,Dear <NAMED_ENTITY>...with our electricity officer no <UK_NHS> Thank you,English,others,,,,3fbee7a42b628394,0.30519499950417917,0
"Saturday, 4 November 2017 18:43",Watch 230+ LIVE TV channels on IdeaMovies&TV & GET 512 MB FREE *T&C,English,telecom,"authority,distraction",ideamovies&tv,bit.ly,fcef1e279f7ab9e7,0.30540615403446514,0
"Saturday, 28 January 2023",Auspost: Your package was not delivered successfully. Please visit: <URL>,English,delivery,"authority,time/urgency",auspost,,e51db24a591ef71c,0.3056308047150167,0
29 March 16:12,Santander - An attempt to add <NAMED_ENTITY> as a trusted payee was successful on 29/03. If this was NOT you visit:,English,banking,"authority,time/urgency",Santander Bank,,8b6b380f554f32a4,0.30571884109834474,0
"Wed, Feb 8 at 10:16 AM",<US_DRIVER_LICENSE> is your Amazon OTP. Do not share it with anyone If you didnt make this request login to verif below <URL> Otherwise ignore this message. Amazon Team,English,others,"authority,time/urgency",Amazon,,ec1707871ec0c24f,0.30576308318393375,0
"lunes, 17 de agosto de 2018 1:59",Amazon security alert: <URL>,English,delivery,"authority,time/urgency",Amazon,,a18ae366d6227877,0.3058478546184814,0
,Dear Consumer Your Electricity Power Will Be Disconnected. at <DATE_TIME> at 09:00Pm Form Electricity Mobile Number Was Not Updated. and <NAMED_ENTITY> Officer Thank You...,English,others,"authority,time/urgency",,,b9e3e6040e416ac4,0.3059859684802087,0
"Friday, September 15 10:05 AM","The USPS package has arrived at the warehouse because your address cannot be found or the shipping address is incorrect. Please click the link below to modify it in time, otherwise the package will be returned. <URL> The USPS team wishes you a great day!",English,delivery,"authority,time/urgency",USPS,,97ffa281bbd058da,0.30622610309298354,0
23:08,We have prevented a unauthorized login attempt. If this was not you please visit.,English,others,"distraction,time/urgency",,,64ac2f49242cacfa,0.30628320594750313,0
Yesterday 18:02,Your <NAMED_ENTITY> is 8453. It will valid for <DATE_TIME>. Will expire at <DATE_TIME>,English,others,time/urgency,,,9a5b7c7fa8726d32,0.3064853921884086,0
"['Fri, May 12, 4:05 PM', 'Tue, May 23, 3:06 PM']","['you can be the next winner of:\n- 750 OMR Weekly\n- 5000 OMR by <DATE_TIME> in Hi FM’s Payday Extra, reply YES to 91991\n500bz/day auto renewal', 'you can be the next winner of:\n- 5000 OMR by <DATE_TIME> in Hi FM’s Payday Extra, reply YES to 91991\n500bz/day auto renewal']",English,others,"authority,need and greed,time/urgency",hi fm,,98542aaac5864abb,0.3065746570831899,0
Today 7:15 PM,"AT&T Free Msg, bill is paid. Thanks, <NAMED_ENTITY>! Here's a little freebie for you: <URL>",English,telecom,"authority,kindness",at&t,,29c73652d11e7315,0.30704400896274725,0
"Saturday, September 4, 2021, 9:37 AM",Tmobile 86666 / Heads up: T-mobile one time pass. Get a reward from <URL>,English,telecom,"authority,need and greed",T-Mobile,,6cb6189d44047ae7,0.30712711329275166,0
18:15,Dear SBI User YON0 A/C temporary Block <DATE_TIME> updat...,English,banking,"authority,time/urgency",State Bank of India,,f3efd1b1cceaa292,0.307186049582194,0
01/25/2023 4:12:23 AM,(KYC) regulations,English,others,,,,0ed4be1a03d38a13,0.3073663363571224,0
"Tue, Aug 8 at 7:41 PM",Here is your receipt from Lakeside Park Assn <URL> Join loyalty program on Lakeside Park Assn: <URL>,English,others,,lakeside park assn,,80e0c405c135270d,0.30743603187867263,0
Today 1:10 PM,HM Revenue & Customs <URL> Income Tax Important Notice! Please take action here: <URL>,English,government,"authority,time/urgency",hm revenue & customs,u.to,7e5283107f1394ed,0.307559727048979,0
,I think you may have appliances that are interfering with your modem connection. For more information go to <URL>,English,telecom,"authority,distraction",telstra,,0677a06b9f4d12f9,0.30784899185763637,0
3:16 PM,LTA: You have an <DATE_TIME> bill that will be late with a fine. Please check and complete payment: <URL>,English,government,"authority,time/urgency",lta,t.ly,53156a452006fecd,0.30811165053030537,0
01/04/2023 12:30:14,Article No:<MEDICAL_LICENSE>23IN despatched to Nuaon BO on <DATE_TIME> 12:30:14. Track @ <URL>,English,delivery,,india post,,d6d6f49f1bed0ef7,0.3081379499587523,0
Today 2:44 PM,ONE MOTORING - There are unpaid tolls on the <DATE_TIME> bill please deal with <URL> immediately to avoid being blacklisted and affecting travel,English,others,"authority,time/urgency",one motoring,t.ly,32e8d2686ca31dff,0.3082012729638494,0
7:42,WE TRIED TO DELIVER YOUR PARCEL <DATE_TIME>. YOU WEREN'T HOME OR THERE WAS NO SAFE PLACE TO LEAVE THE PARCEL.,English,delivery,"need and greed,time/urgency",,,1d225601c4b578df,0.3082856443827529,0
Today 14:12,"We are in the process of increasing your limit by £400.00, but would like you to confirm you agree with this decision.",English,banking,"authority,need and greed",,,6368939d726cd55e,0.308530495732175,0
"Mon, Dec 12, 12:34 PM","Your shipment <DATE_TIME> could not be delivered. To reschedule, continue below:",English,delivery,"authority,time/urgency",,,69373adbddf3cfeb,0.3085472875528898,0
Today 22:54,"Hey, managed to find your number online. I was hoping we'd match but we didn't or maybe you haven't used Tinder for a while? Check out my updated profile. Look forward to hearing from you hopefulls",English,others,"distraction,need and greed",,,9388fc1407cec53d,0.3088438450103845,0
Today 1:16 PM,"TikTok, Congratulations for being invited Online Part Timer ,can work from home, <DATE_TIME> earn SGD50-SGD300 pls contact Whatsapp: <URL>",English,others,"authority,distraction,need and greed",tiktok,wa.me,2d5dab1cc3c38db4,0.3088854749424186,0
Today 3:37 PM,"CashApp: Jessica, you received a direct deposit of $750 <URL> now",English,banking,"need and greed,time/urgency",cashapp,,aeaf5dd41a2b5b57,0.3089635610653703,0
Yesterday 19:04,Connect your <NAMED_ENTITY> to Google Wallet and Get Better Analytics and APY Deals Visit <URL> to Migrate to Google Wallet,English,others,"authority,need and greed",google wallet,,6b9baae29d32e1c0,0.30903920169950266,0
woensdag Vandaag,Delivery Date is <DATE_TIME>. Follow the journey at,English,delivery,"distraction,time/urgency",,,a9325a7b14e8e2fd,0.3091145688361576,0
"Today, 12:27",For IPO application via UPI use Google Pay ID(@okhdfcbank)! UPI Id (@hdfcbank) of MobileBanking App & Payzapp is presently not supported. Click: <URL>,English,banking,"authority,need and greed",HDFC Bank,,3429711d25e84d0c,0.3092306190854047,0
9:48,"Thank you for your application, your reference no. is <DATE_TIME>. Your account is being opened & we'll be back in touch in <DATE_TIME>.",English,banking,"authority,distraction",,,504fbd2c79afa6c9,0.30932055731490343,0
Monday 11:25 AM,BUY 'FUNNY SOFTWARE LTD' IN BSE (<US_DRIVER_LICENSE>) CMP Rs 8.85 TGT Rs 12 SL Rs 8 . HOLD <DATE_TIME> . BUY IN BULK,English,others,need and greed,funny software ltd,,53d9b59549c9489c,0.3093483279254101,0
"Sat, Feb 25, 9:41 PM",(Amazon : Account <URL>re info <URL> ~) ol6f0,English,others,"authority,time/urgency",Amazon,,e1ff0ec8aa4a60cd,0.30947927731920066,0
"12:43 PM, Saturday, September 2",A Debit Card payment of $570 was approved at WALGREENS. NOT YOU? Tap <URL>:/ to cancel.,English,banking,"distraction,need and greed,time/urgency",walgreens,,96155d1c35144611,0.3096318442519391,0
"Jan 8, 1:35 PM","Due to representations by candidates, the RPF Exam scheduled on <DATE_TIME> is postponed. The revised schedule will be intimated soon in official website and SMS.",English,government,authority,rpf exam,,5bafe5ecfde4ba54,0.30967068815929466,0
03 Jun 2023 13:16:48,Money Paid Successfully ₹ 361.00 To <LOCATION> SINGH,English,others,,,,20483356a9d77777,0.30974178956154524,0
2:07 PM,Congratulations!!! Get ICICI DIRECT Trading A/c With 'O' A/c opening charges in 10 Minutes & Get benefits worth Rs.8846/- Get Now: <URL>,English,banking,"authority,need and greed,time/urgency",ICICI Bank,,8a9ae64cdaec3b7c,0.30982222404122106,0
23:42,I just received a free £120 gift card from Sainsbury's. Get yours before the offer ends. Thank me later 😊👏,English,others,"need and greed,time/urgency",sainsburys,,0aab9467851071e3,0.30985442330577423,0
23:42,I just received a free £120 gift card from Sainsbury's. Get yours before the offer ends. Thank me later 🙂👋,English,others,"herd,need and greed,time/urgency",sainsburys,,d01c2d4ad8c77774,0.30985442330577423,0
23:42,I just received a free £120 gift card from Sainsbury's. Get yours before the offer ends. Thank me later 😉👋,English,others,"need and greed,time/urgency",sainsburys,,8e85de1dc19260cb,0.30985442330577423,0
"Jun 22nd, 2021","Hello, this is <NAMED_ENTITY> I saw this property on your fb page, still available??? https",English,wrong number,,,,fc20198cf70893e9,0.3098910188423924,0
Today 11:22 AM,"AT&T Free Msg: Apologies for the signal down time on <DATE_TIME>, <NAMED_ENTITY>! Here's a little reimbursement: <NAMED_ENTITY>",English,telecom,"authority,need and greed,time/urgency",at&t,,78d350b9d902b0d9,0.3099215786398257,0
29-9 9:29,OUR CLIENT MADE <US_DRIVER_LICENSE> <URL> <DATE_TIME> <US_DRIVER_LICENSE> QTY <DATE_TIME> @ 8.45 TODAY HIGH 9.51 DON'T MISS CHANCE BUY 25000 SHARES OF ALORA (<US_DRIVER_LICENSE>) @ 9.51 TGT 14,English,others,"need and greed,time/urgency",,,840896c298ce2cf0,0.3100367220579601,0
16 April 2023 13:57,Standard Bank: <US_DRIVER_LICENSE>.93 paid from Acc. 2792 to OK FOODS P SCOTTBURGH ZA ZAF <DATE_TIME>. Acl bal <DATE_TIME> Query? <US_BANK_NUMBER>.,English,banking,authority,standard bank,,33cd1be826b925be,0.31007153477330973,0
11:32 am,"Dear Sir Today I faced a Fraud from my bank account.I have an account in of <NAMED_ENTITY> Punjab national bank with account No. <US_BANK_NUMBER> at Suhuklajanj Branch. regarding this fraud I am submitting my complaint,request you to register my FIR and do needful for convenient. thanks. Regards- <NAMED_ENTITY> D/O <NAMED_ENTITY> 13/142 <LOCATION> colony <LOCATION> ghat unnao. mob- <DATE_TIME>",English,banking,"authority,distraction",punjab national bank,,4a9b36f55e58e363,0.31027107386487857,0
11:40 AM,This is our company's official website: <URL>,English,others,authority,energy,,ca5c3bcf9fba01f7,0.31029645532767175,0
12:57,"SANTANDER: ""£249.32"" to MR <NAMED_ENTITY>. To cancel: <URL>",English,banking,"authority,time/urgency",Santander Bank,,5418f990a30d4934,0.3103322943724552,0
2:50pm,"<NAMED_ENTITY>, Thank you for subscribing, bank direct debit of SGD 188.00 is expected in <DATE_TIME>. Invoice:",English,banking,"authority,time/urgency",,,d0d5593c8735400a,0.3104390988141837,0
1/11/22 11:32 AM,"ATT Free Msg: <DATE_TIME> bill is paid. Thanks, Here's a little gift for you: Happy New Year",English,telecom,authority,att,,c6c7761fc301866c,0.31074823613514896,0
7 April 2020 9:56 am,"NCDC CORONAVIRUS ALERT New restrictions in force now in <LOCATION>, <LOCATION> and <LOCATION>. You must stay at home. For more info & exemptions visit <URL> #TakeResponsibility",English,government,"authority,time/urgency",ncdc,,852945011f75eb34,0.3107567134748161,0
9:07 am,"Dear SBI Cardholder, Regret to inform that request for voucher can't be processed as you have already availed the offer.",English,banking,authority,State Bank of India,,8953258fc6d6c337,0.3108002609107519,0
"['Dec 5, 2018 16:13', 'Dec 19, 2018 18:05', 'Jan 4']","['You deserve More! Get Extra 5<LOCATION> data bonus when you buy the 5<LOCATION> data plan for <US_DRIVER_LICENSE>. Dial *131*<DATE_TIME>. Data is valid for <DATE_TIME>', 'Get DOUBLE DATA when you buy 5<LOCATION> data at <US_DRIVER_LICENSE>. Dial *131*<DATE_TIME> to get 5GB plus EXTRA 5<LOCATION> data bonus. Data is valid for <DATE_TIME>', 'Make cheap calls to all networks in <LOCATION> for as low as 25k/s on your Beta talk plan. Start Calling Now!']",English,telecom,"distraction,need and greed",,,bb280f6625a07a56,0.3109228653358835,0
Jun 12 6:03 PM,Shipped: Your Amazon package with $103 loyalty reward will be delivered Sat <DATE_TIME> <NAMED_ENTITY>. <URL>,English,delivery,"authority,need and greed,time/urgency",Amazon,,3d01662821981953,0.310957527235093,0
Jun 12 6:03 pm,Shipped: Your Amazon package with $103 loyalty reward will be delivered Sat <DATE_TIME> <NAMED_ENTITY> hxxp://<URL>,English,delivery,"need and greed,time/urgency",Amazon,,c145d0be0483e7b5,0.310957527235093,0
"Jun 12, 6:03 PM","Shipped: Your Amazon package with $103 loyalty reward will be delivered Sat, <DATE_TIME> <NAMED_ENTITY>. <URL>",English,delivery,"authority,need and greed,time/urgency",Amazon,,280df36a2c91eee9,0.310957527235093,0
47 sec,Reminder: You didn't read the important message 'L I D L Invitation' yet. Click here to read:,English,others,"authority,distraction",lidl,,08ce2611a7cb20ef,0.31101096263289285,0
Sunday 22:19,<LOCATION> Confirmation: You set up a new recipient on 27/9 at 22:13:48. If this was not you please visit https://,English,banking,"authority,time/urgency",halifax,,6d818e974117b539,0.31101572736908356,0
Monday 6:16 PM,"Hi <NAMED_ENTITY>, it's <NAMED_ENTITY> from Macy's Escondido Cosmetics Department. It's almost our favorite time of the year-Clinique Gift with Purchase! Starting now and continuing through <DATE_TIME>, you can stock up on all your favorite products at 15% off and reserve your Clinique gift. Visit our interactive Shopping Guide to see some of our newest products. Text me back if you would like to receive a link to the guide and then we can set-up your own Clinique Personal Shopping Experience. Join as also at Men's and Women's fragrances and Cosmetics take advantage of 15%off. See you soon <NAMED_ENTITY>",English,others,need and greed,macys,,a84c287d2cf2b709,0.31106329354387074,0
03:45 AM,Confirm payment collection → <URL>,English,banking,"authority,time/urgency",,,302e4d6f4a1604d8,0.31112870287056166,0
"Today, 2:48 PM",Confirm payment collection →<URL>,English,banking,"authority,time/urgency",,,d15ecab9413956b8,0.31112870287056166,0
02/05/2021 @21:32:03,"Debit Amt:NGN220.50 <NAMED_ENTITY>POS/WEB PMT <URL> 00US Time:<DATE_TIME> @21:32:03 Avail Bal:NGN114,005.34 Total Bal:NGN114,005 Credit Amt:NGN220.50 <NAMED_ENTITY>POS/WEB PURCHASE ROU Time:<DATE_TIME> @21:32:07 Avail Bal:NGN114,225.84 Total Bal:NGN114,225.84 Debit Amt:NGN20,295.00 Dr Acc:002*******035 Desc:POS/WEB PMT <URL> 00US Time:<DATE_TIME> @23:00:34 Avail Bal:NGN93,930.84 Total Bal:NGN93,93",English,banking,"authority,distraction",,,1fb1487c2398d138,0.31112971111789645,0
Monday,"Latest bill is paid. Thanks, <NAMED_ENTITY>! Here's a little freebie for you: <URL> AT&T values your lo...",English,telecom,"authority,need and greed",at&t,,3ce4a324bc659664,0.3111882066422412,0
Today 05:48,Hi <URL>'s <NAMED_ENTITY>. I'm in <LOCATION> and I was talking to our security officer <DATE_TIME>. He had not contact from your organization. He had reached out thru the website once before you contacted him and heard nothing. He sent an email with the details you sent and received no reply. Is there another contact or phone number he should use? Wasn't sure which number to text as somehow I have two for you so I sent to both 😊,English,wrong number,,,,46b1413146c3153a,0.3112783112020239,0
4-4 9:15,we are looking for fresher & experience candidates for Larsen&Toubro Ltd and Kindly more detail open the link:-,English,others,"authority,need and greed",larsen&toubro ltd,,33bfef6fe2175a80,0.3116393937679895,0
"Nov 18th, 2021",<NRP>-Account(s)<PHONE_NUMBER>]Attention(2097)Required,English,banking,"authority,time/urgency",Coinbase,,181499af976c9c05,0.3116447019454642,0
"Oct 26th, 2021",Wells-Account(s)<PHONE_NUMBER>]Attention(203)Required,English,banking,"authority,time/urgency",wells,,1324213ae3ebc119,0.3116447019454642,0
Friday • 2:32 PM,MAXIS ID: <US_DRIVER_LICENSE> is your TAC code to sign in. It will expire in <DATE_TIME>. Thank you.,English,telecom,"authority,time/urgency",maxis,,7e1b1a4c0f36f28c,0.31166170422575534,0
Today 09:20,We've noticed you've not used the replacement debit card we sent you recently. If you've not received it please call us on <DATE_TIME> so we can help,English,banking,"distraction,time/urgency",,,cb14db495212a260,0.3117153845957341,0
"Thursday, today 5:37 PM",HELLO AMAZON BUYER GET CASHBACK OF RS.149 FOR GIVING 5 STAR SELLER RATING TO ALL YOUR <URL> ORDERS FROM BELOW LINK <URL> CASHBACK WILL GET CREDITED IN <DATE_TIME> AFTER FEEDBACK DONE AND ITS NOT BRIBE ONLY PROMOTIONAL OFFER. ONLY 5 STAR RATERS WILL GET CASHBACK. REGARDS.,English,others,"authority,distraction,need and greed",Amazon,tinyurl.com,907d5855e68bde90,0.3120284831304628,0
13:28,"AIRTEL VIP NUMBER OFFER <PHONE_NUMBER> <PHONE_NUMBER> <PHONE_NUMBER> <PHONE_NUMBER> <NAMED_ENTITY>: <PHONE_NUMBER> Email: <EMAIL_ADDRESS> Price: 55,555/- 18% Gst Regards : <NAMED_ENTITY>",English,telecom,"authority,need and greed",Airtel,,aa1b06acf166c700,0.3120310414176482,0
Today 10:01,Your A/C XXXXXXXX6596 can Be credited with <NAMED_ENTITY>. Check Now! <URL>,English,banking,"need and greed,time/urgency",,,10842b304f73af5a,0.31204871276426543,0
3:16 PM,LTA: You have an <DATE_TIME> bill that will be late with a fine. Please check and complete payment:,English,government,"authority,time/urgency",lta,t.ly,48707e40ce9b7fe6,0.3120615541431278,0
,"I will send you an invitation link to register for ID work. After the registration is successful, ID will submit an application for 200rs newcomer award to me. Registration link: <URL>",English,others,"distraction,need and greed,time/urgency",Amazon,,9b0de3a520492f7d,0.3122628445342033,0
Yesterday 23:24,"A device from the area of: <LOCATION>, <LOCATION> at <DATE_TIME>. Registered for online banking. Not you? Please head to:",English,banking,"distraction,time/urgency",,,47af5c6a57a90967,0.3122973865786828,0
"Sun, Jul 16 at 8:57 PM",Track your order in real time with AfterShip app: <URL>,English,delivery,authority,aftership,,4ae490ad754a6213,0.3123898854325295,0
Today 3:36 PM,we came across a parcel from <DATE_TIME> pending for you. Kindly assume ownership and confirm for delivery here:,English,delivery,"distraction,time/urgency",,,33465f535031bb07,0.3125766064907911,0
12:12 PM,Amazon's Black Friday Winner is <NAMED_ENTITY>. Fill in the survey and you will receive this $500 Amazon giftcard instantly: <URL>,English,others,"authority,need and greed,time/urgency",Amazon,,f15d63641b4bea6f,0.31258317816007525,0
22:10,HSBC: Payment confirmed to <NAMED_ENTITY>. If you did not make this payment please cancel the instruction here: <URL>,English,banking,"authority,distraction,time/urgency",HSBC UK,,40b13e4952958a18,0.3126396755027975,0
2:07 PM,(4536****2005****)Sent you money You may collect your funds,English,others,need and greed,,,3f00236ce4dbfcaa,0.3127222219452414,0
Today 14:15,"HSBC: Your request to pay, MR A <NAMED_ENTITY>, on <DATE_TIME> was successful. Was this you? review this securely: <URL>",English,banking,"authority,time/urgency",HSBC UK,,d2c19c51a80ba414,0.3129110029215652,0
Today 12:29 pm,COULD YOU PARTNER WITH ME IN AN URGENT TRANSACTION?.. CONTACT ME RIGHT NOW FOR DETAILS: <EMAIL_ADDRESS>,English,others,"distraction,need and greed,time/urgency",,,7a8fb568f14edd01,0.3130368620940375,0
"Thursday, 2 February 2023",Reminder: You have unpaid toll invoices which are overdue please visit: <URL> to deal with them in time. Thank you,English,others,time/urgency,,tinyurl.com,933db590709b5409,0.3131140703104913,0
21:01,CommBank locked your account because someone enter it. Look and take back <URL>,English,banking,"authority,dishonesty,time/urgency",commbank,bit.ly,792ee74b62bb8ef9,0.31351771279324453,0
04-06 15:24,Time’s running out. Don’t miss out on € 250 - send documents. <URL> You can find detailed information in your mailbox. Case no. <US_BANK_NUMBER>,English,others,"need and greed,time/urgency",,,6f7b928f09580c5b,0.31353537621249084,0
11:11 a.m.,Owners of PTSB VISA CARD starting with <US_DRIVER_LICENSE> will be asked to validate the card in <DATE_TIME>. Please go to <URL> and validate until <DATE_TIME>.,English,banking,"authority,time/urgency",ptsb visa card,bit.ly,99b5e8c592faec09,0.31384945085390387,0
Today 5:59 PM,ALERT Visit <URL>,English,banking,"authority,time/urgency",pnc bank,,52503b5aab4d0399,0.3141055413206026,0
Today 3:31 PM,ALERT Visit <URL> WBB57BY,English,banking,"authority,time/urgency",pnc,,f2ad681c95cd598a,0.3141055413206026,0
Today 5:52 PM,ALERT Visit <URL> WWEXXA,English,banking,"authority,time/urgency",pnc bank,,eb25fd6160e5dee7,0.3141055413206026,0
Today 7:28 PM,New Login from unknown device. Not you? follow the steps at coinbâ<URL>,English,banking,"distraction,need and greed,time/urgency",Coinbase,,9acd650d5860104a,0.31417661300351296,0
Today 1:03 PM,<NAMED_ENTITY> : TQ for using card ending <DATE_TIME> for <US_DRIVER_LICENSE> AT shopee. Pls contact CS <PHONE_NUMBER> if you didn't use it,English,banking,"authority,distraction,time/urgency",shopee,,922735edee933be6,0.31433382415024413,0
1:06 PM,Order no: 342 View bill: <URL> ece3gbjI9nw999y Review on: <URL> CODE=<US_BANK_NUMBER> - McDonald's,English,delivery,"authority,distraction",mcdonalds,,8a3a3db54c94c6d2,0.31434741747574285,0
12:50,I'm busy right now. Please call me later.,English,others,,,,f05422ae0e2bf8bc,0.31436943254319905,0
22:53,The account may be suspended. Click for details.,English,others,time/urgency,,,8dbe057e4c6f8222,0.31443658131956775,0
11:53 am,"Form this no now u cant work Give back my money Other wise Heal this torture Share your this no Everywhere All the tym u received the call Video call Believe it or not, I can’t work, so after you complete the order, your work account balance is 164k and you won’t be able to get a penny. Do you know who our boss is No I dont want to know about that mother fucker Who r stealing our hard earnd money",English,others,"authority,distraction",,,29772e31d7aa1cc7,0.31455739139423566,0
Friday 2 June 7:48 am,Abnormal delivery: (<URL>) Since the street community is unclear please update in time,English,delivery,"authority,time/urgency",,gg.gg,0f9309785e37b536,0.31477755767476057,0
"Sun, 6:11 pm",Thank you for placing FirstCry order number 20352690XVG148CDB8 please check mail,English,delivery,distraction,firstcry,,959405451910ccd4,0.31480268046379223,0
"Saturday, September 21, 2019","More Data! Get 7<LOCATION> data for just <US_DRIVER_LICENSE> TODAY. To enjoy, dial *131*<DATE_TIME>. Data is valid for <DATE_TIME>",English,telecom,need and greed,,,2cac90fabb03c20c,0.3150608815109053,0
Today 9:59 AM,My name is theresa & I have $7.3 million Dollars to transfer to you for charity work to help the poor ones in <URL> me now: <EMAIL_ADDRESS>,English,others,"kindness,need and greed",,,f27e316a91dda483,0.3150669537054007,0
"Yesterday, 19:31","Hello, kindly be inform that SMS alert are charged by your network provide not the bank. Sincere apologies for the inconvenience. Thank you.",English,telecom,authority,,,01a7f2cb3e1be264,0.31540045069249123,0
Today 9:15 PM,[<URL>] Please be aware that your invoice for <DATE_TIME> was paid twice. You can request a refund from here: <URL>,English,banking,"authority,distraction,time/urgency",spgroup,,af5aa7eb328142e8,0.31558888917712064,0
Today 3:41 PM,"HSBC: A new payee addition was attempted from a new device. If this was not you, please visit: <URL>",English,banking,"authority,distraction,time/urgency",HSBC UK,,da08d8526d2d09de,0.31569657039946003,0
Today 12:27,Thank you for contacting Axis Bank. Your SR no. is <US_BANK_NUMBER>. We will get back to you.,English,banking,authority,Axis Bank,,d0a107b55493fac2,0.31590551377238807,0
Today 9:23 AM,Dear SBI USER A/C will be blocked Updated PANCARD Verify login <NAMED_ENTITY> with <NAMED_ENTITY> hare,English,banking,"authority,time/urgency",State Bank of India,,abba8284bf238c02,0.3159305966472999,0
"Wednesday, 13 October 2021 13:49","Contact Eskom to upgrade your residential electricity supply, failure to upgrade supply will result in trips and outages in the area, affecting you and other customers.",English,others,"authority,distraction,time/urgency",eskom,,fcb787922eae7a95,0.31610671425192133,0
"Today, 3:09 PM","Don't wait for time to run out, protect your family. Life insurance of Rs. 1 cr starting at Rs. 680/month <URL>",English,others,"distraction,need and greed,time/urgency",,,7c3d1c61660602bc,0.3162308119537018,0
"Monday, May 23, 2022 18:17","This is a reminder that your package will be delivered only when we receive the 2,57 custom service fees. You can pay here now :",English,delivery,"need and greed,time/urgency",,,47ebcb2c82b78ef6,0.31633215994849967,0
2:58 PM,Pickup Completed: MamyPoko XXL44X2 - XXL with tracking ID FMPR0270113469 from <URL> was picked up by an EKART wishmaster named <NAMED_ENTITY> <DATE_TIME>. Click to give feedback: <URL>,English,delivery,"authority,distraction"," ekart,flipkart",,42408ed7124f9234,0.3165888918760581,0
Today 10:41,Santander: An attempt to add a MRS F LENY as a new trusted payee was successful. If you did NOT Authorize this visit:,English,banking,"authority,time/urgency",Santander Bank,,6be2979cd467a325,0.31664799620485445,0
"Sun, 24 July, 1:55 am",The Train is running late by <DATE_TIME> from the last destination <URL> is likely to make <URL>ease check exact status from NTES or <LOCATION>,English,government,"authority,distraction",indian railway,,eaffac0a7b2c072f,0.31686256193134016,0
"Tuesday, 12 November 2019 11:02 am","CONGRATULATIONS You are lucky winner in my Online Snapdeal <URL>r prize.tata safari <URL>ur wheeler luxury car.& 12,<URL> office <URL>17Plot. <URL>upon no.<US_DRIVER_LICENSE> My Custumber NO. <DATE_TIME> <URL>. <PHONE_NUMBER>. my <URL>:- <PHONE_NUMBER>",English,others,need and greed," tata safari storm,snapdeal",,96756f832449b9be,0.31688207368248256,0
今天 下午8:06,"<URL> your name, IC, address, gender, race, birth date & outpatient dispensed medicines in <DATE_TIME> were accessed but not altered. Mobile no. medical & financial info unaffected. No action needed. We apologise for anxiety caused. For queries <DATE_TIME> (9am-9pm).",English,others,"authority,distraction,time/urgency",,bit.ly,93010e17060aff21,0.31726859103770405,0
Today 9:56 AM,"Dear S****859H, your ART result is NEGATIVE for the test performed on <DATE_TIME> (Sat) <DATE_TIME>. Result Link: (<URL>)",English,government,authority,covid-opsgovsg,,4c971d3be13ebfec,0.3173475734902499,0
Thursday 6 Apr  12:48,Taking a step towards a healthy credit score is easier than ever! Pay Rs. 39686.7 against your HDFC BANK Credit Card <US_DRIVER_LICENSE> by clicking: <URL>,English,banking,"authority,time/urgency",HDFC Bank,,2f66168eac67634a,0.3174100706547337,0
Today 1:16 PM,Facebook Team Abuse record received - For More info: https://<EMAIL_ADDRESS><URL>,English,others,"authority,distraction,time/urgency",facebook,,0b8b7122ae66065b,0.3175045526121245,0
,Kindly Pay 01.75$ In Order To Receive You Parcel By The next 2-3 Working days.,English,delivery,"need and greed,time/urgency",,,a9596d73f1aecf17,0.31791029973489,0
00:35,NAB: The account may be suspended. Click for details.,English,banking,"authority,time/urgency",nab,,bc2235c674f820b5,0.3181080100783649,0
14:29,"Hi I'm Mrs. <NAMED_ENTITY> who needs to INVEST in INDIA & I need your ""ADVICE & HELP"" Pls contact me via email only: <EMAIL_ADDRESS>",English,others,"kindness,need and greed",rula ghani,,f864901dffc98dd7,0.3182592042877969,0
15-09-22 23:37:08,"Spent Card no. <US_DRIVER_LICENSE> INR 649 NETFLIX Avl Lmt INR 1082.07 SMS BLOCK 5811 to <DATE_TIME>, if not you - Axis Bank",English,banking,"authority,distraction",Axis Bank,,63e6071a5e456d93,0.3183530165858846,0
1 m,You have used 2GBP of data at 9p/MB. For better value buy a SIMO plan from just 5 GBP at,English,telecom,"distraction,need and greed",,bit.ly,30c5e304ada8fef8,0.3185230424279369,0
"Nov 25, 2022, 3:43 PM","Greetings from Joseph Collins Finance LTD , We are a licensed loan company well known in the world. Our aims are to help those who are facing financial difficulties. A lot of businesses are being shut down and a lot of people are in debt because they are being rejected by their banks due to their low credit scores. But we are here to let you know when your bank says No we say Yes. Do you need a loan to start a business? or you need a loan to clear your debts? If yes, Let us know how much loan you need and duration , as soon as we receive your response a loan application form will",English,banking,"authority,distraction,need and greed",joseph collins finance ltd,,c11e648a63189ef1,0.31870696364114576,0
Today 06:27,Notice: Your bill details <URL> for more. Credit may be affected if overdue.,English,others,time/urgency,,,d27c6cb0e065c535,0.3188462789811737,0
06:11,I have been trying to reach you. Kindly email me for more details: <EMAIL_ADDRESS> Kind Regards <NAMED_ENTITY>,English,others,,,,236827e1f5b6e0c6,0.3189426326141664,0
"Wednesday, Aug 30 • 3:12 PM",T-Mobile: CA Subscribers: There are safety measures you can take in anticipation of emergencies and disasters and a list of efforts T-Mobile is taking to keep our network operational during such events. For info: <URL> .,English,telecom,"authority,time/urgency",T-Mobile,,b0c735682799d962,0.31925652213400396,0
"Wednesday, Aug 31 • 6:12 PM",<NAMED_ENTITY> is <DATE_TIME> for txn on <NAMED_ENTITY> credit card ending <DATE_TIME>. OTP valid till <DATE_TIME>. Do not share OTP for security reasons,English,banking,"authority,time/urgency",bob,,1018c0cb6cccc298,0.3195183388960174,0
,"Royal Mail: Your package has a £2.99 shipping fee, to pay this now visit <URL>. Actions will be taken if you do not pay this fee.",English,delivery,"authority,time/urgency",royal mail,,d24c641220716ee6,0.3196495902182598,0
03:28,"Royal Mail: Your package has a £2.99 shipping fee, to pay this now visit <URL>. Actions will be taken if you do not pay this fee",English,delivery,"authority,time/urgency",royal mail,,22799ed7f81c5809,0.3196495902182598,0
"Friday, Jun 12 - 6:03 PM","Shipped: Your Amazon package with $103 loyalty reward will be delivered Sat, <DATE_TIME> <NAMED_ENTITY>.",English,delivery,"authority,need and greed",Amazon,,0f1900e1a5a80332,0.319741154182724,0
"Jun 12, 6:03 PM","Shipped: Your Amazon package with $103 loyalty reward will be delivered Sat, <DATE_TIME> <NAMED_ENTITY>",English,delivery,"authority,distraction,need and greed,time/urgency",Amazon,,330f56631850c11b,0.319741154182724,0
,Account temporarily locked. Visit <URL>,English,banking,"authority,time/urgency",,,5f339b589d5d11ac,0.3200049423914467,0
,New phone_ who dis?,English,wrong number,distraction,,,cdec45a992432936,0.3201230874088469,0
17/05 gio 15:08,"My name is Mr <NAMED_ENTITY>, I work with Medirect Bank in <URL>n i trust you with a business worth $21.3 million?reply ONLY to",English,banking,"authority,need and greed",medirect bank,,8bee30b479856825,0.32026684063912525,0
Today 21:02,Your package is here! Check tracking,English,delivery,"distraction,time/urgency",,,18bbc4252f4701a7,0.3202934782192894,0
04:57,Total cost of <DATE_TIME> sent was 4.00 and new account balance is 61.66. -------- Total cost of <DATE_TIME> sent was 4.00 and new account balance is 69.66.,English,others,,,,9ea66d508df6e566,0.3203456823383363,0
21:28,"UPDATE:Available bal in HDFC Bank A/c <US_DRIVER_LICENSE> on <DATE_TIME>: INR 5,<URL>eque deposits in A/c are subject to <URL> on WhatsApp Banking:<URL>",English,banking,"authority,distraction",HDFC Bank,,802ffd17dddb8f78,0.32035210666249647,0
"Tuesday, 29 August 2017 10:52",Create a better future for children Reply back with 🚑 to contribute AED 5 towards a child's healthcare #YearOfGiving #HappinessIsGiving,English,others,kindness,,,0cea4837846312e9,0.32036273196684467,0
"Sunday, 27 August 2017 11:36",Create a better future for children Reply back with 🍼 to contribute AED 1 towards a child's nutrition #YearOfGiving #HappinessIsGiving,English,others,kindness,,,ba3414e32f97c28e,0.32036273196684467,0
20:23,We could NOT add G <NAMED_ENTITY> to your payee list. If this was not you please visit: <URL>,English,banking,"authority,time/urgency",g collins,,4314ce66f04b13ba,0.3204343598839176,0
Today 10:41 am,"Dear Sir Earn Rs 8000-20000 per day easily, work online, no time limit, contact: <URL> PMPSServer",English,others,"need and greed,time/urgency",,wa.me,c22fe2a159a2698e,0.3204463317872125,0
12:58,"Hello 9131XXXX08, Open Trading A/C and get benefits worth Rs. 92,989/- Click here to open A/C",English,banking,"need and greed,time/urgency",,,7118605128fc1230,0.3204970445456422,0
Wed 5:48PM,Hello 9703XXX999 Open Trading A/C and get benefits worth Rs. 85/255/- Click here to open A/C,English,others,"need and greed,time/urgency",,,4333c3fbaee1f65c,0.3204970445456422,0
Wed 5:48PM,"Hello 9703XXXX99, Open Trading A/C and get benefits worth Rs. 85,255/- Click here to open A/C.",English,banking,"need and greed,time/urgency",,,8fc97bfb76e7954b,0.3204970445456422,0
13/07/2020@08:12:06 AM,"Recharge with Rs. 699 by <DATE_TIME> on <DATE_TIME>,GST Rs.106.63,<URL>ven Rs.0 in main balance,valid till <DATE_TIME>, CB Rs.72.251 Ref.<PHONE_NUMBER>",English,others,distraction,,,3b91b5464d077504,0.32051194116079795,0
Mon 21:21,There was an issue with your most recent bill. Please visit the website below.,English,others,distraction,,,90d5dad714f38b2c,0.32054875466037935,0
,<DATE_TIME> field team will visit your <URL> available at your <URL>ose full due with all charges GOVT OF ANDHRA PRADESH VILLEGE REVENUE OFFICE MOLAGAVALLI KURNOOL ANDHRA PRADESH <US_DRIVER_LICENSE> ASHIRKHAN STREET HAVANNA PET H NO 20/163 VENKANNAPETA Adoni ANDHRA PRADESH <US_DRIVER_LICENSE> I MANDALKURNOOL TAHSILDAR TUGGALI MANDALTAHSILDAR TUGGAL Kurnool ANDHRA PRADESH <US_DRIVER_LICENSE> VILLEGE REVENUE OFFICE MOLAGAVALLI GOVT OF ANDHRA PRADESH Kurnool ANDHRA PRADESH <DATE_TIME>,English,government,"authority,time/urgency",govt of andhra pradesh,,0ddc966910d8dcc8,0.3208302356441895,0
"Friday, February 11, 2022, 1:27 PM",CHASE: We noticed unusual activity on your card so that we locked your it you can unlock it here : <URL>,English,banking,"authority,distraction,time/urgency",chase,,636dbff355fb3f99,0.3208543548133231,0
"Apr 7, 2022, 9:07 AM",We possibly owe you as much as 654.57. A new ruling may have caused us to overcharge you <DATE_TIME>. Your savings is ready -,English,others,"need and greed,time/urgency",,,4832a9a62a86be2e,0.3210377207381225,0
Today 12:25 pm,Congrats! Your SBI Credit_Card Application can be approved,English,banking,"authority,need and greed",State Bank of India,,fb33acb55b217e4c,0.32111491963277167,0
10:10,Pay: You have a bill that will be overdue and incur a penalty. Please check and complete the payment: <URL>,English,others,time/urgency,,,416381482f9e6bb0,0.321151762318003,0
"Mon, Oct 17, 12:54 PM","You have an expedited courier document that could not be delivered due to incorrect address, pls check <URL>",English,delivery,"distraction,time/urgency",,rebrand.ly,3451b5f5602310e6,0.3212155609062069,0
"Sunday, January 14","IRS: Your account is missing some info that we need to comply with financial regulations , login at <URL>",English,government,"authority,time/urgency",IRS,,dcce56329bdeafd2,0.32150750439640924,0
28/07/20 19:1:36 AM,SMS Notification Charge Jul <DATE_TIME> DR Amt:NG <US_DRIVER_LICENSE>.00 Bal:,English,others,,,,8de2391da5e8b25e,0.32156293292791316,0
16:30,Hi mam this is sai from UNICEF India Covid Emergency Donation URL Online : <URL> Donation URL ENACH : <URL> This is our official webportal of UNICEF So which time i can call u and go through this process mam,English,government,"authority,kindness",unicef,,f58ddb54d4d93584,0.3216915410759625,0
2018-06-11 10:33 a.m.,<NAMED_ENTITY> for <NAMED_ENTITY> (XXXX1545) is XXXXX and is valid for <DATE_TIME>. (Generated at <DATE_TIME> 10:31:12),English,government,"authority,time/urgency",aadhaar,,41584998ead6b79e,0.32172067376351976,0
"Thursday, 7:05 PM","Enjoy DOUBLE data anytime you buy 1.5<LOCATION> for <US_DRIVER_LICENSE>,200 for <DATE_TIME>. You get 3GB for just <US_DRIVER_LICENSE>,200. To buy, dial *131*<DATE_TIME>. Data is valid for <DATE_TIME>.",English,telecom,"need and greed,time/urgency",,,ee54849177959564,0.3217674358437163,0
Today 5:32 PM,You successfully paid PAYCONNECT using your UNIONBNK account. Reference number : <US_DRIVER_LICENSE>. If you did not initiate this request you may visit here : <URL>ine/<US_DRIVER_LICENSE>,English,banking,"authority,time/urgency",unionbnk,,203c04c3f8e6f739,0.32205279350940014,0
"Monday, 27 August 2018 19:37",¥our ATM & Acc***02 has been block due to BVN $system €Error Call <PHONE_NUMBER> to open with;n <DATE_TIME> U don dey craze guy na me <NAMED_ENTITY> scam me E b like say u no know say me sef need money pass u way wan scam me For that reason u go die young ni OLORIBURUKU No b u b the CEMENT GUY FOR EKPOMA <NAMED_ENTITY>,English,banking,"authority,time/urgency",,,8e86182d31bd658a,0.32218591781350053,0
Today 16:42,Santander: An attempt to add <NAMED_ENTITY> as a trusted payee was successful on 27/01. If this was NOT you visit: <URL>,English,banking,"authority,time/urgency",Santander Bank,,eebcfe7a63a20f75,0.3222555987625546,0
21:58,Microsoft: Someone else might have accessed [REDACTED].com. Recover at <URL>,English,telecom,"authority,distraction,time/urgency",microsoft,,a212cccf84da5950,0.3224175234937473,0
Today 04:10,NHS: You've been near someone with the Omicron Variant. Apply for a Test Kit <DATE_TIME>: <URL>,English,government,"authority,distraction,time/urgency",nhs,,c4769c7a75ccb9ff,0.32255719109355574,0
20:41,NHS: You've been near someone with the Omicron Varient. Apply for a Test Kit <DATE_TIME>: <URL>,English,government,"authority,time/urgency",nhs,,ed5d7dbc843aadb5,0.32255719109355574,0
09:50,"Dear Sir/Mam, Let us all join together in New India Assurance Company's Vigilance Awareness Week 2019 to renew our commitment to achieve the goal of promoting integrity. I urge upon all to demonstrate National will to eradicate corruption by taking e-pledge through company's website <URL>.. <URL>gilance e-pledge. ATUL SAHAI Chairman-cum-Managing Director",English,government,authority,new india assurance company,,073551f25e178592,0.32262318867698164,0
Today 6:04 pm,"Commbank: Your account was locked and requires additional verification. Personal banking including accounts, credit cards and home loans - CommBank",English,banking,"authority,time/urgency",commbank,,15934155b685d912,0.3226460368838566,0
11:08 AM,"Digital 4g MobileT0WER <NAMED_ENTITY>, <NAMED_ENTITY>, <NAMED_ENTITY>,Plot Par Lagwaye Advance 15Lakh+Rent 22500 +1job salary 18500, free Electricity WIFI <PHONE_NUMBER>",English,telecom,"need and greed,time/urgency",,,58e3c5573e14a152,0.32271660709552463,0
11:59 AM,Dear Hi JOB-NOTICE You are shortlisted for Interview in Tata Group To Get Your Interview Letter Click Here:- <URL>,English,others,"authority,time/urgency",tata group,,ff7a4986e8c2d71f,0.32275724220997337,0
Today 12:13,Nedbank. You recently received an SMS regarding your FICA verification. The SMS was sent in error. We apologise for any inconvenience caused.,English,banking,authority,nedbank,,1de5d6cbb89a7b57,0.32296355229924956,0
03/11/2018 Sat 09:28,<US_DRIVER_LICENSE> is your <NAMED_ENTITY> to change your Email ID. Do not share it with anyone. Write to us at <URL> immediately if you did not request for it.,English,banking,"authority,time/urgency",Paytm,,b6dbfd08ff0d3bdd,0.3229932482729307,0
"Sun, Jun 11, 12:17 PM",This is CJ with POR. Please take a moment to complete this survey about politics in <LOCATION>: <URL>,English,others,,por,,194eefeb62b127ff,0.32302337776355655,0
Yesterday 10:42 pm,NHS: We identified you as a contact of someone who recently tested positive for Omicron. You must book a home test kit: <URL>,English,government,"authority,time/urgency",nhs,,54a4e2f873b922af,0.3233672411350216,0
Today 16:53,We could NOT add G <NAMED_ENTITY> to your payee list. If this was not you please visit:,English,banking,"authority,time/urgency",,,9418fdf10d547e6c,0.3233848753767598,0
6:25 PM,"Is this <NAMED_ENTITY>'s number, please?",English,wrong number,,,,8e335c2d4dbb929a,0.3234219995066318,0
13:27,simswap request for 07******** is on process.if you did not request this dial*35*0000*16#ok simswap will be <URL>N T&Cs Apply.,English,telecom,"authority,distraction,time/urgency",MTN,,acee054146a19153,0.3234473248764322,0
Today 17:31,<NAMED_ENTITY> from HDFC We are providing HDFC credit card With Movie and Restaurant Offers also fuel surcharge is waive Also big discount on FLIPKART SHOPPING 10% off This card Limit is 1lack to 5lack If you interested than revert me..,English,banking,"authority,need and greed",HDFC Bank,,1d944bc65f453c47,0.32348662610049017,0
Today 11:08,Your Application will be processed soon. Confirm few details,English,others,"distraction,time/urgency",,,20abc205a09d32ec,0.3235545916095128,0
Today 20:57,No payment is required against the statement of your Credit Card ending 7122 since it is registered under the <LOCATION> payment deferment program.,English,banking,"authority,distraction",,,12ac0ce357b29df3,0.3235887340119682,0
Domenica 28 Ottobre 2018 17:22,"<NAMED_ENTITY>, due to the adverse weather forecast tomorrow <DATE_TIME> <NAMED_ENTITY> is forced to delay the arrival in <LOCATION>. To avoid long waits at the terminal please reach the port of <LOCATION> at <DATE_TIME> and regards",English,others,"authority,distraction,time/urgency",costa fascinosa,,577e7ede26ebcaab,0.32363230733038034,0
Yesterday 11:37 PM,Here's the link you requested to download the NNNow app : h,English,others,need and greed,nnnow,,fd2e48720844b3c6,0.3236579213487946,0
"Wed, Dec 7 at 10:26 AM",Old Row: <DATE_TIME> is <DATE_TIME> for GUARANTEED <DATE_TIME> DELIVERY 🎅 HURRY UP ⬇️,English,delivery,"need and greed,time/urgency",,,23a5ebc8ec03f617,0.32369516804981996,0
Today 3:22 PM,Notification. Dear Consumer Your Electricity power will be <URL><DATE_TIME> at <DATE_TIME> electricity office because your <DATE_TIME> bill was not update. Please send the screenshot of bill details in what's app <PHONE_NUMBER> Thank you..,English,others,"authority,time/urgency",electricity office,,f1db5703c24f7f4d,0.3237605365806368,0
Yesterday • 6:20 PM,You have successfully purchased the <DATE_TIME> bundle $2 peak 2500mb o/peak 500mb bundle.,English,others,,,,553def5b668cf24d,0.3239349810492852,0
11:31 am,Your ZIP bill of Rs 10489.77 is overdue. Kindly settle at the earliest. Ignore if paid. Pay Now: <URL>,English,banking,"distraction,need and greed,time/urgency",zip,,0706bfc712e56b74,0.3240416814279359,0
"Friday, 15 December 20:41",RoyalMail: We were unable to finish the delivery <DATE_TIME> because there was no reply. Visit <URL> for a new redelivery.,English,delivery,"authority,time/urgency",royalmail,,75279c02cdffabed,0.32404266232205275,0
"Sun, Jul 24 at 1:46 PM",MSG:Out for delivery:missing location info(Error) . Thank you,English,delivery,,,,ee0ecf5f9cbef264,0.3241171046239009,0
"Monday, January 25, 2021 22:19:1",<NAMED_ENTITY> For 21dec2020-21jan2021,English,others,,,,be18502877d65dcf,0.3242057912354049,0
"Monday, September 30, 2019 23:58:00",<NAMED_ENTITY> For 23aug2019-26sep2019,English,others,,,,22f26ee8f01f0561,0.3242057912354049,0
"Friday, December 25, 2020 23:20:0",<NAMED_ENTITY> For <DATE_TIME>,English,others,,,,6115ec9354ade094,0.3242057912354049,0
"Friday, July 27, 2018 23:02:0",<NAMED_ENTITY> For 22jun2018-26jul2018,English,others,,,,976f958b91ed5d92,0.3242057912354049,0
"Fri, 14 Jun, 11:32 am",AusPost: Your delivery from APL Pty Limited is unlikely to arrive <DATE_TIME>. We'll deliver it as soon as possible. See options at <URL>,English,delivery,"authority,distraction,time/urgency",auspost,,5f018b7390845eab,0.32422953536148014,0
10:01 AM,"Hi <NAMED_ENTITY>, You have (1) Package from <NAMED_ENTITY> Ref: UPS-<US_DRIVER_LICENSE> Last chance to pick it up >> <URL>",English,delivery,"authority,time/urgency",harvey norman,bit.ly,7b113aef04df5852,0.32430590177477986,0
,Post Office REMINDER: Shipment is on its way. Your Package could not be delivered on time duo to unpaid shipping costs. shipping costs Pay Now: <URL>,English,delivery,"authority,time/urgency",post office,,4ba99286de5fd2a5,0.32434452379174733,0
Wednesday April 5 2023 6:22 PM,You successfully paid PAYCONNECT using your UNIONBNK account. Reference number : <US_DRIVER_LICENSE>. If you did not initiate this request you may visit here :,English,banking,"authority,time/urgency",unionbnk,,10c5a83e2b8a2aca,0.32453844169819557,0
Tuesday 1:50 PM,CASH PRIMIUM : BUY 25000 QTY OF 'FUNNY SOFTWARE LTD' BSE CODE - <US_DRIVER_LICENSE> BSE GROUP - B CMP : 9.13 ONE WEEK TGT 12 SL 8 BUY IN BULK,English,others,need and greed,funny software ltd,,ae68f2e3d218aac0,0.32461416928276604,0
Today 10:49,"Hi. It looks like you recently sent your first premium text (SMS). Just in case you didn't know, this sort of text isn't included in your tariff. To check your charges and stay on top of your bill, head to My <US_DRIVER_LICENSE>: <URL>",English,telecom,"authority,distraction,time/urgency",O2,,c2317863042513bc,0.32462554556980083,0
,Email credit limit increase docs to <EMAIL_ADDRESS> ? latest <DATE_TIME>? payslips/bank statements. Use ID no as ref in the subject line FSP/NCRCP7,English,banking,"authority,distraction",absa bank,,9cdf67e91eda3fcf,0.3246374340175089,0
Today 8:43 PM,"AT&T Free Msg: <DATE_TIME> bill processed. Thanks, <NAMED_ENTITY>! Here's a little freebie for you:",English,telecom,"authority,distraction",at&t,,b5635cf564c5e749,0.3247387609066657,0
12:15 pm,"Out for Pickup: Saffola Honey Active, Made ... with tracking ID FMPR0336206382 from <URL>, will be picked up before <DATE_TIME> by an EKART Wish Master (call <PHONE_NUMBER>, PIN 216). Keep the product ready with all accessories and tags for verification.",English,delivery,"authority,time/urgency",flipkart.com,,6d56cd6ff460ea4a,0.32482238103761935,0
"Monday, October 22, 2018 9:52 AM",Debit Alert! **<DATE_TIME>,English,banking,time/urgency,,,b24f2184ab97d64e,0.32484230980013423,0
"1:21 pm, 3:02 pm",Your order will expire. Pay on time and get credit and a higher credit rating <URL> SAXONY TECHNOLOGIES PRIVATE LIMITED.,English,delivery,time/urgency,saxony technologies private limited,bit.ly,510c79127d6b106e,0.3251288966822297,0
"Jul 10th, 2021","Hello,I just see your property listed on your fb",English,wrong number,,,,05d761c999fd078f,0.3254872879178914,0
12:56 PM,GOOD NEWS FOR <NAMED_ENTITY> USERS <NAMED_ENTITY> is giving free 10GB daily for <DATE_TIME>. Download JioData app and enjoy now.,English,telecom,"authority,need and greed",Jio,tiny.cc,19bd28fcfdaac6c7,0.3256510454667651,0
4:04 PM,Your <NAMED_ENTITY> is: 9769. For security reasons do not share this O,English,others,distraction,,,b3ccff33038d5034,0.325792688131843,0
4:29 PM,Msg not sent. Please check your balance.,English,others,,,,7462562a20bd63c7,0.325915922243361,0
10:10,Pay: You have a bill that will be overdue and incur a penalty. Please check and complete the payment:,English,others,time/urgency,,,125eb9efc0b64b87,0.32627637501931644,0
10:10,Pay: You have a bill that will be overdue and incur a penalty. Please check and complete the payment: bbt.ty/3TRQdLw,English,others,time/urgency,,,e29f6aec1cdf02aa,0.32627637501931644,0
10:10,Pay: You have a bill that will be overdue and incur a penalty. Please check and complete the payment: bbt.ty/3TRQdRw,English,others,"authority,time/urgency",,,f8c388237adc96ce,0.32627637501931644,0
30-Jul-2019 9:36:56 AM,"your registered e-mail for e-Mail OTP - e-Filing, Income Tax Department",English,government,authority,income tax department,,552fbd0096fd3362,0.32635598439913216,0
11/02/2019,"Transitional Arrangement Directorate, [P TAD] AMT:NGN 1,450,400.88; <LOCATION>, <NAMED_ENTITY> to be Paid to all UBA Banks. yours Still on hold; <NAMED_ENTITY> the Head of Department on <PHONE_NUMBER>",English,government,"authority,distraction",transitional arrangement directorate,,9b3424c1bded9e1e,0.32639539400883544,0
5 min,"Notification: Dear Consumers, If you get an SMS about disconnection of Electricity, asking you to contact an electricity officer, know that it’s a FRAUD message. DO not fall prey to it. We at Adani Electricity will never send out an SMS from an unregistered number. Regards Team Adani Electricity",English,government,"authority,distraction",adani electricity,,033bc3b67d591f81,0.32645050572994433,0
10:31,you will get your phone once the payment cleared on my bank account,English,others,authority,,,1c3f268457dff6b2,0.32645859997087384,0
9:53 AM,Hi Shubham apologies for the trouble. We have taken your feedback and will surely pass along it to our team. Appreciate your understanding on the matter. Thanks <NAMED_ENTITY>,English,wrong number,,,,c822badeea7b6af9,0.326650970296181,0
"12:32 PM, Tuesday, 16 October","Your FLIPKART order AwB <US_BANK_NUMBER> was undelivered as you were not available. For further instructions, click <URL>",English,delivery,"authority,time/urgency",flipkart,,cdcd8e43711f5dd2,0.32688963338180144,0
"Monday, 7 March 2022 12:22 pm","Delivery Failed: Sorry, We were unable to deliver your order. We'll be back with 1 HIGHLANDER Shirts. Let us know if you have any feedback <URL> - Team Myntra.",English,delivery,"authority,time/urgency",myntra,,79edefc61c19cea1,0.3269041725255013,0
9:28 AM,MULTIPLY YOUR MONEY TWICE IN <DATE_TIME>. BUY NECC (NSE/BSE CODE : <US_DRIVER_LICENSE>) CMP 54.60 TGT 98 HOLD POSITION <DATE_TIME> WITH SL 52 GET 20% RETURN EVERY <DATE_TIME>,English,others,need and greed,necc,,719d874d783611f3,0.3269049635393994,0
5:23 PM,"ATT Free Msg: <DATE_TIME> bill is paid. Thanks, Here's a little gift for you: <URL> Enjoy",English,telecom,"authority,need and greed",att,,22b742122aa2550a,0.32697921197558266,0
12:33 PM,"You are invited for Business INTERVIEW to work with EMPIRE NG, On Mon 24/03 BY <DATE_TIME> beside veterinary clinic ungwan pama Road <NAMED_ENTITY>. Hr:Pat",English,others,"authority,distraction",empire ng,,ef3685e17f8c3644,0.32715678652203917,0
Today,GMAIL: Mailbox accessed from a new location or device. Wasn't you? Let us know: <URL>,English,others,"authority,distraction,time/urgency",gmail,,0835e069e88e9933,0.327168742333712,0
16:16,"MONEYWOW FINANCIAL COMPANY IRFAN ELIYAS SHAIKH Father ELIYAS MAQBul SHAIKH contact <DATE_TIME> state Thane kalyan badlapur roade <LOCATION> colony plot no_175 near shantigram <LOCATION>,ULHASNAGAR_3 He is taken loan from MONEYWOW financial company amount 3500.00INR. we had informed him almost 10 time but he does not paying his amount. and did not pic company call, He gave you number with some ID proof as a guarantor so call him otherwise you have to pay his payment. so call him, if you have any question then call his number.",English,banking,"authority,distraction",moneywow financial company,,4f018b1ce09c0b79,0.32737321547336934,0
2023-10-03T16:18:00Z,"Hello, I am an Amazon receptionist Our job is very simple, mainly to create virtual orders in our Amazon store to increase the sales of our Amazon products. The job is to complete the tasks sent by the Amazon Mall. After completing the task, you will receive a commission. Are you interested? You only need a mobile phone to complete the tasks sent by the system, you can get the corresponding commission Please tell me your age, so that we can check for you whether you are suitable for this part-time job",English,others,"authority,need and greed",Amazon,,c050c032bf71213e,0.32741174856429156,0
Today,LINKT: You have a toll trip on <DATE_TIME> was not charged promptly. Check details via,English,others,"authority,time/urgency",transurban,,a9b98ce3f1597e46,0.32746225383918137,0
12:58 PM,I am khusboo from HDFC bank Documents.. 👉 Pan card 👉 Aadhar card 👉 Passport size photo 👉 <DATE_TIME> latest credit card statement Send me these all documents,English,banking,"authority,distraction",HDFC Bank,,00b7222cbe78cf4d,0.32756793366515174,0
Today 8:38 AM,Your application for the Admin position is successful! Click here for more info about the position-<URL>,English,others,"distraction,need and greed,time/urgency",clienteleapp,,2877748d1725cf1a,0.32763966138689854,0
3:35 PM,*123*1# for bonus bal. Watch <NAMED_ENTITY> in many ways to die in <LOCATION>. Sms TP to <DATE_TIME> now.,English,telecom,"distraction,need and greed",,,8e1bcff96e09fa1b,0.32782722472162634,0
"Friday, Feb 5 • 22:04","Please note that the Call Centre no (32600) will be unavailable from <DATE_TIME> till further notice. Kindly use: <PHONE_NUMBER>, <PHONE_NUMBER> & <PHONE_NUMBER>.",English,others,distraction,,,cfcc69d163968f5e,0.3279073183243184,0
11:11,METAMASK inform you that your wallet will be suspended if you do not proceed to the SMS authentication system: <URL>,English,banking,"authority,time/urgency",metamask,,80a4828ca0c6526c,0.3279496698592944,0
1:41 PM,"AIRTEL VVIPNOOFFERFORSALE <US_BANK_NUMBER> <US_BANK_NUMBER> <PHONE_NUMBER> <US_BANK_NUMBER> <PHONE_NUMBER> <US_BANK_NUMBER> GOPAL-<PHONE_NUMBER> <EMAIL_ADDRESS> Price-35,000/-",English,telecom,"dishonesty,need and greed",Airtel,,77dc3032cca3b186,0.3279696666227229,0
21:16,"WhatsApp registration code was requested for your phone number. If you didn't do this, don't share this code with anyone.",English,telecom,"distraction,time/urgency",whatsapp,,7b28e0470bd2ba4a,0.3281847398163226,0
10 JUL AT 15:32,Good news! It's time to collect your reservation from <NAMED_ENTITY>. Just pop in by <DATE_TIME> with reservation no. <US_DRIVER_LICENSE>,English,others,time/urgency,bury angouleme way rp,,2b45a9f50d5874d9,0.3281916492863838,0
"Wednesday, 22 December 2021 09:33","Please allow <DATE_TIME> for PAYEE MR <NAMED_ENTITY> to be successfully added. If this was NOT you, please verify: <URL>",English,banking,"distraction,time/urgency",ocbc,,e34811c87d759727,0.3282516630728244,0
"Wednesday, 22 December 2021 09:33","OCBC: Please allow <DATE_TIME> for PAYEE MR <NAMED_ENTITY> to be successfully added. If this was NOT you, please verify: <URL>",English,banking,"authority,distraction,time/urgency",ocbc,,1ef6ac333ad9d4cf,0.3282516630728244,0
04:29,Linkt: Take action before the payment due date to avoid further costs at <URL>,English,others,"authority,time/urgency",linkt,,52d866f72ba44b26,0.32836824516676044,0
Sun 19:40,UR GIRL IS WITH ME! U BETTER BANK IN $2000 TO MY __________ Standard Chart NOW! <NAMED_ENTITY> CALL POLICE!! IF NOT I WILL KILL HER! __________ Rayno,English,banking,"authority,distraction,need and greed,time/urgency",standard chart,,ea15838774707031,0.32838579736906814,0
Yesterday 10:05 PM,FRM:cl reply MSG:<URL>,English,others,,,,ad6ab9e931fac5e2,0.3284019082344906,0
8:22 a.m.,Hydro-Ottawa sends you funds due to a system billing error. See: <URL> -Ottawa/,English,government,"authority,need and greed",hydro-ottawa,,ed3f03c98808e44e,0.3284457655815033,0
Tuesday • 19:19,Dear Cardholder you can convert eligible transaction(s) done with your SBI Credit Card into <LOCATION> EMIs. Click <URL>,English,banking,authority,State Bank of India,,e8591616b482e6ed,0.32856084756034043,0
"Wed, 15/09/2021 19:07",We previously attempted delivery but you weren't home. Please visit <URL> and follow the instructions to book re delivery.,English,delivery,"authority,distraction,time/urgency",australia post,,f5f57efa283aa071,0.3286570319877314,0
18:00:49,Congratulations <NAMED_ENTITY>! You're one of our early few select users. Move your cryptos to self custody before anyone else now and explore vetted DeFi opportunities. #YourKeysYourCrypto. Download Okto here.,English,others,"authority,herd,need and greed",okto,,19f03fc4aee38717,0.3287555552343326,0
Today 5:17 AM,"Hello landlord, is your entire house available for rent? Tenant can start lease from <DATE_TIME> <NAMED_ENTITY> from Propnex",English,others,,propnex,,dd15ff9e228306cd,0.32878964044495695,0
"Thu, 15 Mar, 15:06",Your BlueSkyRewards <US_DRIVER_LICENSE> debit will run 23 Mar <DATE_TIME> sold by Good Converters <US_BANK_NUMBER> ref GOODC00000900723062408 <US_BANK_NUMBER>. Respond for help,English,banking,"authority,distraction",blueskyrewards,,55353734d07085dc,0.3288036512422737,0
Today 9:42 AM,"Your singpass has expired, you can reactivate it through the link for security purposes: <URL> <NAMED_ENTITY> has expired, you can reactivate it through the link for security purposes: <URL>",English,government,"authority,distraction,time/urgency",singpass,bit.ly,4d3e430d3f72a62f,0.3289732223924031,0
11/2/23,DO NOT SHARE this code with anyone for account safety....,English,others,,,,dedd9281d5179540,0.3291943632314856,0
8:38 AM,"Hi, I'm <NAMED_ENTITY> at Early Christmas Preparations. I screened your file and would like to extend an offer of $2425 to help with the finances. <URL>",English,others,"authority,need and greed",early christmas preparations,,48a5d9f8cd89e75e,0.32941147413218475,0
"Friday, Aug 5, 2022 • 3:26 PM",Famous Singer <NAMED_ENTITY> has died <DATE_TIME> over rare disease,English,others,,britney spears,,a7849746cbe1c45b,0.329425645487076,0
6-10 9:17,Your A/C XXXXXXXX6596 can Be credited with <NAMED_ENTITY>. Check Now!,English,banking,"need and greed,time/urgency",unknown,,49f7ea51427225f2,0.329772179260643,0
"Thursday, May 4 09:29",This message is from an unsaved number. Beware of smishing and phishing.,English,others,,,tinyurl.com,174488fe62cb9dcc,0.3298821339957022,0
Today 6:51 AM,"ATT Free Msg: <DATE_TIME> bill is paid. Thanks, Here's a little gift for you: <URL> Cheers",English,telecom,"authority,need and greed",att,,4d551d7053412242,0.3299111107963202,0
19:07,Please visit <URL> website and update <NAMED_ENTITY> firmware as the previous one has a bug with the risk of losing assets,English,others,"authority,distraction",ledger,,1a34225ce0ff53ae,0.32993667487698364,0
"Wednesday, 23 November 12:56",LTA: You have a bill that will be overdue and incur a penalty. Please check and complete the payment : <URL>,English,government,"authority,time/urgency",lta,bit.ly,5a1a43aedcc5a48b,0.33038316519916594,0
Today 12:13 PM,LTA: You have a bill that will be overdue and incur a penalty. Please check and complete the payment: <URL>,English,government,"authority,time/urgency",lta,,7d401fd18a7dc0f0,0.33038316519916594,0
"Thu, Nov 17 at 11:40 AM",Did you or a loved one reside at CampleJeune? You could get HUGE COMPENSATION! Call: <PHONE_NUMBER> to discuss,English,others,need and greed,,,f0709383ef0876ba,0.3303924601382607,0
Wednesday 21 April 2021 05:12,DHL: Your parcel is arriving track here: <URL>,English,delivery,"authority,distraction,time/urgency",DHL,,021aedad7a6249f5,0.3306084028637895,0
09:03,"DHL: Your parcel is arriving, track here: <URL>",English,delivery,"authority,time/urgency",DHL,,cd910c90b793a9e3,0.3306084028637895,0
Today 4:22 PM,MS Teams Issue Users are experiencing intermittent latency issues with the MS Tea... <URL> or Reply with YES to confirm receipt.,English,others,"authority,time/urgency",ms teams,,3079fa51663c889e,0.3307845901590212,0
17:38,"HSBC: A payment was attempted from a new device. If this was NOT YOU, please <URL>",English,banking,"authority,distraction,time/urgency",HSBC UK,,de5b5c542709a2b4,0.33094297136384276,0
Today 20:07,E-Transfer Canada Revenue has sent you a refund of $161.58,English,government,"authority,need and greed",canada revenue,,a75a6f5242180f40,0.3310367377151219,0
Today 8:42 am,<NAMED_ENTITY>: Help us to test the CommBank app and get a $500 bonus: <URL>,English,banking,"authority,need and greed",commbank,,f900babc928f6c30,0.331267444514339,0
11:41,<DATE_TIME> Do you have <DATE_TIME> to talk? 😊🥰❤️,English,wrong number,,,,51777db4256f4e78,0.3312687329622942,0
2023-02-07T12:01:00,Application Received! We have initiated checks for CIBIL PAN & CKYCR for appln no B2C000014972387. For loan status updates download the Bajaj app <URL>,English,banking,"authority,time/urgency",bajaj finance ltd,,52718ac9ebff1f06,0.33136774253948215,0
Today 12:06 PM,Your package will be put on hold until duties are paid. Follow the instructions here.,English,delivery,"need and greed,time/urgency",,,31854d6a3afd6c4e,0.3314976118331751,0
2:07 pm,"Airtel Pack Expired!Recharge with Rs 249 pack -Get <DATE_TIME>,UNLIMITED calls across <LOCATION> to any network and <DATE_TIME> 100SMS for <DATE_TIME>.Dial *121*<DATE_TIME> <URL>",English,telecom,"authority,distraction,time/urgency",Airtel,,2b170be900de758c,0.3315115461888863,0
19 min,vouchers (£5 to £500). See [URL] for more details. Please be assured that this is not a scam. Thank you and stay safe.,English,others,"authority,need and greed,time/urgency",,,fb8e07dc91324aec,0.33173515988786634,0
"Today 15:41, Today 15:45",Received payments ₹20000 using this link - <URL> Refund money ₹20000 using this link - <URL>,English,banking,"distraction,need and greed,time/urgency",PhonePe,,9dba645cbb11a6f6,0.33176886073078266,0
"Today 12:09, Today 18:05","On the way: Your Amazon package with Okayji Fruit Slice Theme Silicone Cup Mat Set.. is on time and will reach you by <DATE_TIME> Track at <URL> Arriving by <DATE_TIME>: Your package with Okayji Fruit Sli.. is on road with our AmzAgent<PHONE_NUMBER> PIN 3870) & will be delivered by <DATE_TIME>. Delivered: Your package with Okayji Fruit Slice Theme Silicone Cup Mat Set, 7-Pieces, <NAMED_ENTITY>. More info at <URL>",English,delivery,"authority,time/urgency",Amazon,,26082eb46531327a,0.3317995229928792,0
"Thursday, 23 December 2021 13:00","OCBC: Please allow <DATE_TIME> for PAYEE MR <NAMED_ENTITY> to be successfully added. If this was NOT you, please verify: <EMAIL_ADDRESS>",English,banking,"authority,distraction",ocbc,,25fcffc76e32e4df,0.33182537169390197,0
"Wednesday, December 22, 2021 1:47 PM","OCBC: Please allow <DATE_TIME> for PAYEE MR <NAMED_ENTITY> to be successfully added. If this was NOT you, please verify:",English,banking,"authority,time/urgency",ocbc,,d67f7011fd4953c3,0.33182537169390197,0
10:16,Out for Pickup: Titan NM95110QM01 Self Expr... with tracking ID FMPR0399569498 from <URL> will be picked up before <DATE_TIME> by an EKART Wish Master (call <PHONE_NUMBER> PIN 108). Keep the product ready with all accessories and tags for verification.,English,delivery,"authority,time/urgency"," ekart,flipkart",,3749a82d6d0855a9,0.3318707376759498,0
,Thank You for enrolling in Congress party membership program. Your enroller is K Prabhhu. Your details will be verified. You will get a message once approved.,English,government,"authority,distraction",congress party,,aacb3bb1896a4af2,0.3318799399634909,0
12:32,Delivered: Your package from WAREIQ LOGISTICS PRIVATE LIMITED was delivered <DATE_TIME> at 12:32 <URL>ack package at <URL>,English,delivery,"authority,distraction",wareiq logistics private limited,,6fae32abb39f17c1,0.3322273919096966,0
16:01,"[BINANCE] Verification code: <US_DRIVER_LICENSE>. If this was not generated by you, please click here: <URL>",English,banking,"authority,time/urgency",Binance,,0706ca2209fbc798,0.3322964068737055,0
08:56,"<NAMED_ENTITY>, we regret to inform you that basis our SBI Cards internal policy, we are unable to issue a credit card to you at this time",English,banking,authority,State Bank of India,,06573bdafe873ac0,0.3323390751651239,0
Today 01:58,"Royal Mail: Your package has a £2.99 shipping fee, follow: <URL> to pay. Otherwise we are forced to return the package back to the sender.",English,delivery,"authority,need and greed,time/urgency",royal mail,,c64b2106fbd55b77,0.3324950287960809,0
7:58 PM,Protection is - out for delivery. Track: <URL>,English,delivery,time/urgency,,,1907058ac22c5160,0.332603250494005,0
Today 10:06 am,Protection is out for delivery. Track: <URL> <NAMED_ENTITY>,English,delivery,"distraction,time/urgency",,,89f00726ac9d6c5e,0.332603250494005,0
56 min,Protection is out for delivery. Track: <URL>,English,delivery,time/urgency,,,fb6a7921b90c8617,0.332603250494005,0
,"You just sent a payment to <NAMED_ENTITY> for $13.50 USD. If you are having problems with this transaction, you can view more information at:<URL> [PP-ID:#RNQ7N2]",English,banking,"distraction,time/urgency",jesse johnson,bit.ly,b244dc09f9a8c439,0.33276537454414495,0
2021-11-21,You / have (1) outstanding package! Ref: DHL-6461W Last chance to pick up > <URL> ?<NAMED_ENTITY>-v5zp,English,delivery,"authority,time/urgency",DHL,,d0fa9f48efd249d0,0.33285264392067077,0
1:42,You have (1) outstanding package! Ref: DHL-6461W Last chance to pick up > (p) <US_DRIVER_LICENSE> <URL>,English,delivery,"authority,distraction,time/urgency",DHL,,c166b5830387cf16,0.33285264392067077,0
2023-10-04T16:20:00,"<DATE_TIME> Sir/Madam, I'm <NAMED_ENTITY> from HLB Bank, We're offer you RM250K Personal Financing-i . Kindly reply 'YES' to know more. Thank You",English,banking,"authority,need and greed",hlb bank,,b93929b59a14f75a,0.3328771265154607,0
16:13,"Dear <NAMED_ENTITY> ,Thank you for applying for a Personal <URL>r OTP code is <DATE_TIME>",English,banking,authority,,,9f276ad5ef7e561d,0.33302498478917447,0
,Hi <NAMED_ENTITY> you have contacted Boys and Girls PG - <UK_NHS> for a room PG in <LOCATION>. Kindly avoid making any payment before doing your due diligence. Magicbricks,English,others,,magicbricks,,973189b64197cb35,0.333049853686483,0
Thursday 14:21,"Hi, we've noticed your device is sending a high volume of SMS, meaning it may be infected with <NAMED_ENTITY> malware/virus. For more information and how to remove the malware, head to the scam page on the Vodafone website: <URL> Thanks, Your Vodafone Team",English,telecom,"authority,distraction",Vodafone,,d3816715b0b025be,0.3332476171383734,0
13:38,"FREE Homeopathic Preventive Medicine for CORONA Virus as advised by AYUSH Ministry, Govt. of <LOCATION> is available at HomoeoCARE Dr. <NAMED_ENTITY>",English,government,authority," govt of india, homoeocare,ayush ministry",,96b6bccce126d47d,0.3334306724013557,0
17-05-23 4:57 pm,PNR-<PHONE_NUMBER> Trn:12874 Dt:17-05-23 Frm ANVT to RNC Cls:SL <US_DRIVER_LICENSE>-<US_DRIVER_LICENSE>-<US_DRIVER_LICENSE>-<US_DRIVER_LICENSE>-<US_DRIVER_LICENSE> Chart Prepared For Enquiry/Complaint/Assistanceplease dial 139 <LOCATION>,English,others,authority,indian railway,,0b61290054a160cb,0.3334553684826885,0
Today 1:51 PM,Alert#55400. Wells Fargo notification. Immediate action is required. Visit: <URL>,English,banking,"authority,time/urgency",wells fargo,,66469d63db3ce81b,0.33358073409288447,0
Saturday,Deli very of your c ori er goo ds,English,delivery,distraction,,,7fd02a3c1b7e3457,0.3336371332048306,0
,SMS from Govt. ECHALLAN PORTAL From VK-VAHAN A challan OR9792000301091405 is issued against OD 02AB6011 and total challan amount is 6000. Details: <URL> Thanks RTO,English,government,"authority,time/urgency",govt echallan portal,bit.ly,dc360254dc64d33b,0.33364760983675973,0
Friday 8:42 am,Your Landmark package with AWB <US_BANK_NUMBER> will be picked <DATE_TIME>.,English,delivery,"authority,distraction",landmark,,bad8b15a04769594,0.3336767608460618,0
Today 19:52,"[Binance] Withdrawal code: 2993 Don't disclose this to anyone. To cancel, visit: <URL>",English,banking,"authority,distraction,time/urgency",Binance,,1b195099d290690b,0.3339944154604522,0
Today 4:22 pm,Unusual login attempt. Pass an aditional verification to unlock it manually.,English,others,"distraction,time/urgency",,,5e974f1083ee15d2,0.33458560693672423,0
Today 5:50 PM,FRM:M&T BANK Security SUBJ:HIGH TICKET:qt9 CONFIRM ACCOUNT! MSG:<US_DRIVER_LICENSE> <URL>?protectionID174,English,banking,"authority,time/urgency",m&t bank,,e063e2c8ba2566cb,0.33482939317906596,0
2019-11-22 15:09:21,Y'ello! You are not eligible for this offer. Please dial *131*1# to buy other data bundles. Thank you.,English,telecom,authority,MTN,,61a1c538857e7413,0.3348421790336061,0
Today 5:51 PM,[BBT BANK] Security Information Urgnet Dial <DATE_TIME>,English,banking,"authority,time/urgency",bbt bank,,a6b18dc8cdb904da,0.3349296380162632,0
Yesterday 09:25,"Luno Btc Trader,Your wallet will be disabled if not validated in <DATE_TIME>, Click: <URL> and validate your wallet.",English,banking,"authority,distraction,time/urgency",luno btc trader,,ebe7802079f4ede5,0.33497248846842687,0
"Thursday, 06 December 2018",MandelaUni <US_PASSPORT> Choice:2 you are placed in our accredited off campus res please check website,English,others,authority,mandelauni,,fa8c065e70f15ff8,0.3354229561822658,0
14:13,Enjoy 2<LOCATION> data valid for <DATE_TIME> at GH₵2 today. Offer valid for <DATE_TIME>. 1. Select 1 to activate 0. Back,English,telecom,"need and greed,time/urgency",,,b6b215991ec3795f,0.3354925993028584,0
Today 1:54 PM,{IRS} Your tax refund was rejected kindly resolve here <URL> now and get approved,English,government,"authority,time/urgency",IRS,,f431711a516f129f,0.3355537968489812,0
Today 11:35,"#JantaCurfew Check your chances of getting Coronavirus. Also, monitor health of your family/friends. Take your test now: <URL>",English,government,"authority,distraction,time/urgency",,,870acdc9409128b4,0.33556646516140887,0
Today 06:20,"<NAMED_ENTITY>, lets fly away together. We've topped off your gift card balance. Tap <URL> to view",English,others,"distraction,need and greed",,,55876fc8913a7c35,0.33560676462670513,0
"Today, 1:09 AM",I need your partnership in an urgent transaction from <LOCATION> to <LOCATION>. <NAMED_ENTITY> me at:,English,others,"need and greed,time/urgency",unknown,,21525023c1614efc,0.33561315638543626,0
Today 3:52 PM,Order for Cons No <PHONE_NUMBER> is registered with Ref <URL>fil expected delivery: <DATE_TIME> Pay by <URL>,English,delivery,"need and greed,time/urgency",,,5b87d25d36787067,0.33592173751099397,0
,"New phone, who dis?",English,wrong number,,,,210447dbd972943c,0.33605813220683733,0
6:00 AM,Good news about your auto loan request! Your loan specialist at Mossy Mitsubishi Escondido is ready to discuss your options. You can use the link below to schedule an appointment.,English,others,authority,mossy mitsubishi escondido,,2c04a019f69f3549,0.3360784220396942,0
13:07,"HSBC: A payment was attempted from a new device. If this was not you, please...",English,banking,"authority,distraction,time/urgency",HSBC UK,,cc59c6bd8329c962,0.3362726190201455,0
Today 12:20 PM,Chase Fraud: We declined $295.00 at CLEANING SERVICES. Was this you? Reply YES If yes If no you will not be charged once you have verified at :,English,banking,"authority,time/urgency",chase,,2819bcfc4363f540,0.33634657323748013,0
Saturday • 4:58 pm,Did you know you can now use your Axis Bank Credit Card to shop unlimited and pay in easy EMIs. Click to know more: <URL> . T&C's Apply,English,banking,"authority,distraction",Axis Bank,,adcc5e91dc07e8d0,0.33649531412697625,0
Today 12:56 PM,Maxis ID: Your TAC to sign in is [redacted] it will expire in <DATE_TIME>. Reminder! Do NOT share your TAC with anyone. JANGAN kongsi TAC <NAMED_ENTITY> sesiapa.,English,telecom,"authority,time/urgency",maxis,,b6346f928b53f87a,0.3365388188390728,0
"Oct 1, 2020 at 7:55 AM","<NAMED_ENTITY>, urgent notice about the USPS package 2D76A4 from <DATE_TIME>. Click:",English,delivery,"authority,time/urgency",USPS,,b95d561f17ee339d,0.3365694091640646,0
Today 12:05 PM,<LOCATION> Your packages is unde1livereable the adress on file did not mmth the zlp c0de please udpated the <NRP>:,English,delivery,"distraction,time/urgency",,,6cf914a39f551ed4,0.33659790254329347,0
Today 12:05 PM,<LOCATION> Your packages is unde1liverable the adress on file did not mmth the zlp c0de please udpated the <NRP>:,English,delivery,"distraction,time/urgency",,,5f1f8a58d194d151,0.33659790254329347,0
Today 10:08,You won 800K 2ND <URL>om the office of <URL><NAMED_ENTITY> Pacquiao'AHON SA KAHIRAPAN'.For details txt me now! Full! Name/Age/Address/Occupation.I am'Sec. <NAMED_ENTITY>,English,others,"authority,need and greed"," sec joseph binay,senmanny pacquiaoahon sa kahirapan",,a4b199cc5f8389b5,0.33669900766384314,0
07:20,Regarding Your Pending Transaction PayPal Dear Gillian Philip Transaction ID...,English,banking,authority,PayPal,,079ef3424bcaccb0,0.3367540046991836,0
"Monday, May 1 • 10:47 AM",Congratulations!!!,English,others,,,tinyurl.com,477eb1d359cf8a84,0.33678299769238945,0
"Monday, 31 October 11:07",LTA: You have a bill that will be overdue and incur a penalty. Please check and complete the payment :,English,government,"authority,time/urgency",lta,bit.ly,b0ca1d5edbf62491,0.3367869295569784,0
08:39,Warning! Your phone location data revealed you left your property 3 times on <DATE_TIME> at: 09:62 and travelled 7.8km. <URL>NE.<US_DRIVER_LICENSE>,English,government,"authority,distraction,time/urgency",gov,tiny.cc,8a49ed90becc60d4,0.3369141896222242,0
29/03/20 at 09:62,Warning! Your phone location data revealed you left your property 3 times on <DATE_TIME> at 09:62 and travelled 7.8km <URL>NE.<US_DRIVER_LICENSE>,English,government,"authority,time/urgency",gov,tiny.cc,5f01652751dd5f15,0.3369141896222242,0
,Just tried to reach you available? It's urgent,English,others,time/urgency,,,4175cb1299502d65,0.33694409011304716,0
12:35,I got an otp from you <DATE_TIME> you today and I have never used your services I downloaded your app afterwards and registered my number to investigate if someone had tried to take a loan using my number,English,others,,,,857dc973d1346af5,0.3369635990902631,0
8:52 AM,Your <LOCATION> notice for pre-litigation regarding traffic violation: <URL> 8537 MHPECH,English,government,"authority,time/urgency",,,c50180759c7d5f1d,0.3370429597775885,0
5:30 pm,Your <LOCATION> notice for pre-litigation regarding traffic violation: <URL>,English,government,"authority,time/urgency",lok adalat,,a014f8273f90cace,0.3370429597775885,0
,Click here - <URL>ishing New phone_ who dis?,English,others,distraction,,,78b533a553bccbd6,0.3372977992139788,0
,Click here - <URL>ithing New phone_ who dis?,English,others,,,,f3fe4b66bd43b18e,0.3372977992139788,0
1-4 12:40 PM,"<NAMED_ENTITY>, we have received your Moratorium request and reference number for the same is D<MEDICAL_LICENSE>25.",English,others,,,,6411e09acefcf16a,0.33749672909191525,0
8:55 pm,I made a purchase from flipkart Rs 55900/ on <DATE_TIME> and cancel the same the 3rd day of purchase made. But I didn't received any cash back from flipkart from <DATE_TIME> to till date. Only the amount which I paid on purchase <DATE_TIME> received in my credit card account. Then why I should pay cash back debited amount <DATE_TIME>. Please resolve the issue as soon as possible.,English,others,"authority,time/urgency",flipkart,,fbde5de6d0c8a874,0.3375965957209749,0
23:49,Your <NAMED_ENTITY> will be deactivated within <DATE_TIME> and you must complete face verification via [<URL> if you wish to continue using it.,English,government,"authority,time/urgency",singpass,,e316b932e01218ba,0.33777855617286656,0
23:49,Your <NAMED_ENTITY> will be deactivated within <DATE_TIME> and you must complete face verification via [<URL>sehsxyz/singpass] if you wish to continue using it.,English,government,"authority,time/urgency",singpass,,ff61dbe008fa6a08,0.33777855617286656,0
Yesterday • 20:17,"Avoid €55/£55 fees, don't forget to check-in online for your flight ref M4F7XN. You can check-in online or use our APP. Here's how <URL>",English,others,"distraction,time/urgency",,,3cd582885c6a4741,0.33795486035699546,0
18 min,"Order Confirmation (#202-<US_DRIVER_LICENSE>-<US_DRIVER_LICENSE>) Order total: 69.99£ If you did not authorize this purchase, click <URL> to Cancel and Refund.",English,delivery,"authority,distraction,time/urgency",Amazon,bit.ly,403423bf2da90f42,0.3380900850646318,0
Friday 2:54 PM,"AT&T Free Msg: Latest bill is paid. Thanks, <NAMED_ENTITY>! Here's a little freebie for you: <URL>",English,telecom,"authority,distraction",at&t,,fc27d89533d8c3ef,0.33834108500457094,0
20:13,PNR-<US_BANK_NUMBER> Trn:12011 Dt:<PHONE_NUMBER> Frm NDLS to CDG Cls:CC <US_DRIVER_LICENSE>-<US_DRIVER_LICENSE> Chart Prepared For Enquiry/Complaint/Assistanceplease dial 139 <NRP> Railway PNR-<PHONE_NUMBER> Trn:12452 Dt:14-05-23 <NAMED_ENTITY> to CNB Cls:3E <US_DRIVER_LICENSE>-<US_DRIVER_LICENSE> Chart Prepared For Enquiry/Complaint/Assistanceplease dial 139 <LOCATION>,English,others,authority,indian railway,,2f313031afd61378,0.3383510364130234,0
9:28 PM,Payment to you NA ₹150 Paid : <DATE_TIME>,English,others,,,,826e4ebaf763465f,0.3389377500954988,0
"Thursday, 31 March 2022 16:41","from British Gas. Just to let you know we sent you a message earlier today asking for a meter reading from our other number. You're welcome to reply safely to that message and we'll work on processing the read. Thanks, your British Gas team",English,telecom,authority,british gas,,07fe9071415d9628,0.33897658637857747,0
"08:47, Tuesday, 21 June","[<Arak>]Your Verification Code is <US_DRIVER_LICENSE>, valid for <DATE_TIME>. Please keep it confidential, make sure it is done by yourself.--[MMelon]",English,others,"authority,distraction",mmelon,,f2fccd770727f9bf,0.33905881730082105,0
Today 16:02,Dear Ramesh Why is HDFC Bank FD the Most Trusted investment? 1. Safe & secured 2. Guaranteed returns 3. Get up to 90%* of the FD value online instantly Open Now: <URL> 47H4N22XX6Ah *T&C apply,English,banking,"authority,need and greed",HDFC Bank,,522d17ed852876a4,0.3390910251861961,0
"Nov 21, 2017 at 5:22 PM",ATT Free Msg: Don't miss out! Download the <NAMED_ENTITY> app and Photo Storage app at <URL>,English,telecom,"authority,time/urgency",att,,0c3c0b800ab4e017,0.3395647894643908,0
"Oct 7th, 2021","Hi, is this house still available http",English,wrong number,,,,a8b74dca1670c93a,0.3396373414583793,0
2 min,Congratulations 80XX You are eligible for 75% Discnt on Covid19 AntiBody Test done @ur HOME Test Worth <DATE_TIME> Here,English,others,"need and greed,time/urgency",,,bc79b8e2bebc21a0,0.3398625452487191,0
Yesterday 5:02 PM,Load confirmation on the app! <URL> (link expires) Booking <PHONE_NUMBER> PIN 7558,English,others,"authority,time/urgency",booking.com,,73f3235508de2ba3,0.34036801008539624,0
"Tuesday, today",Thanks for your order Air Hawk PRO £29.99 if its not you please visit:,English,delivery,"distraction,time/urgency",air hawk pro,,cafe25b3ca189af7,0.34063610075777284,0
,"Hello!You have 5624 MB ""Telkom Mobile Night Surfer data"" available. 5624 MB will expire on <DATE_TIME>.",English,telecom,distraction,telkom mobile,,92636f43d67f42b3,0.34077154245179214,0
Today 10:34,NZTA A vehicle registered in your name recently travelled on a toll road and the toll has not been paid. More details: <URL>,English,government,"authority,time/urgency",nzta,t.ly,a880ebf19b25422d,0.34097863973645526,0
09:03,Your application for the Cashier position is successful! Click here for more info about the position-<URL>,English,others,"need and greed,time/urgency",dischem,,21c15941eef69f49,0.3411675798864431,0
10:00 AM,"Approval in <DATE_TIME> and loan credit in <DATE_TIME> You are one click away to get pre-approved loan of Rs. 5,000/- Click: <URL>",English,others,"need and greed,time/urgency",,,7c8d67a8bfcb7df9,0.34120380849716436,0
11/05/2023 13:53:21,The complaint <US_BANK_NUMBER> submitted by you at <NAMED_ENTITY> is forwarded to <LOCATION>. You may contact the Jubilee Hills <PHONE_NUMBER> for further followup with them. Regards National Cybercrime Reporting Portal.,English,government,"authority,time/urgency",national cybercrime reporting portal,,37eccc5f481189b6,0.3412880690269997,0
"Sunday, 5 September 2021 17:12",NHS: We've recently checked and we can see you are eligible for a pass proving you have been vaccinated. You can apply for this here: <URL>,English,government,"authority,time/urgency",nhs,,75b51e5f2f0c59cb,0.34137268127751186,0
Mon 28 Nov at 8:03 PM,You can call back <PHONE_NUMBER>. They are now available to take calls. Track details of all these calls on Airtel Thanks App,English,telecom,authority,Airtel,,629ed90d0774d255,0.34148233220199037,0
10:24 AM,"Why are you not picking the phone call? After taking money, you don't pick up phone. Response quickly. <NAMED_ENTITY>You must call back to confirm your step about the decision of refund. <NAMED_ENTITY>You must call back to confirm your step about the decision of refund. <NAMED_ENTITY>You must call back to confirm your step about the decision of refund. <NAMED_ENTITY>",English,others,"distraction,time/urgency",manoj jha,,0440199826587339,0.3415065443150623,0
5:10 PM,"FRM:9265-[Fedex MSG:cwvkd-Reschedule <URL> package was returned to repository, because we couldn't contact you.",English,delivery,"authority,time/urgency",fedex,,4c907189ff3397f4,0.34158107644961694,0
Friday 16:31,"Pay all arrear Emfuleni Munic. pmts into: STANDARD BANK,<LOCATION>,AccName:MBD EMFULENI TRUST ACCOUNT,Acc#<US_BANK_NUMBER> ,Branch Code:<US_DRIVER_LICENSE>. MBD: !(<DATE_TIME>. Ref: <DATE_TIME>",English,banking,authority,standard bank,,d760b028b132169b,0.34167135281028493,0
12:46,Cashmemo 5-<US_BANK_NUMBER> of amount Rs. 615 generated for booking no. 2-<US_BANK_NUMBER> shall be delivered shortly. please share the OTP Number 3181 at the time of delivery.,English,delivery,"authority,distraction,time/urgency",,,317859c86e2bdade,0.3418681041411433,0
22:10,Google blocked someone with the password for <EMAIL_ADDRESS> from signing in to the account. Learn more: <URL> signins,English,others,authority,google,,02808edcfa2d223f,0.34196284192774395,0
16:31,<NAMED_ENTITY> this side from Reliance jio your recharge now pending & no response your side so your <NAMED_ENTITY> number processed for Deactivation now so check your number after some time deactivate now,English,telecom,"authority,time/urgency",Jio,,f616aed6c48c2a47,0.3421769491588726,0
11:09,2nd reminder: you have (1) Tesco package waiting since <DATE_TIME>. Please check and confirm: <URL>,English,delivery,"authority,time/urgency",tesco,,e5170a80921aec5f,0.3422406551136983,0
Today 22:34,"HALIFAX: You have successfully scheduled a payment of £69.99 to payee MR <NAMED_ENTITY>. If this was NOT you, visit: <URL>",English,banking,"authority,distraction,time/urgency",halifax,,e878b2fd79cf4ae6,0.3423307877629153,0
07/06/2021 3:27PM,Confirm payment collection,English,others,,,,ba8cc1e1b4f78776,0.3425937057570149,0
02:06,<US_DRIVER_LICENSE> is your <NAMED_ENTITY> for verification of phone number with <LOCATION>. It is ...,English,banking,authority,unacademy,,09f38911aae15756,0.34280819657603345,0
Today 13:07,"HSBC: A payment was attempted from a new device. If this was not you, please visit: <URL>",English,banking,"authority,distraction,time/urgency",HSBC UK,,95eaa6845e96250d,0.3428122766797982,0
Monday 9:42 AM,"Hey <NAMED_ENTITY>, i'm <NAMED_ENTITY>, I flip 🏡🏡! Would you be selling 359 N M St in the near future? Reply STOP for opt-out.",English,others,,,,567854ea9320cc2b,0.34294040557272243,0
"Monday, 25 May 2020 8:46 pm",UPSC CSE Important Notification released all aspirant are advised to check click on <URL>,English,government,"authority,time/urgency",UPS,bit.ly,896a07888f8e3e39,0.3431398667331416,0
17:55,"NATWEST: You have successfully set up a new payee 'MRS A <NAMED_ENTITY>' on 17/05 at <DATE_TIME>. If this was NOT you, please visit: <URL>",English,banking,"authority,time/urgency",natwest,,7d5a03d2fef2a840,0.3431726394387621,0
Today 2:28 am,State-Transport: We noticed one trip record where we were unable to charge the amount due to the lack of funds. Pay manually to avoid extra fines.,English,others,"authority,time/urgency",state-transport,,9731896a76e617f9,0.3431800764262534,0
12:54,[U.S. Postal Service] We're sorry to let you know that your package could not be delivered. To reschedule a delivery please visit,English,delivery,"authority,time/urgency",us postal service,bit.ly,939dc704e9a37775,0.3432015104128995,0
Tuesday 07:26,"NEWS FROM <NAMED_ENTITY>** : In compensation for the trouble you had on <DATE_TIME>, we’re sending you $50.00 CAD. Find it at : <URL> *Data rates may apply.",English,telecom,"authority,distraction,need and greed,time/urgency",fido,bit.ly,4083963f858cf3b2,0.34323507696379085,0
,"Every four digital currency holders in the world! There is a financial user who is Bilbao Newcomer benefits, up to 500 USDT Official website registration:",English,others,"herd,need and greed",,,acfde0ced243cdbf,0.34338665807217705,0
Today 20:54,"Royal Mail: Your package has a £2.99 unpaid shipping fee. To pay this now visit: <URL> If not paid, parcel will be returned.",English,delivery,"authority,time/urgency",royal mail,,ec99281df377154f,0.34347921456476,0
,"Your shipment #<US_DRIVER_LICENSE> could not be delivered. To reschedule, proceed below:",English,delivery,"distraction,time/urgency",,,103493bcf9728aab,0.34357110426869053,0
11:12,"*INTERVIEW INVITATION* Dear applicant.409489BMPW2021 We would like to invite you to come and attend your interviews. Company: City of Ekurhuleni Municipality Location: <LOCATION>, <LOCATION> Date: <DATE_TIME> Time: <DATE_TIME> NB* Applicants must bring: Original ID, Employment form and access code. To confirm your availability and for Employment form and access code Contact Mr <NAMED_ENTITY> on <DATE_TIME> Acceptance of Appointment must not be later than <DATE_TIME>",English,government,"authority,time/urgency",city of ekurhuleni municipality,,cb85a6f5fe3e1186,0.3435744788689472,0
Thu 11:54PM,"I am <NAMED_ENTITY>, I want to tranfer My Fund for Charity to help Poor & Less privileged in your country <LOCATION> through Your Help Detail cont: <EMAIL_ADDRESS>",English,others,kindness,,,f11f9efe0091bf66,0.3435937425331421,0
1:44 pm,"Quick Reply:I am Mrs. <NAMED_ENTITY>, I Have Something Important To Discuss With You. Please <NAMED_ENTITY> With This Email: <EMAIL_ADDRESS> ,It's Very Urgent.",English,others,"distraction,kindness,time/urgency",,,9109a3d606537003,0.3437026799188963,0
11:28 AM,"Let’s take care of this right away. We temporarily locked your card to help keep your account safe. Sign in below to find out how to report any purchases you didn’t authorize (including this one), and then we’ll send you a new card. FYI, any unauthorized",English,banking,"authority,time/urgency",,,cf579b041a72990f,0.3437327938156987,0
07:22,Refill booking no:<URL> dist clrd Booking upto <URL>y on <LOCATION> and get upto Rs 900 back. <URL> TnC. BPCL @PayTmcare reply We request you to kindly share the offer screenshot of the offer against which you have concern to get this checked.,English,banking,"authority,distraction,need and greed","Paytm,bpcl",,da098f77b1a5edf9,0.34375521546879695,0
"20:36, Sunday, 10 October 2021",EA774980313UK is ready to be dispatched. Please settle the 2.99 (GBP) shipping fee via:,English,delivery,"distraction,time/urgency",,,d2bd1402c9f27971,0.343910925110253,0
Yesterday • 23:38,PostOffice: Sorry we missed you <DATE_TIME> at <DATE_TIME> on <DATE_TIME>. Please update the system via: <URL>,English,delivery,"authority,time/urgency",postoffice,,38bb0c588b5106c8,0.3439402277787433,0
"Tuesday, 4 May 2021","Dear <NAMED_ENTITY>, stay financially secure with a MoneyTap Credit Line of Rs.<US_DRIVER_LICENSE>. Get pre-approved in <DATE_TIME>: <URL>",English,banking,"authority,distraction,need and greed,time/urgency",moneytap,,6bcc9a2505b79de7,0.3440263004905321,0
6:09 PM,"Dear Candidate Following your success at the Npower test, you are hereby invited for an interview with details as follows: Date: <DATE_TIME> Venue: <LOCATION>, 9 <NAMED_ENTITY> Street, Ilupeju Estate, Close to <LOCATION>, <LOCATION>",English,others,authority,npower,,1d62ee97c6b4cf7f,0.3440331287439886,0
7:00 PM,"Your bill is paid for <DATE_TIME>. Thanks, here's a little gift for you: <URL>",English,others,need and greed,,,ba75ffac274129e7,0.34404457670796473,0
"Nov 11th, 2022",This is your fb pg,English,others,,facebook,,a94addf2344507b8,0.3442237505434377,0
12:22,Thank you for ordering with Pizzahut. Please rating us at <DATE_TIME>,English,others,"authority,distraction",pizzahut,,ee27a08dbbbfd319,0.3442441850246546,0
"Jun 14, 9:19 AM",Pay $40 for full vehicle insurance. Limited-number of proposals. Hurry and click: <URL> Reply END to unsubscribe,English,others,"need and greed,time/urgency",,,a0a83aa4fd4a5b8c,0.3444724995958757,0
Today 7:33 PM,"We tried delivering your parcel, but found no one at your address. Reschedule a delivery to avoid having the parcel sent back:",English,delivery,time/urgency,,,171dafaa718ba5c1,0.3445336313379381,0
12:37 PM,You have one notification from HM RC: <URL>,English,government,"authority,time/urgency",hmrc,bit.ly,d2bcb34d6289bd9c,0.34457934147666613,0
03:48 PM on 05 Apr 2023,Pay To BharatPe Merchant,English,others,,bharatpe,,3b04dde19c5849bb,0.3447766822405928,0
8/6/18 11:01,Your Verizon bill is now available. Watch a quick personalized video about your bill at,English,telecom,authority,Verizon,,ed9cf749ca635b35,0.3448300419264702,0
10:36 PM,Stock with Retailer(<US_DRIVER_LICENSE>) of your last purchase as on:<DATE_TIME> Agency Name :IFFDC Mubarikpur Product | Qty(in 50 Kg Bags) Urea (45 Kg Bag) | 468,English,others,,iffdc mubarikpur,,dda1de4cfeada2d6,0.3448791978804487,0
2:18 PM,SMS charged at N <URL>in Bal: <US_DRIVER_LICENSE>.62.Dial *123*1# for bonus bal. Watch <NAMED_ENTITY> in many ways to die in <LOCATION>. Sms TP to <DATE_TIME> now.,English,telecom,need and greed,,,c1f7ea650e6bbbab,0.3449926897264422,0
8:35 AM,GOOD NEWS FOR <NAMED_ENTITY> USERS <NAMED_ENTITY> is giving free 10<LOCATION> daily for <DATE_TIME>. Download JioData app and enjoy now.,English,telecom,"authority,need and greed",Jio,tiny.cc,058cfd9bc895df40,0.34502169766296226,0
"Wed, Feb 8 at 10:16 AM",<US_DRIVER_LICENSE> is your Amazon OTP. Do not share it with anyone If you didnt make this request login to verify below Otherwise ignore this message. Amazon Team,English,others,"authority,time/urgency",Amazon,,155dd3657cd9200e,0.345068490261311,0
now,"AT&T Free Msg: Apologies for the signal issues on <DATE_TIME>, <NAMED_ENTITY>! Here's a little reimbursement: <URL>",English,telecom,"authority,distraction,need and greed",at&t,,001ac81fa338a396,0.34510133000136584,0
Friday May 12  5:12 PM,PNR-<PHONE_NUMBER> Trn:11107 Dt:12-05-23 Frm GWL to CKTD Cls:SL <US_DRIVER_LICENSE>-<US_DRIVER_LICENSE>-WL1 <US_DRIVER_LICENSE>-WL2 <US_DRIVER_LICENSE>-WL3 <US_DRIVER_LICENSE>-WL4 Chart Prepared For Enquiry/Complaint/Assistanceplease dial 139 <LOCATION>,English,others,authority,indian railway,,14ed02a2a26b02b6,0.3451117522085229,0
4:58 am Friday 20 January,Linkt: Your E-tag payment on <DATE_TIME> was not charged. Check <URL>,English,others,"authority,time/urgency",linkt,bit.ly,5009be2f61ea59d9,0.34516402039339034,0
"Monday, Today","*INVITATION LETTER FOR ATTENDED* Dear applicant We would like to invite you to come an attend. Venue: <LOCATION> Address: <LOCATION>, <NAMED_ENTITY>, <DATE_TIME> For acceptance of appointment must not be <DATE_TIME>. NB: Please contact HR officer <NAMED_ENTITY> on <DATE_TIME> to book for an attended. Kinds regards: <LOCATION> Airport.(SAA)",English,others,"authority,time/urgency",lanseria international airport,,5f05d1d61996da0e,0.34526033778040477,0
19:08,Great news! Your new Sky box is on its way and will arrive in <DATE_TIME>. Once you've set it up you can visit <URL> to link your card to your box.,English,telecom,"authority,time/urgency",sky,,762d30bb0bcdfe2e,0.3453384777032102,0
Today 10:43,"<URL>:-> IRS is filling lawsuit against you, for more information follow> <URL>ine now",English,government,"authority,time/urgency",IRS,,2d9b6221f9792890,0.3454251575618314,0
7:43 pm,Please be advised that you are required to complete a full identity check to keep yo...,English,others,"authority,time/urgency",,,698fc581512f6ad7,0.34553568215908576,0
04 Feb 23,Your Credit Card number XXXXXXXX is returned undelivered and hence will be destroyed on <DATE_TIME> as a prescribed action.,English,banking,time/urgency,,,ef2ad05f6e2d3f22,0.34554635420901736,0
04 Feb 23,Your Credit Card number <NAMED_ENTITY> is returned undelivered and hence will be destroyed on <DATE_TIME> as a prescribed.,English,banking,time/urgency,,,b27e5e9e9a89e5b5,0.34554635420901736,0
2:05 PM,"BPNL Vipnan Vibhag Vacancy-2021, Job in Your Area, 3216 Posts, Online Apply Click <URL> <DATE_TIME> 15 February 2021",English,government,"authority,time/urgency",bpnl,,bc4437b817783f81,0.3455617044600829,0
Thursday • 16:52,"The DStv Call Center will be open <DATE_TIME> on Sun 21 Feb and <DATE_TIME> on <DATE_TIME> <PHONE_NUMBER>), FB and Twitter will be available for DStv queries.",English,telecom,authority,dstv,,ab49814a87c55078,0.34558788451493355,0
,Inland Revenue Authority of Singapore: Important information failed deliver try again urgently to avoid penalty,English,government,"authority,time/urgency",inland revenue authority of singapore,bit.ly,2c9be2cdcbf6f405,0.3455968088826301,0
6:56,"So you are hereby called upon to withdraw said sms for Rs.130/- otherwise it will be very costly for you if any such amount has been deducted from my account. Earlier you have fraudulently deducted Rs.118 on <DATE_TIME> and Rs.65 on <DATE_TIME> which you have still not refunded on the contrary, asking for said fraudulent amount of Rs.130/- Since <DATE_TIME>, I am ignoring to Lodge FIR / Complaint against you but now it is too much to tolerate you. It is my last warning to you if said amount is deducted from my Account and above said amount Rs.118 and Rs.65 are not refunded to me than I hereby sure that I will also Lodge FIR / Complaint against you for doing such fraud as well as I will also file Petition to Cancel your License. Which you please take serious note of it.",English,others,dishonesty,,,d40683c16f5f1a18,0.34577233975719046,0
12:39 PM,<NAMED_ENTITY> for <NAMED_ENTITY> (<US_DRIVER_LICENSE>) is <US_DRIVER_LICENSE> (valid for <DATE_TIME>),English,government,"authority,time/urgency",aadhaar,,4c08212327171506,0.34594889232329457,0
10:49,"Hello!! Congratulations! You are randomly selected to get $2000 in $ETH Do all the checks in this link 👇 <URL> Once everything is done, go back and send a screenshot of everything that happened and say ""DONE"". We will re-raffle the prize if the winner verification listed in the link is not completed. Don't miss out on this opportunity as it is randomly selected in our system. Good luck !!!",English,others,"herd,need and greed,time/urgency",,,c2308c4efd1491e3,0.3460568172395474,0
,"Your cyl is delivered with invoice no. <URL> eInvoice & give feedback <NRP> Order for Cons No 2065 is registered with Ref <URL>fill delivery <DATE_TIME>. Pay online at <URL> .Be Home, Your cyl is delivered with invoice no. <URL> eInvoice & give feedback <URL>",English,delivery,"authority,distraction",indian oil,,861bf9a2c0947b2b,0.3460898421842434,0
"Saturday, Jan 11, 2020 • 15:03","<NAMED_ENTITY> Happy new year! Saw your number on your profile, shows you live close to me :) Lets chat <URL> sPldg93jsOW7 Add me here",English,wrong number,"distraction,kindness",,,ed3f1e31ceff288f,0.34619583518666924,0
"Friday, 12:09","Thank you for helping us with the requested details, <NAMED_ENTITY>. Be assured, we'll be contacting you over the call/email in <DATE_TIME> to assist you further. Your patience is much appreciated. ^DG",English,others,"authority,distraction",,,bed52496a75a4879,0.3462143784002088,0
"Thursday, 19 April 2018 14:56",Sorry but Internet Banking isn't available <DATE_TIME>. You won't be able to log in from <DATE_TIME> until <DATE_TIME>. Find out more at <URL>,English,banking,"authority,distraction,time/urgency",tsb bank,,5c8b0d041e034d99,0.3462359448919116,0
Today 07:50,LinKt reminder: Your unpaid toll bill $6.95 need to be paid <DATE_TIME>. Click <URL> for details. Thanks.,English,others,"authority,distraction,need and greed,time/urgency",linkt,,cdcff436040656bf,0.3464065019353491,0
Today 11:57 AM,"Greetings, CVSpaharmacy wants your participation for our official survey. Everybody that answers this get a no cost product",English,others,"authority,distraction",cvs pharmacy,,471744ba7bb0e215,0.3465530954868419,0
2020/11/29 5:46,"Withdrawal request from new Device, (IP <LOCATION>, <LOCATION>). View, Edit or Cancel: <URL>",English,banking,"authority,distraction,time/urgency",ledger,,190de6254b8cbc27,0.3466621485243519,0
10:03 PM,"We removed your facebook post because contains abusive content, visit: <URL>",English,others,"authority,distraction",facebook,,5763f72c14aabe96,0.34668399560817154,0
,Okay wait when I add you you will receive code on your SMS message you will send me the code to confirm it here okay,English,others,,,,85cc785e79363c3b,0.34669191847932945,0
,Buy iPhone XS Max 128<LOCATION> at 2500 Rs Only. Order Now : <URL>,English,others,"need and greed,time/urgency",apple,bit.ly,ddb245407e0e5c87,0.34673059840054105,0
,Your couri i er a rrived! <URL>,English,delivery,"distraction,time/urgency",govindagroupvanshconsulting,,b9a5fea62f254424,0.3468608037450513,0
19:14,"Dear A, Please visit <URL> website and update <NAMED_ENTITY> firmware as the previous one has a bug with the risk of losing assets",English,others,"authority,distraction,time/urgency",ledger,,f4ce89261effa9d9,0.34693139506112786,0
18minin a Vodafone,Dear [REDACTED] Please visit <URL> website and update <NAMED_ENTITY> firmware as the previous one has a bug with the risk of losing assets,English,others,"authority,distraction,time/urgency",ledger,,b52e0a1b5c52cc99,0.34693139506112786,0
il y a 1 mn,Dear <NAMED_ENTITY> Please visit <URL> website and update <NAMED_ENTITY> firmware as the previous one has a bug with the risk of losing assets,English,others,"authority,distraction,time/urgency",ledger,,8cefc4c7932f5d3e,0.34693139506112786,0
"21:05, 28. Oktober 2020",Dear Please visit <URL> website and update <NAMED_ENTITY> firmware as the previous one has a bug with the risk of losing assets,English,others,"authority,distraction,time/urgency",ledger,,bc965a6de02e9ae9,0.34693139506112786,0
20:59,Dear <NAMED_ENTITY>: Please visit <URL> website and update <NAMED_ENTITY> firmware as the previous one has a bug with the risk of losing assets,English,others,"authority,distraction,time/urgency",ledger,,934f2d682c9997cb,0.34693139506112786,0
11:26 PM,"AT&T Free Msg: Latest bill processed. Thanks, <NAMED_ENTITY>! Here's a little freebie for you: <URL>",English,telecom,"authority,kindness",at&t,,3f38e73b8421b924,0.34695798594791966,0
Today 5:39 PM,Hey As an appreciation for being an HDFC Bank customer you can take advantage of this special pre-approved Credit Card without documentation. Check here: <URL>,English,banking,"authority,need and greed",HDFC Bank,,157b5fa0195cd4fa,0.3469914308446861,0
Yesterday 9:49 PM,"<NAMED_ENTITY>, <DATE_TIME> is looking for Rs. 25,000 - 3-BHK House in <LOCATION> , <LOCATION>",English,others,,,,85b7e7dbf0b94fcf,0.34701235261116226,0
Yesterday 18:54,LLOYDS BANK: You have set up a new payee MRS <NAMED_ENTITY> account ending in 4967 at 23/01 at <DATE_TIME> If this was NOT you cancel immediately via,English,banking,"authority,time/urgency",Lloyds Bank,,8e5f7d508d451566,0.34708929348217293,0
['1-23 7:30 PM' '1-24 9:25 PM' '1-25 8:22 PM'],['<US_DRIVER_LICENSE> is out for <URL>z share SMILE CODE (8991) with Dly Agent for Zero C...' '<US_DRIVER_LICENSE> is out for <URL>z share SMILE CODE (<DATE_TIME>) with Dly Agent for Zero C...' '<US_DRIVER_LICENSE> is out for <URL>z share SMILE CODE (5343) with Dly Agent for Zero C...'],English,delivery,"authority,time/urgency",,,b227a55bb71c7704,0.3471321227553714,0
"Jul 11, 3:08PM","Hi, this is Research-Polls! Share your opinions by taking this survey about issues in <LOCATION>: <URL> Not interested? Reply STOP.",English,others,,research-polls,,ae7ed6da45edcda7,0.34723356758045354,0
6:59 PM,"This OTP is for login. DON’T SHARE IT WITH ANYONE, even to Gojek, or they’ll be able to use your account. OTP: 1615 . <URL> 4PKeZqV9ubl",English,others,"distraction,time/urgency",gojek,,989bc496fbf95a7d,0.34736715019880055,0
Today 8:56 AM,We tried to deliver your parcel but there was no answer. We ask for you to reschedule a date.,English,delivery,"distraction,time/urgency",,,4b4521c9f1319d46,0.34743802753825603,0
Yesterday 15:27; Today 12:26,"We suspect someone is Logged into your Paypal without your knowledge, Confirm your identity and change password",English,banking,"authority,distraction,time/urgency",PayPal,,99d5ee89c3bcef45,0.347470840133751,0
9:41,My name is <NAMED_ENTITY> i want to transfer my fund to you to help poor people in your country for charity purpose contact me in my email : <EMAIL_ADDRESS>,English,others,"dishonesty,kindness",,,81bc2b2ec1459056,0.34750650289520374,0
7/3/2022 8:38 PM,Pickup Completed : Pigeon Favourite IC 18... with tracking ID FMPR03038800900 from <URL> was picked up by an EKART wishmaster <DATE_TIME>. Click to give feedback: <URL>,English,delivery,"authority,time/urgency",flipkart.com,,74c81088c99cff8f,0.3476018379630258,0
Today 2:20 am,Bus reminder: Your bus cocaine has a debt that has not been processed for a long time and will be suspended from <DATE_TIME>: <URL>,English,others,time/urgency,,,1386aa46184be9c2,0.3476802792198625,0
Today 13:31,We have noticed an unusual login attempt. If this was not you please visit: <URL>,English,banking,"authority,distraction,time/urgency",Revolut,,fe1d0bd4586dc652,0.347717619675176,0
4:59 PM,Your one-time password for authorization is <DATE_TIME> for loan a/c P6R8GLD0357012.,English,others,,,,02f1660869ef70d8,0.3477231508715995,0
Today 01:19,Microsoft account single-use code: <US_DRIVER_LICENSE>,English,others,authority,microsoft,,c21dd0fb3e1a2ffe,0.34773899975862305,0
15:22,NHS Test and Trace has identified you as a contact of someone who recently tested positive for Omicron. You must book a home test kit: <URL>,English,government,"authority,distraction,time/urgency",nhs test and trace,,fb04dda3f2738c45,0.34778701709580556,0
,HSBC: A New Payee request was created from an unrecognised device. <NAMED_ENTITY> or Cancel this request via: <NRP>,English,banking,"authority,distraction,time/urgency",HSBC UK,,015596813397aaff,0.3479367725779138,0
"Sat 10 Apr, 11:21","HERMES: Sorry We Missed You Earlier, We Have Your Parcel, To Book A Redelivery Follow <URL> Or It Will Be Returned To It's Sender",English,delivery,"authority,time/urgency",hermes,,e217c3cdba10fb04,0.34793795518574283,0
20:21,We could not deliver your Bajaj Finserv RBL Bank Supe... vide AWB No. <US_BANK_NUMBER> as we were unable to reach you. For Feedback visit <URL> - Delhivery,English,delivery,"authority,distraction"," delhivery,bajaj finserv rbl bank",,d2725d8dd103dd3a,0.34802205720805485,0
17:26,"HSBC: A payment was attempted from a new device. If this was not you, please visit:",English,banking,"authority,time/urgency",HSBC UK,,f349e0edca6dfe36,0.34814484332828766,0
Today 10:33 am,We received your payment! We will thank you with a nice gift :,English,others,need and greed,,,d3e9c693d345c38a,0.3482490660441094,0
"Saturday, 12 November 08:26","SUPPORT -TINUBU A.P.C SO YOU CAN BE ALSO SUPPORTED WITH 70,000 CALL <PHONE_NUMBER>",English,others,"authority,need and greed",,,3ddf76ab2286426f,0.34828544285174584,0
,"SMS is a scam. Please note that if you get an SMS with a 9 number TymeCode it is a scam. We also would not send customers an SMS requesting them to click a link and put in their details to redeem a SendMoney voucher. Please do ignore, block or delete the number and remember to not give out your.",English,others,authority,tymecode,,24b1880f7af78f48,0.3485085003460496,0
Tuesday 1 December 2020 08:47,"We have attempted to deliver your package UPS016448296<LOCATION>, but there is an unpaid customs charge. Follow the instructions here: <URL>",English,delivery,"authority,time/urgency",UPS,,39e980b2752d1cc5,0.3485226005210621,0
12:53 p.m.,TDAle rt#7077J9816: Card starting with 4724 is blocked. See to unlock:,English,banking,distraction,,bit.ly,c46a5c918bf8a51d,0.34854087127102956,0
"Sunday, 8 December 2019","For activating Disney Stories at 0 for <DATE_TIME>, share (OTP) Rs.51 will be charged/month $FREEDAY$$ days.",English,others,need and greed,disney,,6a6dea9c8d97bb0c,0.348692093224438,0
12:10 PM,BUY 500 SHARES OF VARDHMAN POLY IN NSE @ 76.50 SHORT TERM TGT 95 & 1 WEEK & MONTH TGT 125. ARVIND MILLS BUYING 35% BUSINESS OF VARDHMAN. NEWS SOURCE: CNBC TV18,English,others,"authority,need and greed","arvind mills, cnbc tv18,vardhman poly",,ef215236fe78c930,0.34877556311207464,0
,Hi <NAMED_ENTITY> you have contacted Boys and Girls PG - <UK_NHS> for a room PG in VelacheryChennai. Kindly avoid making any payment before doing your due diligence. Magicbricks,English,others,,magicbricks,,872f72f7f7fa7a3a,0.3488297760021959,0
7-2 2:13,"Hello! Your 3G/4G Data pack is valid for <DATE_TIME> and will end on <DATE_TIME>. To buy a Data pack, dial *121#",English,telecom,time/urgency,,,c12e956c4332200a,0.3489393330923162,0
11:27 AM,"%first_name% I just left you a voicemail! This is InsureaLife, local medicare advisors. I have your medicare file in front of me for coverage in %city%, %state%. Call me back ASAP at <PHONE_NUMBER>",English,others,authority,insurealife,,28f0b9b907dde771,0.3489520382656955,0
8:02 pm,IMPORTANT- Update: <URL>,English,others,time/urgency,,,593075d61dae3af2,0.3491988141743268,0
2022-07-22,AN POST: Your package has a €1.90 unpaid fee. To pay this visit <URL> . If this is not paid the package will be returned.,English,delivery,"authority,time/urgency",an post,,0e46663758af4af6,0.3492307164766915,0
,AN POST: Your package has a €1.90 unpaid fee. To pay this visit <URL>. If this is not paid the package will be returned.,English,delivery,"authority,time/urgency",an post,,a0a1ea34261ac366,0.3492307164766915,0
11:04,<DATE_TIME>. This is my 2nd SMS to you concerning the Funds/Estate of your deceased relation. Kindly <NAMED_ENTITY> me ASAP on: <EMAIL_ADDRESS> for details. Mr <NAMED_ENTITY>,English,others,"need and greed,time/urgency",,,49b404673d8ab7f0,0.3497277570225717,0
Today 3:50 pm,Hi it's <NRP> here. Your unpaid toll bill $6.95(incl GST) Will due on <DATE_TIME>. Please pay on <URL> Thanks.,English,others,"authority,time/urgency",linkt,,32ad4305c5c1c775,0.3497607049873387,0
15:27,Get CASHBACK of <US_DRIVER_LICENSE> on recharge of <US_DRIVER_LICENSE> or more on VC <URL>ter recharge give MissedCall on <PHONE_NUMBER> frm RMN within <URL>lid for <URL>C,English,others,"need and greed,time/urgency",,,7e299851966ecb80,0.3498013646790491,0
"Today, 12:49 PM","Hi, you might have received an SMS from sender ID DSHSMS regarding an income tax refund. We would like to alert you - Please do not proceed with any payments or strictly do not share any confidential/personal details unless you know the sender very well. This might be a Fraud SMS. Thank you!",English,government,"authority,distraction",dshsms,,388e884f74fbfd3b,0.3498179399844244,0
Today 14:32,Dear <NAMED_ENTITY> We're excited to inform you that you can now avail the HDFC Bank Personal Loan of Rs.0.9 Lacs and turn your dreams into a reality. With this offer you can get the money you need without any documentation hassle. Achieve your financial goals starting <DATE_TIME>.,English,banking,"authority,need and greed",HDFC Bank,,dcb9be3c199858e3,0.34988347197408787,0
"Wednesday, 29 June 08:41",A payment was attempted to a new Payee on 29/06 at 08:41. If this was NOT YOU visit urgently:,English,banking,"authority,time/urgency",,,ea4289f7d4bb45d8,0.3500731496460746,0
17:06,Dear Mr. Check your details here: <NAMED_ENTITY> Thank you for choosing us.,English,delivery,authority,royal mail,,e58a71fe8beb4c74,0.3501248829529974,0
Today 6:34 PM,"ATT Free Msg: <DATE_TIME> bill is paid. Thanks, Here's a little gift for you: <URL>",English,telecom,"authority,distraction,need and greed",at&t,,a0fcf2628a349de3,0.3501434081822335,0
4:54 PM,"Verizon Free Msg: <DATE_TIME> bill is paid. Thanks, <NAMED_ENTITY>! Here's a little gift for you: <URL>",English,telecom,"authority,distraction,need and greed",Verizon,,ad4cade023632e3f,0.3501434081822335,0
Today 1:19 PM,"Shopee invites you to experience online earn commissions WFH, Daily Earnings $260 no time limit, free for work Kindly PM <NAMED_ENTITY>: <URL>",English,others,"distraction,need and greed",shopee,wa.me,20b9f22ed57ff2c6,0.35031975489296363,0
,Dear Consumer Your Electricity Power Will Be Disconnected. at <DATE_TIME> at <DATE_TIME> form Electricity Miliary Cause More Information Contacted <DATE_TIME>,English,others,time/urgency,,,e6642615fc4d521e,0.35041963059296793,0
11:46 AM,Your AMAZON package with AWB <CREDIT_CARD> will be picked <DATE_TIME> by agent <NAMED_ENTITY>,English,delivery,"authority,distraction",Amazon,,d0c40fc8b21dc864,0.35045887737071524,0
11:57 AM,Your <NAMED_ENTITY> is: <US_DRIVER_LICENSE> Note: Please DO NOT SHARE!,English,others,authority,gaana,,cfde4b5ddcf32fb0,0.35061237118079164,0
"Jan 31st, 2021",A City Alert: COVID VACCINE APPOINTMENTS OPEN NOW FOR HEALTHCARE WORKERS & PERSONS <DATE_TIME> AT <LOCATION> SITES. Sign-up/Espanol aqui <URL>,English,government,"authority,time/urgency",la city,,033b05737885efb3,0.35076299718233656,0
2022-03-10,"You have sent a payment of $199.99 to <NAMED_ENTITY>. If you did not authenticate this transaction, check here",English,banking,"authority,time/urgency",,,373dac5cccd558c6,0.35087834076112384,0
"Tuesday, 23 March 2021","RoyalMail: Your package has a £1.99 delivery fee, pay this at: <URL> . Failure will result in package being returned to sender.",English,delivery,"authority,time/urgency",royalmail,,4917118a900c2cc6,0.3508878756114999,0
Today 7:26 pm,"<LOCATION>: You have set up a new recipient on <DATE_TIME> at 19:14. If this was NOT you, immediately visit: <URL>",English,banking,"authority,distraction,time/urgency",halifax uk,,34bb3106452f3f24,0.35089821076909894,0
12:34,RA85KTU149 <URL> have received <NAMED_ENTITY> from FADHILI KATANA on <DATE_TIME> New M-PESA balance is ksh (LOCKED). Dial *334# & join POCHI <LOCATION> BIASHARA,English,banking,"authority,need and greed",m-pesa,,e9f79526b55da61c,0.3509563718930873,0
2022-08-05,Our services were severely disrupted <DATE_TIME>. We're compensating everyone affected with a $50.00 CAD indemnity. Sorry for the inconvenience we may have caused you.,English,others,need and greed,,,fda953da34123ce6,0.35109057066892674,0
09:07,"VATHSALA AGENCIES. Sir/Madam, Mandatory inspection person visiting shortly at your home for safety inspection charges, RS 200+36(GST)=236. Ph.<PHONE_NUMBER>",English,others,"authority,distraction",vathsala agencies,,df2880ef2100929d,0.35127566135096383,0
"Saturday, 14 April 2018 2:28 pm",Dearest please contact me on this mail: (<EMAIL_ADDRESS>) immediately It's a matter of urgency,English,others,time/urgency,,,d2c65c8092a15976,0.35129647094740646,0
Today 07:22,"Your ValueAddedRewards <US_DRIVER_LICENSE>,6 debit will run <DATE_TIME> sold by Value AR <US_BANK_NUMBER> ref VARVH00000VAR000 <URL>spond for help",English,others,"authority,time/urgency",valueaddedrewards,,ed353fe65b3b6767,0.3513439989716136,0
3:28 PM,"Rs18,846 is <NRP> Credited in Your Demat Account, Check Balance",English,banking,"authority,need and greed",,,9f9027df1e6fbd16,0.35137491957464595,0
12th of August at 6.05 pm,"Hello, I am extremely disappointed with the services provided by adidas customer care <LOCATION>. A huge shame on the concerned department. I ordered two products and they were delivered to me on <DATE_TIME> at <DATE_TIME>. Order ID : AIN01225904. Since the products were not of the right fit, I requested for the return pick up of both the products on <DATE_TIME>. Both the products were collected from my end by the Blue dart courier delivery partner and there was no such receipt of return or anything given. He confirmed my name and took the products. Following days, I checked with adidas customer care service and I received an update that the products haven’t reached their outlet. I was given a case number: <US_BANK_NUMBER>. Every time I contacted the customer service, a new reference number was given and do not",English,others,authority,adidas,,516d4afc37219d63,0.3513981569528077,0
12:16,"Dear Resident, your Appointment <PHONE_NUMBER> at <LOCATION>, BHARAT CHOW BENIPUR DISTT DARBHANGA,<NAMED_ENTITY>,<NAMED_ENTITY>,Bihar,<US_DRIVER_LICENSE> is confirmed for <DATE_TIME> at 13:40. Please be at the center before <DATE_TIME> of your appointment time.",English,government,"authority,time/urgency",aadhaar kendra,,9f493e6dfc436698,0.3514783749166237,0
,You've received a new message regarding the <NAMED_ENTITY> safetyline symptoms and when to get tested in your geographical area.,English,government,authority,,,6c3777ed60692131,0.3514952084436571,0
10:25 pm,I'm Mr. <NAMED_ENTITY> from <LOCATION> I'm Donating $<US_DRIVER_LICENSE>.00 USD to you for the purpose of helping people in <LOCATION>. Contact me on: [redacted]@<URL>,English,others,"dishonesty,kindness,need and greed",thomas morris,,d95e9cf4a40f9e4f,0.3515489748734566,0
17:34,"I KIDNAPPED YOUR DAUGHTER/SON , CALL ME NOW BEFORE I KILL HER. DON'T TRY ME PREPARE A RANSOM OF 10K NOW!!!!!",English,others,"distraction,kindness,time/urgency",,,d9788b0dae7040ce,0.35203643621914266,0
Wednesday 15:35,<NAMED_ENTITY> : Your Pack <US_DRIVER_LICENSE> is waiting for <URL>ease confirm 0.87 at the following link : <URL>,English,delivery,"authority,need and greed,time/urgency",office,,4eca6d87b6b2a644,0.35218726431360725,0
"May 24, 11:09","Hello, I'm <NAMED_ENTITY> with an Inheritance Deal (USD$7.4M) concerning you, Contact me: <EMAIL_ADDRESS> for FUNDS TRANSFER. Leaving SA now.",English,others,"distraction,need and greed",,,5a0c60ca7ff2feb9,0.35227591810839487,0
"Tue, 12:15","Please complaint to local authority. Also, do not share any king of <NAMED_ENTITY>.",English,others,distraction,,,0cb46a5cb53a9017,0.35230092654798845,0
10:27 AM,"Facebook confirmation code, or go to <URL>",English,others,"authority,distraction",facebook,,35a5d62ff4f92870,0.3523908550094274,0
07:09,Linkt Reminder: Please check your overdue toll notice at <URL> before <DATE_TIME>.,English,others,time/urgency,linkt,t.ly,c4234c0f4ee4b5b6,0.3524516053314931,0
Friday 10:30 AM,The carrier cannot deliver because your package address is not detailed. Please update the address details.,English,delivery,"authority,distraction,time/urgency",,,112617a7729b24b8,0.35248132102079244,0
9 分,"We have attempted to deliver your package UPS016448296<LOCATION>, but there is an unpaid customs charge. Follow the instructions here:",English,delivery,"authority,time/urgency",UPS,bit.do,8ff03e1c1dc92043,0.3525963625645932,0
Wednesday 18 November 2020 10:22,"We have attempted to deliver your package UPS016448296<LOCATION>, but there is an unpaid customs charge. Follow the instructions here: 'fvGpQ'",English,delivery,"authority,time/urgency",UPS,,c99b5a247e3b47b6,0.3525963625645932,0
07:20,Hi Am Hayley from <LOCATION> currently in <LOCATION> working with USAIDalso looking for arelationship marriag e partner kindly c/sms your names to <UK_NHS>,English,others,"authority,kindness",usaid,,c499c98151657f1c,0.35272790172854007,0
21:20,Your Binance withdrawal code: <US_DRIVER_LICENSE>. If this was not generated by you cancel here immediately: <URL>,English,banking,"authority,time/urgency",Binance,,6db9a0d92bb8ef32,0.35275835538047096,0
,"Click here - <URL>ishing New phone, who dis?",English,others,distraction,,,5aa739606dac0246,0.35289976771574433,0
31-07-22 08:33:59,"SMS BLOCKALL Cust ID to <DATE_TIME>, if not you-Axis Bank",English,banking,"authority,distraction,time/urgency",Axis Bank,,3e90e9cd5464ef21,0.3529114040321671,0
19:04,Dear 9916XXXX34 Your A/C XXXXXXXX6596 can Be credited with <NAMED_ENTITY>. Check Now!,English,banking,need and greed,unknown,,e5b5f8369e0530a4,0.35307870948868303,0
"Wednesday, 29 September 2021 13:03",A unauthorized transaction was performed using your AIB Visa Card. You can Authorize or Cancel this request at:,English,banking,"authority,distraction,time/urgency",aib visa card,,3f2bc90e5b518a64,0.3532613629521523,0
17:05,WIN €750 SuperValu Gift Card! Be one of the first to compete for a €750 SuperValu Gift Card! Winners <DATE_TIME>. Just complete a quick survey to find out how to win. Question 1 of 3: How many times <DATE_TIME> do you go shopping?,English,others,"distraction,herd,need and greed,time/urgency",supervalu,,249476191bc29dca,0.353390197447694,0
Today 11:31,Bills due <DATE_TIME> AIRTEL 80 <DATE_TIME> LIC 29 Track your Expenses & Bills with Walnut - One App for All Banks,English,telecom,"authority,distraction",Airtel,,4a79b8f73ad2daa0,0.35354963770064746,0
3:03 am,Dear Applicant we regret to inform you that your CIBIL score does not meet our criterion. Hence we are unable to issue a credit card to you at this time.,English,others,,,,a63edc2d59fa7597,0.3535978397877545,0
Today 3:53 am,"Notice: Your outstanding bill details <URL> may affect your credit, please deal with it as soon as possible.",English,others,time/urgency,,,0254a826de39bf69,0.3536899013794752,0
"Monday, 1 June 2020 14:13","Wearing a mask alone cannot prevent COVID-19. In addition to mask, wash hands frequently, stay 2 meters away from others and disinfect commonly touched surfaces.",English,others,,,,c0634cf39222fca0,0.35372806484853003,0
10:58 AM,Urgent information! The network is very bad and that is why Your phone is unavailable. Communicate with me immediately via this address (<EMAIL_ADDRESS>),English,others,"distraction,time/urgency",,,29e01d00f82459d7,0.35391387010779707,0
2:32 AM,<LOCATION> water supply contaminated with toxic chemicals linked to cancer. - You may be entitled to compensation.,English,others,"authority,need and greed",camp lejeune,,cae6027def8a1745,0.35397686356433383,0
30-8 12:30 PM,Hey! [FreshRupee]Don't waste your good credit! High approval rate and high credit limit! Click: <URL> now. <NAMED_ENTITY>,English,others,"authority,distraction,need and greed,time/urgency",freshrupee,,44214089e7c7ddf0,0.35401685019631063,0
Today 13:00,"<LOCATION>: An unauthorised attempt was made to add a payee. If this was not you, please re-register your device at: <URL>",English,banking,"authority,distraction,time/urgency",halifax,,6475e9cb6fb4e2d9,0.35412443481043687,0
"Thursday, September 7 6:13 PM","This is from <LOCATION>'s <LOCATION>. We'll pay you $500 <DATE_TIME> in cash for driving around with our <LOCATION>'s sticker on your Car/Truck/Van paint. This will make vehicle owners make extra income while driving your normal routine and it's a marketing tool, no mileage is required, you will be getting (<DATE_TIME>",English,others,"authority,need and greed",hersheys usa,,ac3ce8f99bdbe36b,0.35427289988455457,0
Today 1:09 PM,Your package is on hold at the post office because of delivery address is wrong please fill in the address online.[US-PS],English,delivery,"authority,time/urgency",us-ps,t.co,beb969fa4e5ae391,0.3542854231693827,0
Today 7:22 pm,"[Binance]According to the regulations, investors must open a wallet service, otherwise the account cannot be used.",English,banking,"authority,time/urgency",Binance,,d902046445fdffb1,0.35433483753932676,0
,"<NAMED_ENTITY> applicable for YES PayNow registrations on YES BANK Credit Card will be getting revised post July 31, <DATE_TIME>. The details regarding revised Reward Points will be updated through email/SMS. View: <URL> for details.",English,banking,"authority,time/urgency",yes bank,,abac28f2e3eafec0,0.354387389571661,0
4Oct2021 11:20:01AM,"Hi Your Ayushman Health Card No.######, Status Approved",English,government,authority,ayushman health card,bit.ly,ea62081ab6efd096,0.35446249517994727,0
,we found a parcel from <DATE_TIME> owed to you. Kindly assume ownership and confirm for delivery here: <URL>,English,delivery,"distraction,time/urgency",,,55f2fe68fd56d978,0.3544991577438659,0
13:53,We inform you that your wallet will be suspended if you do not Activate to the SMS authentication system: <URL>,English,others,"authority,distraction,time/urgency",metamask,,5782c575a3a8d82d,0.35467743408920205,0
20 Jul 22 05:53 PM,"Dear Parents,As per the records,Your Letter for joining is passed in our company . Can get <DATE_TIME>. <URL> Regards, HCPSRE",English,others,"authority,need and greed",hcpsre,wa.me,7f139bcb715a241e,0.35468478626343675,0
12:31,HMRC have determined that you are eligible for a tax rebate of £312.38. Press the link to get started:,English,government,"authority,need and greed,time/urgency",hmrc,,ddfaad250d228c42,0.35470372282513896,0
Today 13:09,"There was a problem with your current billing method, update here: <URL>",English,telecom,"authority,distraction,time/urgency",optus,bit.do,393f35566c0e20b8,0.35506529975418943,0
"Tuesday, September 26 11:04 AM","The USPS package has arrived at the warehouse and cannot be delivered due to incomplete address information. Please change your address in the link and pay 0.3 USD in the link, otherwise the express will be returned. The USPS team wishes you a great day!",English,delivery,"authority,time/urgency",USPS,,6149b1b064c78b04,0.35524448215274207,0
10:48 AM,"Dear IEC Holder, IEC update is required before <DATE_TIME>.",English,government,"authority,time/urgency",,,869b111835b5e714,0.35532080092637996,0
19:50,ThreeUK: We couldn't take <DATE_TIME> payment. Please login and update details at <URL>,English,telecom,"authority,distraction,time/urgency",threeuk,,e502d1aec98e1833,0.3553292671029271,0
Today 13:18,Your one time password is 23201. This code expires in <DATE_TIME>. Dubai Police will never call you to ask about this code. DO NOT SHARE THIS CODE WITH ANYONE. Your one time password is 81576. This code expires in <DATE_TIME>. Dubai Police will never call you to ask about this code. DO NOT SHARE THIS CODE WITH ANYONE. Your one time password is <DATE_TIME>. This code expires in <DATE_TIME>. Dubai Police will never call you to ask about this code. DO NOT SHARE THIS CODE WITH ANYONE.,English,government,"authority,time/urgency",dubai police,,5b34f44fe1922160,0.35540968390481564,0
Wednesday 18:03,We have been trying to reach You about lowering you current Auto-ins rate. you've been paying too much Find out what you're missing,English,others,"distraction,need and greed",,,8077267695d84ec7,0.3554790964145864,0
now,Dear SBI USER A/C will be blocked Updated PANCARD for KYC Verification login with <NAMED_ENTITY> here <URL>,English,banking,"authority,time/urgency",State Bank of India,,33a2c59b3b9dd733,0.3555344250760228,0
7:39 PM,(Wells Fargo) <URL> Customers Service - Suspicious Activity Locked,English,banking,"authority,distraction,time/urgency",wells fargo,bit.ly,525389ab80766e3a,0.3555410084130911,0
Today 11:19,"SANTANDER: You have successfully paired a NEW DEVICE on 22/11 at 10:15AM. If this was NOT you, visit: <NAMED_ENTITY>",English,banking,"authority,time/urgency",Santander Bank,,cf103e6cad55b105,0.3557965061891224,0
Thursday 22 July 2021 at 19:53,You have successfully registered a new device on <DATE_TIME> at 19:35. If this was NOT you visit <URL>,English,others,"distraction,time/urgency",open24,,f664bb6b14e1f9a9,0.35582349851925194,0
"Saturday, today",Your MyMTN OTP is:<US_DRIVER_LICENSE>. Do not share this OTP. MTN is not liable for incidents that result from sharing your <NAMED_ENTITY>. SINFcQGjrz,English,telecom,"authority,distraction",MTN,,bbe4af7d1eb19cd8,0.3559889634443112,0
Today 2:10 PM,"Hi, My name <NAMED_ENTITY> ,I am looking for a Male or Female, hardworking, trust worthy and smart as Part Time Personal Assistance , This is needed Pay is $550.25 cent <DATE_TIME>.If you are interested REPLY YES for more information",English,others,need and greed,,,97c8da560e2caa97,0.35605180735158004,0
9:39 pm,"Hi, Your <NAMED_ENTITY> is <DATE_TIME>. By using the <NAMED_ENTITY>, you agree to the t...",English,others,authority,medlife,,ccc087d5a9f37b48,0.356199794273845,0
Sun,Your parcel will arrive <DATE_TIME>. Tracking: <URL>,English,delivery,time/urgency,,,398a1350bdb527a2,0.3564312905703528,0
Today 5:42 PM,"I am <DATE_TIME> and single. I want to find a mature male partner, please add my wa <URL> to chat",English,others,"need and greed,time/urgency",,bit.ly,e265e6ee19c8f416,0.3564598504750325,0
17:32,"I am <DATE_TIME> and single. I want to find a mature male partner, please add me wa <URL> to chat",English,others,need and greed,,cutt.ly,4612f50950ee3f72,0.3564760175220285,0
"Monday, 16 March 2020 1:25 pm",You've received a new message regarding the <NAMED_ENTITY> safetyline symptoms and when to get tested in your geographical area. Visit <URL>ine/,English,government,"authority,time/urgency",,,5dd6a14ab7019aaf,0.35657646424250616,0
"Today, 3:30 PM",You have received 0.0637 BTC. Check the details:,English,others,need and greed,,,ee2e3594ba586064,0.3566812663419489,0
10 May 2021 16:31,BONUS ALERT! Recharge with a <NAMED_ENTITY> plan and get Double the Data. Bonus valid for <DATE_TIME>. Click <URL> to buy. Offer valid till <DATE_TIME>. Smile,English,telecom,"need and greed,time/urgency",smile,bit.ly,6925ad2702777039,0.3569125731123907,0
"27 January 2021, 21:57 PM","LLOYDS: You have successfully set up a new payee 'MR A <NAMED_ENTITY>' on 27/01 at <DATE_TIME>. If this was NOT you, please visit: <URL>",English,banking,"authority,distraction,time/urgency",Lloyds Bank,,f6a5f0c78181a6c4,0.35703855092258996,0
9:15 PM,Rs 50000 withdrawal from my ac,English,others,,,,106f828ac7df2b4e,0.35719926810835784,0
"Yesterday, 5:40 PM",DEAR CANDIDATE CLICK THE LINK- https://relianceindustrieslimitedindiace <URL> SUBMIT THE FORM. REGARDS HR TEAM RIL,English,others,"authority,dishonesty",reliance industries limited,,e5d78b5f27afcb17,0.35739963993174606,0
17 h 50,Hi it's Fido 👋 Having challenges figuring out if text messages from us are REAL or FAKE? Here are some helpful tips: 1) Check the Phone Number at the top 📱 <NAMED_ENTITY> ONLY sends message from short codes like <DATE_TIME> or 89001 NOT regular phone numbers like this: +1 <PHONE_NUMBER>. 2) Look at the link 👀 Links should start with <URL> or <URL>. When in doubt don't tap any links. Instead go directly to our official website. 3) Watch out for mistakes 💻 Our messages have a playful tone (we're not robots 🤖). We spell things properly and we love to use emojis 🤭 More info on fraud and scam prevention: <URL>,English,others,,fido,,7fb497af762ada34,0.3574920345775331,0
22:14,RoyalMail: We attempted to deliver your parcel <DATE_TIME> and was unsuccessful to schedule a redelivery visit: <URL>,English,delivery,"authority,time/urgency",royal mail,,67d3d63a1ee0aff6,0.35750828092978465,0
10:41 PM,Your Balances are MegaPacks: 14482MB till <DATE_TIME> Night Bonus: 4661MB till <DATE_TIME>G Bonus: 0MB till <DATE_TIME> RCH Bonus: 250MB till <DATE_TIME> .Dial *141# to buy data plans,English,others,,,,b49e32c2bdb517f0,0.35752587650609485,0
Yesterday 10:19 am,Hi DJ <NAMED_ENTITY>. I am writing to you from <NAMED_ENTITY> a Safaricom video platform. I would like to have a conversation wit you regarding Music mixes. I am available on <PHONE_NUMBER>. Could you text me your number? Thanks.,English,others,authority,safaricom,,4ed04288f53f1393,0.35760048130807953,0
3:41 PM,"UPSC CSE: 5 ways to stay ahead of your competition, Catch BYJU'S Exam Prep expert <NAMED_ENTITY> sir LIVE on 26Nov & know imp tips. Register <URL>",English,others,"authority,distraction",byjus exam prep,bit.ly,3361713398356f0a,0.3581195846310101,0
Wednesday,Why / wasn't your i package delivered? https://...,English,delivery,time/urgency,,,8f1d53a255c4d747,0.3582758767641483,0
20:42,Dear Guest Your booking PNR 4VR8ZI for flight <NAMED_ENTITY> from <LOCATION> to <LOCATION> on 24AUG is confirmed. You can check-in online <DATE_TIME> prior to departure. We look forward to welcoming you on board! -Air <LOCATION>,English,others,authority,air india,,809b469172c880e9,0.3586573877861901,0
Today 15:13,Yello! An MTN Pay4ME request was missed from <DATE_TIME>. Brought to you by <LOCATION>.,English,telecom,"authority,distraction",MTN,,3c81138dd43c2a12,0.3587398439103374,0
"Tuesday, 7 February 2023",TRANSPORT-GOV:\nSystem shows that the payment for your ticket was failed.\nCheck details:,English,government,"authority,time/urgency",transport-gov,,06f6cea78ad5795a,0.35877295021402045,0
9:29 AM,New regulations about <NAMED_ENTITY> in your region. Read here : https://covid19-***,English,government,"authority,distraction,time/urgency",,,45ab0eb7fe6233cd,0.35887800035817796,0
Yesterday 6:56 PM,Still looking for SUPERFAST internet? Airtel Xstream Fiber is available in your locality with speed upto 1 Gbps and FREE installation & no extra charge for router. Plans starting Rs 499. Click <URL>,English,telecom,"authority,distraction,need and greed",Airtel,,ff9cb7dd6413d670,0.35890465562312074,0
Today 08:26,Connection is currently subscribed to the following Value added services. Dial #678#6# to manage.,English,telecom,"authority,distraction",,,a09db6cddcd4049d,0.35892875269720426,0
4:58 am,Linkt: Your E-tag payment on <DATE_TIME> was not charged. Check,English,others,"authority,time/urgency",linkt,bit.ly,31ce707e21505f71,0.35924077204861976,0
7:14 pm,<NAMED_ENTITY>: We need to verify your credentials: <URL>,English,banking,"authority,time/urgency",netbank,,da6ed8c73643b014,0.3592478903101415,0
19:38,ATT Free Msg: <DATE_TIME> bill is paid...,English,telecom,authority,att,,c1c9008669e1d194,0.35943639836655605,0
13:46,"You recently attempted to set up mobile banking using a new device. If this wasn't you, go to: <URL>",English,banking,"authority,distraction,time/urgency",Santander Bank,,d6fbc3b8d9fb73be,0.35953308631470227,0
"Monday, 15 November 2021 10:32",<LOCATION> click on this link <URL> authorised by <NAMED_ENTITY> UAP,English,government,"authority,distraction",craig kelly uap,,80c2813ba3b2d31a,0.3595631718397,0
17:11,"Dear Parents I am a H.R. You are noticed for h0me based tasks. Now you can upto Rs.20,000/Day.",English,others,"kindness,need and greed",,wa.me,63e77fc4662ec738,0.35958156719090933,0
3:37 pm,From Aged Care GP re COVID in Aged Care:,English,others,authority,aged care gp,bit.ly,385f07176d6fc424,0.3596090891770842,0
"Saturday, 31 July 2021 00:18",DPD: Sorry we missed you. To book your redelivery visit: <URL>,English,delivery,"authority,time/urgency",dpd,,186ac345f04d2c44,0.35966784150356546,0
Today 18:52,<URL>:-Your Tax Return was rejected by the IRS. kindly fix this by go to <URL>ine now,English,government,"authority,time/urgency",IRS,,63cff4d0800e0277,0.35970406022440854,0
2:18 a.m.,(COMPLETE NOW)<URL>,English,others,time/urgency,,,0ed107952feffa3b,0.35988561327941554,0
"Sat 18 Jun, 09:32",Your <NAMED_ENTITY> parcel is out for delivery. We’ll deliver <DATE_TIME>. Track & divert: <URL>,English,delivery,"authority,time/urgency",john lewis,,d764edbe7e6fcb1f,0.3601057621589271,0
08:41,Your package with China EMS (ePacket) is now in transit.,English,delivery,"authority,distraction",china ems,,e248f92cdd881058,0.3601074608162986,0
Yesterday 22:35,SANTANDER: Confirmation. Unusual activity on <DATE_TIME> from a new device if you do NOT recognise this visit: <URL>,English,banking,"authority,time/urgency",Santander Bank,,af31edc6702e4568,0.36012829774852306,0
Dec 11 2020 11:47AM,RT-PCR sample collected for RAJA (Id:<US_BANK_NUMBER>) SRF ID <US_BANK_NUMBER> on <DATE_TIME>. Please save for future reference. You are advised to isolate yourself till the sample is tested and test report is available.,English,others,authority,,,14b41268279d4612,0.360130469582646,0
"24 Jul 2020, 09:45",DHL Express <PHONE_NUMBER> from SON OF A TAILOR delivery <DATE_TIME> before <DATE_TIME>. Signature required. Manage delivery:,English,delivery,"authority,time/urgency",DHL,,a02f9e242a0bd4db,0.360139963621899,0
Today 12:54 PM,"Verizon Free Msg: <DATE_TIME> bill processed. Thanks, <NAMED_ENTITY>! Here's a little gift for you: <URL>",English,telecom,"authority,need and greed",Verizon,,f0fd2564166defc8,0.3602252564347908,0
9:26 AM,My name is <NAMED_ENTITY> i want to donate my fund to you on charity name to help the poor people in your country contact me here for more details: <EMAIL_ADDRESS>,English,others,kindness,,,6356417c5af59f7f,0.36042501293737583,0
Today 10:23 PM,"(ChaseAlert) Did you use your debit card at GameStop*, $71.99, Declined, <DATE_TIME>? Please visit us",English,banking,"authority,time/urgency",chase,,6e892fedae2d2c56,0.3605051405114558,0
,A New Payee request was made from an unrecognised device. You can <NAMED_ENTITY> or Cancel the request please visit <URL> Reference: 58JL,English,banking,"authority,distraction,time/urgency",aib,,25d09a3edc1f8869,0.3605122464803229,0
11:51,Value Monthly Social ! Payen 200 Zong min 1GB WhatsApp+Facebook+YouTube 30 din k liye sirf Rs.18 k balance mein. Dial*6565#,English,telecom,"authority,need and greed",zong,,bdb5561dd35dc13b,0.3605717306298299,0
"Thursday, December 2, 2021, 5:03 PM","ATT Free Msg: <DATE_TIME> bill is paid. Thanks, Here's a little gift for you:",English,telecom,"authority,kindness",att,,4355dc4ff57013a4,0.3605784052599251,0
10:44 AM,"ATT Free Msg: <DATE_TIME> bill is paid. Thanks, Here's a little gift for you: <US_DRIVER_LICENSE>...",English,telecom,"authority,distraction,need and greed",att,,371b3ee73e4a3cda,0.3605784052599251,0
"October 05, 2019 at 10:47 PM",Paid : Using Paytm,English,others,,Paytm,,1fdf9a344b0033dc,0.36079811558033015,0
7 August 2021 11:57,"[BNT] Dear <NAMED_ENTITY> urgently recruiting for part-time jobs, you can earn 1000-3000 Rs every day, Click here to get yours:",English,others,"authority,need and greed,time/urgency",Amazon,wa.me,9480dcaccaa09f03,0.3608222498908708,0
5 August 2021 14:34,"[BNT] Dear <NAMED_ENTITY> urgently recruiting for part-time jobs, you can earn 1000-3000 Rs every day ,Click here to get yours:",English,others,"need and greed,time/urgency",Amazon,wa.me,3e71ba3078af5e6a,0.3608222498908708,0
"Saturday, 7 August 2021",Your one time password is 71848. This code expires in <DATE_TIME>. Dubai Police will never call you to ask about this code. DO NOT SHARE THIS CODE WITH ANYONE. Your one time password is 97455. This code expires in <DATE_TIME>. Dubai Police will never call you to ask about this code. DO NOT SHARE THIS CODE WITH ANYONE.,English,government,"authority,time/urgency",dubai police,,17719133dc878c7f,0.3608525636861503,0
"07/05/2022, 13:17","Hi <NAMED_ENTITY>, Your donation of INR 5 towards BJP was successful. We thank you for your support.",English,others,authority,bjp,,301fe0d1b90f1697,0.36090092612658975,0
Today 14:25,"PNB MetLife Insurance co. Policy no:-<US_DRIVER_LICENSE> Issue date:-<DATE_TIME> Plan name:-Met Guarented Income Plan Policy term:-20 year Premium paying term:-12 year Premium amount:-50k/year Fund value:-1,88,412 Customer relationship manager is:-Mr.N.K <NAMED_ENTITY><PHONE_NUMBER>",English,others,authority,pnb metlife insurance co,,1229bdb6b564e47c,0.36107052134315576,0
2:10 PM,Your A/C no. XXXXXXXX6596 can be credited with Rs.<US_DRIVER_LICENSE>. Check Now,English,banking,"distraction,need and greed",,,d7e788f916c4e880,0.3611237353640493,0
Today 18:30,Your ATO refund can now be paid,English,government,"authority,need and greed",ato,,0079899ddc91d8ae,0.3613433710522848,0
"Tue, Dec 13 at 10:42 AM","Amazon: Sign-in attempt from <LOCATION>, <LOCATION>. Tap link to respond.",English,others,"authority,time/urgency",Amazon,,0e3cc78121c07595,0.361409018384598,0
"Jul 11th, 2021","Hello, this is your ad",English,others,,,,9ef17782f3cdc74c,0.36154199588915,0
"Sunday, Mar 12 • 1:59 PM","Dear Sir, we tried to deliver your package, but unfortunately the recipient could not be found. Please update: <URL>",English,delivery,"distraction,time/urgency",,,b62c3e6d05422481,0.3616617473268711,0
"Fri, 10 Feb at 11:18 am","Hey mum, i've just broken my phone im messaging from a friends phone please contact my new number on whatsapp its urgent <PHONE_NUMBER> <NRP>",English,hey mum/dad,"kindness,time/urgency",,,d4370ef9335dc5df,0.36166478153730747,0
Today 14.49,Telegram: Since you have violated the usage policy please log in to <URL> to cancel otherwise the will be closed after <DATE_TIME>.,English,others,"authority,time/urgency",telegram,,c623c382713d9f57,0.3617081662590085,0
"Monday, May 23, 2022 9:09 AM",(Your Parcel Is Cleared) Re-schedule:,English,delivery,,,bit.ly,517481638c51fb04,0.3618165305480693,0
mercoledì Oggi,Dear [name] Please visit <URL> website and update <NAMED_ENTITY> firmware as the previous one has a bug with the risk of losing assets,English,others,"authority,distraction,time/urgency",ledger,,e33db8e463c2e6d6,0.3618305055373222,0
12:02 PM,"What is your bank account, I can wire the funds into your account If you really think I have time for jokes, look somewhere else Send the money to the Safe room officer And stop asking for account for 650",English,others,dishonesty,,,d0611f0e00ad1786,0.36190752128702197,0
1:31 am,GOVUK: Records show that you are eligible for a <NAMED_ENTITY> grant. Please complete the form here: <URL>,English,government,"authority,need and greed,time/urgency",govuk,,eb74185102ab335a,0.36195849486493387,0
"Monday, 11 April 10:32",From <LOCATION>: We'll be in contact <DATE_TIME> to discuss smart meter price plans from ph number +<US_BANK_NUMBER>,English,telecom,"authority,distraction",electric ireland,,3c9a85ab57cee4ea,0.36205088908407423,0
11:41:13,"<NAMED_ENTITY>, Welcome to Company. The Company is appointing staff directly and online selection process. You have come to Company for face to face meeting only. The Company has 126 Plants, 1,600 Branches, and 4,000 Service Centre all over <LOCATION>. Your Appointment Process will be held in one of Company HR Office... The Company is giving Appointment by PERMANENT EMPLOYEE CONDITIONS. The Company Conditions is Compulsory for every new joining staff in Company. You will work in Company according to your <NAMED_ENTITY> and work knowledge...",English,others,authority,company,,8e58caef3ce6d9b4,0.3622307154028548,0
Today 5:08 PM,"NOTIFICATION: <NAMED_ENTITY>, please review the details for shipment ID: 7L38K2 here: <URL> Sender: Amazon",English,delivery,"authority,time/urgency",Amazon,,b9cdac630ce5aa56,0.3622545559150304,0
9:52 AM,Package Tracking: Your package arrived at the transit center but could not be delivered due to incomplete address information. Details:,English,delivery,"distraction,time/urgency",,,125a5fcc39f42e3f,0.3623939742287888,0
Today 9:53 AM,NZTA -You have tolls that have not been paid and are overdue. Click:<URL> to update the information and pay the toll.,English,others,"authority,time/urgency",nzta,,0dabebcf3334f4d8,0.3625027381377831,0
3:04 pm Saturday 4 March,NZTA -You have tolls that have not been paid and are overdue. Click: <URL> to update the information and pay the toll.,English,others,"authority,time/urgency",nzta,,0f51b5a061bf94ac,0.3625027381377831,0
7:59 AM,"Dear Candidate, Received Rs. 283 against Application no. <US_DRIVER_LICENSE> With Transaction no. 18080242220137248116 for Group-3 Sub Engineer- Civil/ Electrical/Mechanical/ Draftsmen Combined Recruitment Test - 2018 on Date 02 Aug <DATE_TIME>",English,others,authority,,,ad6f5584840700b3,0.36255540392462504,0
7:59 AM,"Dear Candidate, Received Rs. 283 against Application no. <US_DRIVER_LICENSE> With Transaction no. 18080242220137248116 for Group-3 Sub Engineer- Civil/Electrical/Mechanical/Draftsmen Combined Recruitment Test - 2018 on Date 02 Aug <DATE_TIME>",English,others,authority,,,2ee2f990d80b0013,0.36255540392462504,0
Aug 17,"Worry for Limited data, Now get Unlimited data and voice calls along with 1 Years Subscriptions for Disney Hotstar and Amazon prime for Just Rs.699/- To avail the benefit click <URL>",English,telecom,"authority,need and greed,time/urgency",Amazon,bit.ly,d8815f014211669e,0.3625564270350976,0
Today 6:36 PM,Hi There we called you to assist you in selling your car but couldn't connect. Click <URL> to schedule your car's Free Doorstep Evaluation and find out the exact price it will fetch. -SellRight by Spinny,English,others,"need and greed,time/urgency",sellright by spinny,,fc489d6ddb895070,0.36256483209645846,0
Today 11:54,GOV-UK: We have identified you as eligible for a discounted energy bill under the Energy Bills Support Scheme. You can apply here:,English,government,"authority,need and greed,time/urgency",gov-uk,,7991adcf4d750f24,0.3627383290504678,0
Yesterday 19:44,HSBC: A payment was attempted from a NEW DEVICE on <DATE_TIME> at 07:13PM. If this was NOT you please visit <URL>,English,banking,"authority,distraction,time/urgency",HSBC UK,,0c0854b6f80fb5ae,0.3629352246692948,0
13-Apr-2021 12:12:21 PM,"Rs 35.00 deducted for Toll Charges at <LOCATION> (UP32FZ3067), txn ID 861618296411533797517P.",English,others,,,,aa40ed3299b44747,0.3629670409065268,0
"Monday, 16 March 2020 1:25 pm",You've received a new message regarding the <NAMED_ENTITY> safetyline symptoms and when to get tested in your geographical area. Visit,English,government,"authority,distraction",,,dffc29f71b0ea280,0.3629894598918506,0
,Tap the link to read the updated policy.,English,others,,,,64e8efd64c6b0de8,0.3630158199352338,0
10:47 AM,"Dear Taxpayer, The e-Filing of TDS - for <DATE_TIME> successfully submitted on <DATE_TIME> vide <US_BANK_NUMBER>. -e-Filing,Income Tax Department",English,government,authority,income tax department,,8c1ad1c4bfa73d8f,0.3631239401262843,0
3:01 PM,"We are British Union Network Program Technology Company, and we are looking for part-time network personnel. You only need to help us test and run the software, which is a tool for studying data types and is safe and risk-free. The <DATE_TIME> commission is about 200 ~ 3000 rupees. Are you interested in our part-time job? If you can, please follow my instructions next. <URL> First, click the link to download the APP, and then send me a screenshot of the login interface. I will provide you with a temporary account and teach you how to set the parameters. If successful, you will receive 100 rupees from the company's finances.",English,others,"authority,need and greed,time/urgency",british union network program technology company,,2046371af53a6133,0.3631796022275538,0
,<URL> ALERT CORONAVIRUS New rules in force now: you must stay at home. More info and exemptions at <URL> Stay at home. Protect the NHS. Save lives,English,government,"authority,time/urgency",gov.uk,,c352bdd59fc2e52f,0.36330852599804403,0
Today 4:08 PM,"You just sent a payment to <NAMED_ENTITY> of $8.50 USD. If this is not you, review to cancel this payment before 4 hours:<URL> (PP-REF:#DG7Y3F)",English,banking,"distraction,need and greed,time/urgency",frances taylor,,9730767470a18909,0.3633085949283204,0
12:54 PM,Hello How are you doing <DATE_TIME> Am the agent incharge of your winning package Let me know if you are ready to claim your win,English,others,"authority,need and greed",,,1976804487c9e747,0.3633174111868133,0
01/05/2023 20:25,On <DATE_TIME> at <DATE_TIME> you tried to add 'K Lauren' as a payee. If you don't recognise this please visit:,English,banking,"authority,time/urgency",,,927a7350ff1980e3,0.3633671541496463,0
"Tuesday, January 21, 2020, 7:08 PM","COINS PASSWORD UPDATE verification code:***. Do not share with anyone. If you did not make this request, contact Coins support immediately.",English,banking,"authority,time/urgency",coins,,6938b5ad42a785f8,0.36339934831973364,0
Today 17:58,"LLOYDS: A payment was attempted from a new device. If this was not you, please visit: <URL>",English,banking,"authority,time/urgency",Lloyds Bank,,3d69b4242ccbdcb9,0.3634370862784217,0
5:28 PM,RM0 Starting <DATE_TIME> containing links requesting personal data & phone no will be blocked to prevent online fraud crime. Refer to MCMC website for info.,English,telecom,,mcmc,,f96563945143ed00,0.3635836665392799,0
"Nov 3rd, 2021","You are eligible for the new Unemployment Advancement Grant, $2400 could be deposited into your account if qualified. This CARES Act GRANT does not have to be paid back.",English,government,"authority,need and greed",cares act,,a8036b1fd9dbe46d,0.3639770593441078,0
19-Nov-2022 16:44,"Acct: Amt: NGN2,800.00 <NAMED_ENTITY> ///Renewal Request/ GOTv <LOCATION> Bouquet(N)/ TRANSFER from Airtel Avail Bal: NGN1,<PHONE_NUMBER>",English,telecom,"authority,distraction","Airtel,gotv",,c69afd6f24243d7f,0.3640545714913901,0
"Friday, 28 August 2020 11:55","We have tried to deliver your item IE885496601EU, but there is no postage. Follow the instructions here <URL>",English,delivery,"distraction,time/urgency",,,cac69c49fd14f828,0.36433375452134537,0
,"We removed the abusive content that was posted on your facebook account, visit:",English,others,"authority,distraction",facebook,,a6398f6f25dced64,0.36442245676867313,0
,The US Census Bureau needs your help to understand <NAMED_ENTITY>'s impact on families and the economy.,English,government,"authority,kindness",us census bureau,,7c38bbdf4a5fc8d0,0.3644299326103087,0
,Namaste your order <DATE_TIME> could not be delivered on the first attempt. Next delivery will be attempted soon.,English,delivery,,,,340a08560bbaf6b2,0.3644497164959591,0
17:07,You've applied for a <LOCATION> passport. We need someone to confirm your identity.,English,government,authority,uk passport,,d0b765b9581d3c51,0.3645087064444828,0
,Your Binance withdrawal code: <US_DRIVER_LICENSE>. If this was not generated by you cancel here immediately:,English,banking,"authority,time/urgency",Binance,,ac6c935b7422ce9b,0.36457244308960685,0
2023-10-19T20:45:00,"Sorry, your payment was declined.",English,others,time/urgency,,,7e0f8d9c08ee57f6,0.36458779459739254,0
"Sep 8th, 2021","WELLS FARGO : Unauthorized sign-in from a new device was stopped, if this was not you please visit <URL> to verify.",English,banking,"authority,time/urgency",wells fargo,,1b97c7227a4b510c,0.3648398470277684,0
14:05,"I am a H.R. You are noticed for h0me based J.O.B. Now you can upto Rs.20,000/Day.",English,others,need and greed,,wa.me,7e9ced3040d556cb,0.36498777064865734,0
"Fri, Dec 9, 1:59 PM","U.S. Bank:A purchase of $651.79 at WALMART #589 in <LOCATION> OR on debit 4******* Reply ""YES"" to approve, if this was not made by you visit <URL>",English,banking,"authority,time/urgency",us bank,,5267a697fac0b0e3,0.36500036750270815,0
3:46 PM,Your are Guarantor of ANAND <NAMED_ENTITY> for his loan A/c <DATE_TIME> with Mahindra finance having overdue Rs 28750. Pls. ensure it gets paid immediately.,English,banking,"authority,time/urgency",mahindra finance,,54ba73eebd7364c1,0.3651077811064499,0
02/21 13:55,"HSBC: A payment was attempted from a NEW DEVICE on <DATE_TIME> at <DATE_TIME>. If this was NOT you, please visit: <URL>",English,banking,"authority,distraction,time/urgency",HSBC UK,,9f076846a476be4f,0.3652662078796807,0
"19 Jan 2019, 10:10 AM",Your one time password is 85070. This code expires in <DATE_TIME>. Dubai Police will never call you to ask about this code. DO NOT SHARE THIS CODE WITH ANYONE. Your one time password is <DATE_TIME>. This code expires in <DATE_TIME>. Dubai Police will never call you to ask about this code. DO NOT SHARE THIS CODE WITH ANYONE. Your one time password is 66330. This code expires in <DATE_TIME>.,English,government,"authority,time/urgency",dubai police,,8880c4d2663aee87,0.3652965871092532,0
7/3/2022 8:38 PM,Pickup Completed : Pigeon Favourite IC 18... with tracking ID FMPR03038800900 from <URL> was picked up by an EKART wishmaster <DATE_TIME>. Click to give feedback:,English,delivery,time/urgency,flipkart,,a4dc0e46685a4f18,0.3654153534874674,0
"Monday, 18 December 2017 2:24 pm",<NAMED_ENTITY>: We need to verify your credentials: <URL>bank <URL>,English,banking,"authority,distraction,time/urgency",netbank,,c86775f306149754,0.36551818186182244,0
Today 9:27 AM,"Amazon: Sign-in from HCW, <LOCATION>. Tap link to respond.",English,delivery,"authority,distraction,time/urgency",Amazon,,17679767983e33c2,0.3658627457537181,0
4:15 AM,Special offer!!! COULD YOU PARTNER WITH ME IN AN URGENT TRANSACTION? CONTACT ME RIGHT NOW FOR DETAILS: <EMAIL_ADDRESS>,English,others,"distraction,time/urgency",,,0482981fe80c3d10,0.36589834154586887,0
"Today, 06:51",Special offer!!! COULD YOU PARTNER WITH ME IN AN URGENT TRANSACTION? CONTACT ME RIGHT NOW FOR DETAILS:,English,others,"need and greed,time/urgency",,,fe7a49229ca22e83,0.36589834154586887,0
3:24 PM,"As mentioned in your contract, we (<NAMED_ENTITY>) are funding you a part of your money spent on our contracts, you can redeem it here: <URL>",English,telecom,"authority,distraction",rogers,,fd1656f4c02613cc,0.3659926459769402,0
9:46 AM,You are not active on any VAS service.,English,others,,,,7581928c83e07dcc,0.36608850196273,0
01 Nov '21,UPI/ /bookmysho <US_DRIVER_LICENSE>@axi/Axis Bank Ltd./5469...,English,banking,authority,Axis Bank,,b1f752c1cdaca93e,0.36618099732739934,0
"Wed, Oct 5 at 1:47 PM",UNIONBANK<ATTENTION> All funds are on hold due to multiple fraudulent direct deposits. Remaining direct deposits will remain in pending. Visit Https://<EMAIL_ADDRESS><URL> to remove hold.,English,banking,"authority,time/urgency",unionbank,,472bcecbfcd1f84a,0.3662851065423857,0
09:57,Kindly Pay 01.75$ SGD Delivery fees and confirm your address.,English,delivery,"need and greed,time/urgency",,,06cd16b3729edecd,0.3663465452000244,0
02/01/2020 Thu 21:25,Your Car Insurance may be Due! GET upto 80% OFF on Your Car Insurance. Renew Now Instantly,English,others,need and greed,,,10445ba837412c32,0.3665616068986335,0
5:21 PM,"Small cash Hello, how come your loan has not been paid off? Please pay off the loan <DATE_TIME>. If we do not receive your repayment before <DATE_TIME>. We will notify your family and friends and upload your information to the national blacklist. In the future, all your loans will be deemed invalid, and no loan company or bank will support you. After the repayment is successful, you can borrow again, and the loan amount will increase to 10000-15000. At the same time, the loan days increase Small cash App download address:",English,banking,"authority,distraction,time/urgency",small cash app,bit.ly,6707846dab53a434,0.3668118148033288,0
Today 3:52 PM,Order for Cons No <PHONE_NUMBER> is registered with Ref <URL>fil expected delivery: <DATE_TIME> Pay by,English,delivery,"need and greed,time/urgency",,,1ed4bb58ccb309bd,0.3668189632920693,0
Today 21:55,"Withdrawal request from new Device, (IP <LOCATION>, <LOCATION>). Edit or Cancel details: <URL>",English,banking,"authority,distraction,time/urgency",ledger,,6252770704286b63,0.36688201889154126,0
20:34,"<NAMED_ENTITY> request from new Device, (IP <LOCATION>, <LOCATION>). Edit or Cancel details: <URL>",English,banking,"authority,distraction,time/urgency",ledger,,05a668d0692fa271,0.36688201889154126,0
16:21,"Hi <NAMED_ENTITY>, your order of boAt Rockerz 255 Pro T Wire... referenced under order no. <US_SSN> is successfully delivered. Thank you for shopping at Tata CLiQ. - Team Tata CLiQ",English,delivery,authority,tata cliq,,2783970acaa47415,0.36696850621959237,0
1:54 PM,(Suspicious Activity) <URL> Wells Fargo Bank Account Access Locked87,English,banking,"authority,time/urgency",wells fargo bank,bit.ly,2ff852fe7103ed9d,0.36698439987375997,0
18:43,[URGENTNT] ObomaCare Deadline is near Get approved instantly. Call <PHONE_NUMBER>,English,others,"authority,time/urgency",obamacare,,264f0488dfca7c2a,0.36725043124149054,0
Thursday 29 December 11:36 am,[STGEORGE] Your One Time Passcode is <US_DRIVER_LICENSE> for a purchase of 505.83AUD to AIRBNB. If this was NOT you please visit: <URL>ine/au,English,banking,"authority,time/urgency",stgeorge,,c0622d33fef9a0bf,0.3675463898543476,0
16:48 02/08/2020,Want to see your payment transactions?,English,others,,,,7a8dde28b93d57f6,0.3679317068053583,0
"Tue, Aug 23, 12:47 PM","Navy Federal CU: You have successfully signed on from IP <IP_ADDRESS> (<LOCATION>, <LOCATION>). If this wasn’t you, visit <URL>",English,banking,"authority,time/urgency",navy federal cu,,eb896a500423c3c0,0.3680602529652268,0
02:52 AM,Hello! Your payment of Rs. 6143.0 to <LOCATION> and Kashmir Power Development Department : <US_BANK_NUMBER> is in progress. We will inform you of the payment status shortly. Txn ID <US_BANK_NUMBER>,English,others,distraction,jammu and kashmir power development department,,06b1b32f831675aa,0.3680743196775731,0
4:36 am,Good morning. This is Dr <NAMED_ENTITY>. I have tried to reach you since I tested Positive for Covid19. Kindly contact me ASAP on: <EMAIL_ADDRESS>,English,others,"authority,kindness,time/urgency",dr foster,,d24094d0cd77b846,0.36814097263523926,0
Today 2:30 PM,POSTCANADA-EN: Delivery attempt failed. (MANDATORY) To reschedule: <URL>,English,delivery,"authority,time/urgency",canada post,,76f879bd7d8f5681,0.3681881685325002,0
12:46 pm,Order Update: Please give the Cancellation code 2566 for order SF561595932FPL to the partner ONLY when they are at the doorstep - Shadowfax,English,delivery,authority,shadowfax,,1bc8ca890efc7498,0.3682597175038769,0
"Thursday, 23 December 2021 2:01 pm","OCBC: You must conduct an account security check immediately, otherwise the account will be locked. Please browse <URL>",English,banking,"authority,time/urgency",ocbc,bit.ly,de0e93d94ff57d37,0.36831666601363566,0
Today 12:15 PM,"Dear User, Your phone is receiving too many spam texts. Clear them now here >>",English,others,"distraction,time/urgency",,,73a14af84bb865e9,0.36834441234599524,0
8:45 PM,My name is <NAMED_ENTITY> i have 2.8 million dollars to donate to you for charity work in your country contact me here:<EMAIL_ADDRESS>,English,others,"kindness,need and greed",,,229ef8a8c2a14ffd,0.368348723112672,0
4:43 pm,"Done, click on the link and get your money",English,others,need and greed,,,f5509f4b4725c7d2,0.3683966924977904,0
Yesterday 5:34 PM,"This program will last for <DATE_TIME>. You will be compensated wit $600 weekly(six hundred dollars per Week), which is essentially a rental payment for letting our company use the space. Drink will provide experts that would handle the advert placement on your car and this will not damage your car <URL>ndly Drop your Full Name: Address city, state and zip code Occupation: Vehicle We shall be contacting you as soon",English,others,need and greed,,,ea157cc9801f53d7,0.36839897836505303,0
17 h 50,<NAMED_ENTITY> it's Fido 👋 Having challenges figuring out if text messages from us are REAL or FAKE? Here are some helpful tips: 1) Check the Phone Number at the top 📱 <NAMED_ENTITY> ONLY sends message from short codes like <DATE_TIME> or 89001 NOT regular phone numbers like this: +1 <PHONE_NUMBER>. 2) Look at the link 👀 Links should start with <URL> or <URL>. When in doubt don't tap any links. Instead go directly to our official website. 3) Watch out for mistakes 📧 Our messages have a playful tone (we're not robots 🤖). We spell things properly and we love to use emojis 😜 More info on fraud and scam prevention: <URL>,English,others,,fido,,f2b578ff0d745ead,0.36841771103361326,0
16:24,"We received your online job application. Report <DATE_TIME> at <DATE_TIME> 12 <NAMED_ENTITY>, Kruis & Albert St (opp fire station, after <LOCATION>) <LOCATION>. Office 101, bring your CV. ref:<NAMED_ENTITY>",English,others,distraction,,,0590bfef3d0bd05d,0.36859332619745705,0
"Tuesday, 8 December 2020 8:32 am","<NAMED_ENTITY>,i ordered dubizzle delivery",English,delivery,"authority,distraction",dubizzle,,82c6722bb8b63ddf,0.36878056118832325,0
Friday,<LOCATION>: Your last payment didn't go through. To avoid disconnection visit...,English,telecom,"authority,time/urgency",electric ireland,,6caa3f8deb80c7cc,0.36878611208987055,0
Today 11:08,There has been an unauthorised login from <LOCATION> <DATE_TIME> at 11:05 Not you? <URL> As soon as possible.,English,banking,"authority,distraction,time/urgency",ulster bank,,d3ba64c343edb188,0.36886240802361586,0
5:54,Please choose a time on my calendar by following this link: <URL>,English,others,,,,451cb51353f49eae,0.36898742811154067,0
Today 12:01 PM,Hi! This is the NYS Department of Health. Download the Covid Alert NY app! It anonymously alerts you if a close contact tests positive. It's always private and secure. Learn how it works here: <URL> Thank you for doing your part and for being New York Tough!,English,government,authority,nys department of health,rebrand.ly,cc4c1c2df3572acd,0.3689917959912719,0
Today 18:19,Hi <NAMED_ENTITY> just a quick reminder that we're at <LOCATION> in <LOCATION> <DATE_TIME> between 9.30am and 4.30pm. Get one-to-one help and support with how to bank digitally ways to manage the increased cost of living and much more. There's no cash service but visit us for a chat or search 'Barclays finder' to book an appointment. Your Barclays team,English,banking,authority,Barclays,,4c4519a274587ffd,0.36909967373208996,0
6:20 PM,Rs.5,English,others,,,,0fe59623dd07dee2,0.36923099423916705,0
7:53,now sms 6 digit code give me please,English,others,dishonesty,,,506d6ee0f2ef366e,0.3692611698900468,0
2022-03-10 16:00:55,"Dear Shrichand Beniwal, thank you for the payment of Rs. 62700.0 towards the premium of your Reliance Nippon Life Insurance policy no. / application no. <US_DRIVER_LICENSE>. T&C apply. Reliance Nippon Life Insurance",English,banking,authority,reliance nippon life insurance,,8a53d04eb1e51c80,0.3692647627387654,0
6:25,RM0 <NAMED_ENTITY>: Click to reset <URL> hJcl4VqMVnQuo8Wzcns5F01P9xMP31negEfEmI,English,government,"authority,distraction,time/urgency",mysejahtera,,9aa5deec9128559b,0.3693480692733238,0
3:43 pm,you have unread messages in your <NAMED_ENTITY> inbox view them at <URL>,English,government,"authority,time/urgency",mygov,,b1fe797b8fcdae09,0.36947854009939307,0
6:00 PM,Your DHL package is on ITS way! Click <URL> TO track,English,delivery,time/urgency,DHL,,3b8d7a654fe6810b,0.36953697939030117,0
"Feb 17th, 2021",Your Facebook business page is currently under review. Confirm page to restore access: <URL>,English,others,"authority,time/urgency",facebook,,9dcff20ddc4e1cdc,0.3696499468898668,0
03/08/2019 18:47:03,"Hello, We have registered your request/complaint via Reference No. 31-<US_BANK_NUMBER> on <DATE_TIME>. The same will be closed within <DATE_TIME>.. To check the status anytime, SMS SR (Reference No.) to 121.",English,telecom,time/urgency,,,a586c96ceb619cd3,0.36973126944439244,0
"Jun 24, 2021, 6:47 PM",As per requirement I've shared following details. Please chk and close the account as soon as,English,others,distraction,,,ffef5b835692afd0,0.36982606688814446,0
12:29,<DATE_TIME> is OTP for txn of INR 3976.00 at HOME CREDIT Gurgaon on ICICI Bank Debit Card <US_DRIVER_LICENSE>.OTPs are SECRET. DO NOT disclose it to anyone. Bank NEVER asks for <NAMED_ENTITY>.,English,banking,"authority,distraction",ICICI Bank,,281b5a1946b8f901,0.3698558752091036,0
Today 10:33 AM,"Hello,I am a <NRP> (woman) who wants to INVEST in INDIA & I need your ""SERVICE"" Pls contact me via email only: <EMAIL_ADDRESS>",English,others,need and greed,,,29a1faf8077961fd,0.36986528966991705,0
"22 Jun, 2:57 AM",Tax Invoice Original for Receiver Details of Receiver Name: <NAMED_ENTITY>: <LOCATION> Email ID of GSTN Holder: <EMAIL_ADDRESS>,English,others,,,,71b98265b4f8d8f2,0.36993159617375077,0
Today 8:03 am,[Overdue] LINKT: Our system record shows that you still have an unpaid toll bill. Please make payment via: <URL>,English,others,"authority,time/urgency",linkt,,c9f2b69e24801abb,0.37040099755672745,0
Today 11:25 am,[AUS Post] Your package has a unpaid fee. To pay this visit <NAMED_ENTITY> If this is not paid the package will be returned to sender.,English,delivery,"authority,time/urgency",aus post,,336725ca7259327c,0.37042172753260516,0
"Jul 13th, 2021",Recent activity may have affected your FB Payment method so you need to update it here https,English,others,"authority,time/urgency",facebook,,0f3bf90ee68b2e97,0.37045013427434276,0
3:17 PM,"<NAMED_ENTITY>, you received (1) new photo--message: <URL>",English,others,distraction,,,d3932f1d86d71dc7,0.3706727790971922,0
Today 18:29,You received (1) new photo--message: <URL>,English,others,"need and greed,time/urgency",whatsapp,,745f8b2294c248e7,0.3706727790971922,0
10:52 AM,"Hello! Your request for SIM with reference number DEL-<US_DRIVER_LICENSE> is registered. Your request will be processed by 07 Sep 20 <DATE_TIME>. For further assistance, dial 199.",English,telecom,"authority,time/urgency",,,f2df90dcc4df74ae,0.37070658313925836,0
Today 19:16,We want to hear your views on the types of GP services available in the evening & weekends. Take our survey and have your say by <DATE_TIME>: <URL>,English,others,"distraction,time/urgency",,,a04e5d193bcd681a,0.3707343009016363,0
13:40,Help the NHS support you during <NAMED_ENTITY>. Register for your e-health record at <URL> More info at: <URL>,English,government,"authority,distraction,time/urgency",nhs,,e71e35fcce5f181e,0.3707849389849811,0
"Saturday 10:42 AM, Saturday 1:07 PM","(VERIFICATION) for the $1,989.50 Charge on E-Bay. if this wasn't you, Tap <URL> to ""DENY"" (*VERIFICATION*) for the $1,989.50 Charge on E-Bay. if this wasn't you, Tap <URL> to ""DENY""",English,others,"authority,need and greed,time/urgency",e-bay,,17680dd92a2730ee,0.3708400846445635,0
"Monday, August 9, 2021 11:50 AM","Hi Amazon urgently recruiting for part-time jobs, you can earn 1000-3000 Rs every day, add Whatsapp:<URL> Call",English,others,"authority,distraction,need and greed,time/urgency",Amazon,wa.me,0a77a3e75775ed2c,0.37087202862825586,0
Today 6:09 PM,[1001-e-TRANSFER] : YOU HAVE A PENDING DEPOSIT.,English,banking,need and greed,,,262b9ddf57d6154a,0.3709601231611915,0
29-Mar-17 22:25,You have exhausted your <DATE_TIME> high speed internet quota of 1 GB on your Jio Number <US_BANK_NUMBER> as of <DATE_TIME>. Now internet speed will be reduced to 128 Kbps in case you do not have any active data pack. The internet speed will be restored by 2:00AM <DATE_TIME>. Click <URL> to buy data packs and continue enjoying high speed internet. Join Jio Prime today and get unlimited benefits!,English,telecom,"authority,need and greed",Jio,,2922c99a8b6a30f0,0.3710186806668261,0
,Courier driver failed to deliver your parcel <DATE_TIME>,English,delivery,distraction,,,9a050011b5c8c5de,0.3711305373391887,0
"Thursday, 2 September 2021","News from HDFC: You + Us: We Miss That. We would love to hear from you. Our latest offerings including an HDFC Home Loan for a second home @ 6.75%* p.a. onwards with a flat processing fee offer of Rs. 3000 (+Taxes), is just a click away. Should you wish to know more, Click here",English,banking,"authority,need and greed",HDFC Bank,,454896d9ebd1d59e,0.3715642291623774,0
Yesterday • 9:35 PM,"We want you to stay with us! Special offer only for you, enjoy <DATE_TIME> 1<LOCATION>, <DATE_TIME>, <DATE_TIME> for <US_DRIVER_LICENSE> only.",English,telecom,"distraction,need and greed",,,47451e1d32c3c213,0.3716765678705514,0
,<US_DRIVER_LICENSE> is <NAMED_ENTITY> (one time password) for updating your RBL Bank Credit Card settings.,English,banking,"authority,time/urgency",rbl bank,,a674f5489be388a1,0.37167696321472476,0
"Wednesday, 17:01","Dear sir, know about your frnds, Your appointment is confirm with a Fe-m@le frnd Like U. Address- in ur Area. Call - divya- <PHONE_NUMBER> SEKBJAJ",English,others,distraction,,,642ec8d3713cf1cd,0.37183158788494525,0
11:52 AM - 6 Mar 18,Sir for credit card we need your atm card details of sbi,English,banking,"authority,distraction",State Bank of India,,f22424cb7cc641e7,0.3718866855565145,0
Yesterday 7:25 PM,"For the goods you buy in our shop, we charge too much, please contact WA : <URL> we will refund8.5RM QjS1",English,others,"distraction,need and greed,time/urgency",,wa.me,cc3c8bcf46af62ae,0.3718923126369183,0
Today 10:25,"IRS is filling lawsuit against you, for more information follow > <URL>ine now.",English,government,"authority,time/urgency",IRS,,e680800e364a7116,0.3719952820330698,0
1m ago,"IRS is filling lawsuit against you, for more information follow> <URL> now.",English,government,"authority,time/urgency",IRS,,308bf9a266f4a0f2,0.3719952820330698,0
07:50,overdue by Rs. 20622 for <DATE_TIME>. Plz pay overdue immediately to avoid penal interest Plz ignore if paid. PNB,English,banking,"authority,time/urgency",pnb,,7cedcef4ceeba10f,0.3720648257156485,0
20:32,How hot are u sexy xxxx writing back please please please please please please <NAMED_ENTITY>,English,others,distraction,,,4239d09805dbe9c6,0.3721347756055135,0
Saturday 10:44,Savings Bank ACC LOCKED Go to <LOCATION> ACCOUNT-ID:agioitneop !,English,banking,"authority,distraction,time/urgency",savings bank,,46ed8a409f7993fb,0.3726648445274634,0
11:02,You're one of the beneficiaries of RETIRED SENIOR CITIZENS CASH ENTITLEMENT <URL>ND EMAIL TO THE OFFICER NOW FOR MORE INFO - <EMAIL_ADDRESS>,English,others,"authority,kindness,need and greed",,,6f55a53b9dfdd1cd,0.3728717602823083,0
11:55 AM on 23/03/23,ASB: A new Payee had been added from a new device at <DATE_TIME> on <DATE_TIME>. If this was NOT you proceed to: <URL>,English,banking,"authority,time/urgency",asb,,deef1f67f8557970,0.37296307381884225,0
20-Mar-2022 22:43,OUTSTANDING-SMS ALERT CHARGE FOR <DATE_TIME>,English,others,,,,d0019bccf6296654,0.37306342240289736,0
Yesterday 22:54,We have reduced some features within our app therefore we require an ID and selfie check via: <URL>,English,others,"need and greed,time/urgency",,bitly.ws,e18ddf1f348c9e3c,0.37312834017611174,0
"12:15, Friday, 17 August","Your iPhone 8 Plus Gold is online, please login to see its location <URL> Copyright <DATE_TIME> Al...",English,others,"distraction,need and greed,time/urgency",iphone 8 plus gold,,205a36cd987f744c,0.3731918692852088,0
"Sunday, January 31, 2021","Dear <NAMED_ENTITY>, Your lost device has been found near <NAMED_ENTITY>, <LOCATION>, <LOCATION>. Check location at <LOCATION>.",English,others,"authority,distraction,time/urgency",apple,,5180f412714acf67,0.3732104108535507,0
"Tuesday, 26 April 2022 18:54",You’ve got a new voice message from your doctor <URL>,English,others,"authority,distraction",cuatrolelementos.eu,,41b4d0f4965bf81d,0.3732993389028034,0
Today 11:50 AM,<URL>:-Your Tax return was rejected by the IRS. kindly fix this by follow <URL>ine now,English,government,"authority,time/urgency",IRS,,eec2a40b800f1a07,0.37338457897493904,0
Today 1:59 PM,"Do not share this OTP. Card 0021 is being used at <LOCATION> for QAR: 0.0. If genuine, use One Time Password 27593. If not, pls call <US_BANK_NUMBER> Debit Card **<DATE_TIME> was used for QAR 0.00 at STARZPLAY COM at <DATE_TIME> Debit Card **<DATE_TIME> was used for QAR 39.99 at <LOCATION> at <DATE_TIME>",English,banking,"authority,distraction,time/urgency",starzplay.com,,ce830c6dbb12ae96,0.3734788045949639,0
Today 2:02 pm,"Your Paypal Acc.. successfully logged in on Device-windows-10 Browser-Opera, IP: <IP_ADDRESS> <LOCATION>, If Not You, CONTACT-US: <PHONE_NUMBER>;",English,banking,"authority,distraction,time/urgency",PayPal,,37aeb53f246fd88d,0.3737127828750127,0
13:02,[MEXC] Dear User your withdrawal verification code is [REDACTED]. Please check the URL and beware of phishing websites. MEXC staff will never ask for you.,English,others,"authority,time/urgency",mexc,,71e8e7f8b3ede017,0.3737294926486013,0
Sat 20:08,"<NAMED_ENTITY>, there was a log-in from an unrecognised device. If this was not you, please enter <DATE_TIME> & confirm your identity <URL>",English,others,"distraction,need and greed,time/urgency",Amazon,,4331c74769034fa1,0.37377318687789934,0
"8 Oct, 11:14 AM","Hi! Your current Airtel plan on ... will no longer be valid from <DATE_TIME>. So that you continue to enjoy Airtel Services, we are upgrading you to Rs.299 Unlimited calling plan. You also get 5<LOCATION> data & 100 SMS/day. To choose any other plan, click <URL>",English,telecom,"authority,time/urgency",Airtel,,8ddfb2ea14ac6d34,0.3738992571316875,0
"8 Oct, 11:14 AM","Hi! Your current Airtel plan on will no longer be valid from <DATE_TIME>. So that you continue to enjoy Airtel Services, we are upgrading you to Rs.299 Unlimited calling plan. You also get 5<LOCATION> data & 100 SMS/day. To choose any other plan, click <URL>",English,telecom,"authority,need and greed,time/urgency",Airtel,,357f661d2a6e35ce,0.3738992571316875,0
"8 Oct, 11:14 AM","Hi! Your current Airtel plan on [REDACTED] will no longer be valid from <DATE_TIME>. So that you continue to enjoy Airtel Services, we are upgrading you to Rs.299 Unlimited calling plan. You also get 5<LOCATION> data & 100 SMS/day. To choose any other plan, click <URL>",English,telecom,"authority,need and greed",Airtel,,a6de61ae91a15a63,0.3738992571316875,0
"8 Oct, 11:14 AM","Hi! Your current Airtel plan on ******** will no longer be valid from <DATE_TIME> . So that you continue to enjoy Airtel Services, we are upgrading you to Rs.299 Unlimited calling plan. You also get 5<LOCATION> data & 100 SMS/day . To choose any other plan, click <URL>",English,telecom,"authority,time/urgency",Airtel,,229037366ebdf40b,0.3738992571316875,0
"8 Oct, 11:14 AM","Hi! Your current Airtel plan on will no longer be valid from <DATE_TIME> . So that you continue to enjoy Airtel Services, we are upgrading you to Rs.299 Unlimited calling plan. You also get 5<LOCATION> data & 100 SMS/day. To choose any other plan, click <URL>",English,telecom,"authority,distraction,need and greed,time/urgency",Airtel,,03b9f0b876827fdb,0.3738992571316875,0
"8 Oct, 11:14 AM","Hi! Your current Airtel plan on will no longer be valid from <DATE_TIME> . So that you continue to enjoy Airtel Services, we are upgrading you to Rs.299 Unlimited calling plan. You also get 5<LOCATION> data & 100 SMS/day . To choose any other plan, click <URL>",English,telecom,"authority,time/urgency",Airtel,,ca53fde71c4dc606,0.3738992571316875,0
Sun Jun 12 12:28 AM,Unfortunately we had to destroy your phone number. In the future you can avoid losing your number by sending a message from your account <DATE_TIME>. This way we know you are still using it!,English,telecom,"authority,distraction",,,d0140f6e24b25c11,0.3739597077336931,0
26/12/19 14:48:38,You Paid Rs.15 at <NAMED_ENTITY> of TS11EK1235 on <DATE_TIME> 14:48:38. <NAMED_ENTITY> Rs.830.46 Txn ID: FT193601456393152,English,banking,authority,,,fe737303c39bb565,0.3741314512184753,0
6-21 3:25 PM,Picked Up: Your return request for HERE&NOW Tshirts has been picked up successfully within <DATE_TIME>. We'll let you know the refund details shortly. - Team Myntra.,English,others,time/urgency,myntra,,8f64769691845d24,0.3743541513440955,0
Friday • 8:51 AM,Package Tracking: Your package arrived at the transit center but could not be delivered due to incomplete address information. Detail info: <URL>,English,delivery,"distraction,time/urgency",,,fd2393150b348234,0.37448509321324086,0
5:57 am,Your unpaid invoice (INV #<PHONE_NUMBER>) is ready to be paid here. -LINKT Details: <URL>,English,others,"authority,time/urgency",linkt,,f3d881b03cc23c93,0.3745725957024795,0
Today 6:49 PM,Add a nominee to Savings A/c / FD! It helps your family to get your hard-earned money easily To add: <URL> > Request > Nomination or visit branch,English,banking,"authority,kindness,time/urgency",,,b472c1efea084612,0.37467514969639665,0
23/01/2020 Thu 18:37,Your Card Application will be processed soon. Confirm few details <URL>,English,banking,"distraction,need and greed,time/urgency",,,1c259b2c75041fb6,0.3750969832306542,0
Today 8:13 AM,Pres Trump: This is the final time I'll reach out. I need you to update your Voter Verification survey RIGHT NOW. Take canvass here >> <URL>,English,government,"authority,time/urgency",pres trump,,b85abc230627dc68,0.37512952237147396,0
"Tuesday, 17 November 2020","I am <NAMED_ENTITY>, I want to transfer my fund for charity to help Poor & Less privileged in your country <LOCATION> through your help. Detail cont: <EMAIL_ADDRESS>",English,others,kindness,,,847e29defce764a6,0.3751450746653244,0
21:31,"Dear <NAMED_ENTITY> Please update <NAMED_ENTITY>'s firmware as the previous one has a vulnerability, which can lead to losing assets",English,others,"authority,time/urgency",ledger,,b194aa4ce6dcf267,0.3753460292278216,0
Today 3:23 PM,"Dear [REDACTED] Please update <NAMED_ENTITY> firmware as the previous one has a vulnerability, which can lead to losing assets",English,others,"authority,distraction",ledger,,2c0ef818919a66c4,0.3753460292278216,0
06/11/2022 03:12 PM,IFO <US_BANK_NUMBER>/NG UNAPPLIED Ref: SMS ALERT CHARGE,English,others,,,,a1e97e152ee43686,0.3753737140819519,0
Yesterday 12:58 PM,locality area :- <LOCATION> I'd :- <US_DRIVER_LICENSE> LOGIN NUMBER :- <PHONE_NUMBER> due to fraud,English,others,,,,80d409e5113d93d8,0.3753963134370371,0
10:57,"<Message from <LOCATION> Police Force> Did you receive a new job offer? Were you told to top up accounts or transfer money into bank accounts of unknown people? BEWARE! This could be a SCAM. Always remain vigilant and cautious. When in doubt, verify! For scam-related advice, call the Anti-Scam Hotline at <PHONE_NUMBER>.",English,government,"authority,distraction",singapore police force,,cc9b2ffdb9ab055c,0.37542327958034977,0
9:13 AM,Your Rs.100 Cashback is about to 'Expire'! Shop at Big Bazaar before <DATE_TIME> use your Future Pay cashback before it's lost. Ignore if already used.,English,others,"authority,distraction,time/urgency",big bazaar,,2a1f6513464729bc,0.37555646579536456,0
1:26 PM,"All you need is a mobile phone. Working from home, <DATE_TIME> wage: 2000 to 9000 rubles. Aft...",English,others,need and greed,,,54bc7356f149e2dc,0.37564468229231923,0
,"Thank You for Your time. Listed abusive account has been terminated. If there is anything else I can assist you with, please let me know.",English,others,,,,ff1d7bb4e1357683,0.37564666954591225,0
"Tuesday, 31 May 15:37","Dear I am a HR. You are noticed for home based JOB. Now you can upto Rs.20,000/ Day. Apply <URL> pleasec heckinboxPARKEN",English,others,"distraction,need and greed",,wa.me,227a05853ab69864,0.3757786125486276,0
21:45,Dear User Account Will,English,others,,,,b3be88a634f9a727,0.3758359786989711,0
,"Government of India. In the process of monitoring cyber threats, it is observed that your computer is observed/suspected with malware/bot. Hence, you are requested to clean the malware/bot from your computer. For more information and remedial measures visit website of Indian Computer Emergency Response Team (CERT-In)",English,government,"authority,time/urgency",government of india,,806a73159860b390,0.37584328620328744,0
1:41 PM,<NAMED_ENTITY> for online purchase of Rs. 11116.82 at FREECHARGE PAYMENT T thru State Bank Debit Card 4591*****05 is <US_DRIVER_LICENSE>. Do not share this with anyone.,English,banking,"authority,distraction",state bank,,de4ae11c75afda31,0.37607536521946566,0
Yesterday • 7:27 pm,"Dear Colleague Earn Rs 8000-20000 per day easily, work online, no time limit, contact: <URL> PrincipalCLEBEDthankyou",English,others,"distraction,need and greed",,wa.me,99befffbbc81d295,0.37621005540709945,0
2021-06-08T13:55:00,"<NAMED_ENTITY>,welcome back! We received your application, thanks for your request: <URL>",English,others,"authority,distraction",,,d510bebcda8e787f,0.3763598933970207,0
12:46,"Hello <NAMED_ENTITY>, Nationwide here. We need to talk to you about your mortgage. Please give us a call as soon as possible on <DATE_TIME>",English,banking,"authority,time/urgency",nationwide,,a954472eca501b44,0.3764489226999135,0
Today 11:56,<LOCATION> client. Kindly register on <URL> to get your latest statement and transaction history.,English,government,"authority,distraction",city of tshwane,,912633951a20b93e,0.3764620978286989,0
11:36 AM,(Wells Fargo) Account Locked. Check personal link: <URL>,English,banking,"authority,time/urgency",wells fargo,,0752f1272a9b41f4,0.37650464264049177,0
10:51 AM,"Hi, I'm the hiring manager at jumia. Do you want to know the most lucrative jobs in <DATE_TIME>? Whether you are at home or at work, you can easily earn 800-3000GHS by using your mobile phone for <DATE_TIME> a day. Wages are settled on <DATE_TIME>. 100% safe, 100% legal to work, no risk. If you want to work, please add WS account:",English,others,"authority,need and greed",jumia,wa.me,9f7968448e4f2298,0.3765528269303041,0
"Saturday, 18 September 2021 12:28","DPD: Sorry we've missed you, Our driver was unable to deliver your parcel. You can reschedule further delivery options by following here: <URL>",English,delivery,"authority,distraction,time/urgency",dpd,,d211c726c4c74143,0.3765805131079189,0
5-19 6:10 PM,Your order is delivered with invoice no. 5-<US_BANK_NUMBER>. elnvioce & give feedback <URL>,English,delivery,"authority,time/urgency",indian oil,,240c7e727050ebdf,0.376677471672135,0
5-19 6:10 PM,Your order is delivered with invoice no. 5-<US_BANK_NUMBER>. elnvoice & give feedback <URL>,English,delivery,"authority,time/urgency",indian oil,,ad0e63f4d34092dc,0.376677471672135,0
,"Whole Foods Market is starting an exceptionally huge research project in your general vicinity. This project happens <DATE_TIME>, so we need to choose Shoppers to work as a store evaluator. You will get $400 on each endeavor. Every task requires <DATE_TIME> of time at the store in addition to time to review your post-visit reports. CLICK THE LINK BELOW TO PROCESS YOUR APPLICATION:",English,others,"authority,distraction,need and greed",whole foods market,bit.ly,cf2be36d79f3b65a,0.3767518263891455,0
1:04 pm,"Hello <NAMED_ENTITY>, we have registered the Request related to Cancellation on your Airtel Number. Service Request No. 31-<US_BANK_NUMBER>, dated <DATE_TIME>. Rest assured, we will work on the same and get back to you with an update by <DATE_TIME>. Alternatively, you can also check the status of your Service Request on Airtel Thanks App: <URL>",English,telecom,"authority,distraction",Airtel,,5dba56452b2ac95b,0.3767559833936301,0
Monday • 9:37 pm,"Hello <NAMED_ENTITY>, we have registered the Request related to Cancellation on your Airtel Number 9. 1◌১. Service Request No. 31-<US_BANK_NUMBER>, dated <DATE_TIME>. Rest assured, we will work on the same and get back to you with an update by <DATE_TIME>. Alternatively, you can also check the status of your Service Request on Airtel Thanks App: <URL>",English,telecom,authority,Airtel,,b815a79ac565b852,0.3767559833936301,0
12:50,link,English,others,,,,b1b1bdb480c61d07,0.3768230162378871,0
20:46,Verification code: 8728,English,others,,,,6d047fbb0128443a,0.37683163803204145,0
Today 16:55,Twitter authentication code:,English,others,,twitter,,b8a10fa006b57845,0.37683163803204145,0
11:43,Your SIM replacement process has begun. This will be completed within <DATE_TIME>. If this wasn't you report it immediately.,English,telecom,"distraction,time/urgency",,,ab9435345eb64ee2,0.37684975025720824,0
Today 11:27,"DECLINED, was If you made all the payments above please reply <NAMED_ENTITY>, if there are any that you didn't make please reply <NAMED_ENTITY> The letter D after any of your payments means it's been declined. Your Barclays Team",English,banking,"authority,distraction,time/urgency",Barclays,,c9f05166f644d58f,0.376900816729562,0
Today 2:02 AM,Thank You for using McDelivery Service your One Time Password is ...,English,others,authority,mcdelivery,,154947700fc59e28,0.3769109322212156,0
"sábado, 28 de novembro de 2020 19:55","Withdrawal request from new Device, (IP <LOCATION>, <LOCATION>). Edit or Cancel details:",English,banking,"distraction,time/urgency",,,b8e86c7e89b8fd01,0.3770938151366732,0
Yesterday 12:20 pm,your account may be suspended and requires additional verification: <URL>,English,banking,"authority,distraction,time/urgency",commbank,,b9ce4b2a0b833ed8,0.377196409447582,0
10:17 am,Your account may be suspended and requires additional verification. <URL>,English,banking,"authority,time/urgency",westpac,,efd8f9cf69774caf,0.377196409447582,0
"Sun, Oct 16 at 11:37 AM","|#invst-BoA#| :We weren't able to process your last withdrawal. For more details, visit <URL>",English,banking,"authority,time/urgency",Bank of America,,8f3a349c5ad854b4,0.37729038942057974,0
Now,Your package with DHL (ePacket) is now in transit. <URL> dog53,English,delivery,"authority,time/urgency",DHL,,e38aba2285b0f8c8,0.37734617728913084,0
21:04,"At 20.34.19 on 16/07 , you authorised a registration of a new device. If this wasn't you visit <URL>",English,banking,"authority,time/urgency",Lloyds Bank,,cd0ac1db95f6fc93,0.37738340447162827,0
14:19,"HALIFAX: A beneficiary was added to your account. If this WAS NOT you, cancel at <URL>",English,banking,"authority,distraction,time/urgency",halifax,,6eb2740124fe1174,0.37742110497062586,0
Today 13:56,"i kidnap your daughter , if you want your daughter safe. bank in $5000 now DON'T REPORT POLICE , U REPORT I WILL KILL HER.",English,others,"distraction,time/urgency",,,3f014728ad04a590,0.37742125584502734,0
Today 13:56,"i kidnap your daughter, if you want your daughter safe. bank in $5000 now DON'T REPORT POLICE, U REPORT I WILL KILL HER.",English,others,"distraction,time/urgency",,,0f3df5eb1ca87522,0.37742125584502734,0
Today 13:56,"i kidnap your daughter ; if you want your daughter safe. bank in $5000 now DON'T REPORT POLICE , U REPORT I WILL KILL HER.",English,others,"distraction,time/urgency",,,e4938b5792f5c7ed,0.37742125584502734,0
,Congrats <NRP>! Burlington has sent you an interview invite via email with scheduling instructions. Our Burlington team looks forward to meeting with you!,English,others,,burlington,,97f0af8b05122310,0.3775505323399012,0
11:24,"Straight from <LOCATION> Police fraud team - Extremely sophisticated scam going <DATE_TIME>. Definitely Danske bank customers but possibly all banks. You get a message saying a payment hasn’t been taken eg <US_DRIVER_LICENSE>, EE, (etc) and to click here. DO NOT DO IT!! As soon as you touch it the money is gone. They already have all your details and it’s the most advance scam the banks have ever seen. Pass this on to everyone. Please. The Police are being inundated with calls - thousands flying out of peoples accounts! Spread the word!",English,banking,"authority,distraction,time/urgency","city of london police, ee,O2,danske bank",,c336658486a6d933,0.37757483642873946,0
"Sun, Apr 24 at 10:57 AM","Hello, this is <NAMED_ENTITY> reaching out from <LOCATION> Speaks, a research firm. <DATE_TIME> we are polling CA. Can you take a brief survey? (or reply END POLL to unsubscribe)",English,others,,us speaks,,4858bee7006868d4,0.37758552496102765,0
25 MAY 2022,SMS Alert Fee-24 <DATE_TIME> -₦ 396.24,English,banking,"authority,distraction",,,a194cc4a79820cce,0.3776941854526799,0
"May 8, 2022 3:43 PM","Hi <URL>ce to meet you.I have a female friend with a good financial. She have no time to make friends for busy work, now she want to marry a man <DATE_TIME>, if you are <DATE_TIME> to <DATE_TIME>. Reply the number '1' and Click the link to message her immediately. 👇👇👇",English,others,"dishonesty,need and greed,time/urgency",,wa.me,6d63a021215807c7,0.3778155853687142,0
"Tue, 18/07/2017 05:23",my name is <NAMED_ENTITY> i want to transfer £2.5 million pounds to you for the poor ones in your country <LOCATION> contact me <NAMED_ENTITY>: <EMAIL_ADDRESS>,English,others,"authority,kindness,need and greed",,,ac5bb238996f86e3,0.37792869586071803,0
3:44 PM,Your one time password is <DATE_TIME>. This code expires in <DATE_TIME>. Dubai Police will never call you to ask about this code. DO NOT SHARE THIS CODE WITH ANYONE.,English,government,"authority,distraction,time/urgency",dubai police,,950fbb8ecbe9a6a4,0.3779406465948308,0
Today 09:31,"Hey, it's Radiolab. We're just 150 gifts shy of our 5,000 donation goal for <DATE_TIME>. Get us there <DATE_TIME>: <URL> Thanks for your support.",English,others,"need and greed,time/urgency",radiolab,,37458b3b2c96c71a,0.37795281365849626,0
"Sun, Dec 26, 11:46 AM","OCBC: You must conduct an account security check immediately, otherwise the account will be locked. Please browse.",English,banking,"authority,time/urgency",ocbc,bit.ly,7cdb680f30cc4e45,0.37798633780914853,0
Today 20:41,AN POST: Your package has a €1.70 unpaid fee. To pay this visit <URL> If this is not paid the package will be returned to sender.,English,delivery,"authority,time/urgency",an post,,050a220bf0700c30,0.3780188554152292,0
20:33,AN POST: Your package has a €1.90 unpaid fee. To pay this visit <URL> . If this is not paid the package will be returned to sender,English,delivery,"authority,distraction,time/urgency",an post,,aa5bc37f12618cd2,0.3780188554152292,0
2022-07-20,AN POST: Your package has a €1.90 unpaid fee. To pay this visit <URL> If this is not paid the package will be returned to sender.,English,delivery,"authority,time/urgency",an post,,90a1c6e149bb6f84,0.3780188554152292,0
Today 11:44 AM,Hi DEWAKAR M your Air Conditioner was successfully serviced. We would love to know your feedback. Please confirm whether or not your device is working fine by clicking the link <URL> -Onsitego,English,others,,onsitego,,79a1e57867ed8513,0.3780820558416358,0
2:16 PM,<US_DRIVER_LICENSE> smartRECHARGE successful! You have received 10x value: <US_DRIVER_LICENSE> for <DATE_TIME> for Airtel calls; <US_DRIVER_LICENSE> for LocalCalls; <US_DRIVER_LICENSE> for data.,English,telecom,"distraction,need and greed",Airtel,,b0aa48875d5e7695,0.3781110354425425,0
"Monday, 14 Feb • 13:42",An Unauthorised Transaction was Performed using your BOI Visa/Debit Card. You can Authorize or Cancel this request,English,banking,"authority,distraction",boi visa/debit card,,01e5263d1f3c2396,0.37831135752105677,0
08:25,"Payment FAILED for order <NAMED_ENTITY>.... To convert it to COD at no extra cost, click <URL> <LOCATION>",English,delivery,"authority,distraction,time/urgency",Amazon,,2939827c7353d122,0.3784126708556749,0
20-10 15:25,"<NAMED_ENTITY>, Your A/C XXXXXXXX4598 Can Be credited with Rs.<US_DRIVER_LICENSE>. Check Now - <URL> T&C*",English,banking,"authority,need and greed",,,ee227b62e6cad108,0.3785573723935183,0
12:57 PM,Your A/C XXXXXXXX6596 can Be credited with Rs.<US_DRIVER_LICENSE>. Check Now! <URL>,English,banking,"need and greed,time/urgency",,,8b3c6efd7f933506,0.3785573723935183,0
,reschedule a new delivery date visit: <URL>,English,delivery,"authority,time/urgency",post office,,27e58c04d0bfdf46,0.3786720269472187,0
5:59 pm,"Dear Customer I am an Amazon project manager, we are hiring a team, you can work from home, <DATE_TIME> salary: 5000+watsapp understand",English,others,"authority,need and greed",Amazon,wa.me,fab4dc1a997de413,0.3786919769255156,0
8:01 p.m.,"I am presently the Operation Manager of our bank here in <LOCATION> and please do not expose this transaction for any reason, I will give you more information of myself, our bank and the transaction itself once you accept to do this with me. Late Mrs. <NAMED_ENTITY> Mae lived and worked here in <LOCATION>, <LOCATION> as a mid-wife and also a real estate business woman and she deposited in our bank the sum of one million, five hundred thousand US Dollars (US$1,500,000.00) as fixed deposit for <DATE_TIME> On <DATE_TIME>. This deposit has long matured and has gone dormant for over Six (6) years. We have tried to reach her and could not. Her telephone number cannot be reached, emails sent to her kept bouncing back as undelivered and we never got any response from the letters posted to her.",English,banking,"authority,distraction",,,afc53011cf7a1a3b,0.37877922444872214,0
"Mon, Mar 20 at 5:28 PM",You were recently invited to share your opinions about issues in <LOCATION>: <URL> Not interested? Reply STOP.,English,others,need and greed,,,1f1f2f2275be7391,0.37888366901997916,0
"Monday, 30 March 2020 12:16","Keep your Clinics,Hospitals open. min. <DATE_TIME>. Prominent display board -contact No.& Timings must. Pres- Dr. <NAMED_ENTITY> Sec- Dr. <NAMED_ENTITY>IMA Maharashtra State",English,others,authority,ima maharashtra state,,955ab74d901db30c,0.37891069928648624,0
Thursday 10:13 AM,"CASH BUY 10000 SHARES OF 'FUNNY SOFTWARE LTD' CODE '<DATE_TIME>' CMP 8.59 INR TGT 12,15,17 INR SL 8 INR TIME HORIZON 15 DAYS",English,others,"need and greed,time/urgency",,,0fb1c8f9e2dcb7c3,0.37895546611152064,0
"12:34 PM, Monday, June 22, 2020",FB: New Abuse Report received. Follow the link for details: <URL><EMAIL_ADDRESS><URL>,English,others,"authority,distraction,time/urgency",facebook,,44ada156f2151f88,0.37897773814652636,0
Monday 13 March 8:17 pm,Your My name is Nehaa urgently need workers 17000RS contact: <LOCATION>,English,others,,,,0975775527c629de,0.379039045052508,0
2:50 AM,CONGRATS! You can now enjoy <DATE_TIME> of free browsing. Valid <DATE_TIME>. Dial *777# to check the balance. Thank you.,English,telecom,"distraction,need and greed,time/urgency",,,52b7cbf2dbe8bafd,0.3791111370206327,0
Today 5:20 PM,Dear SBI USER A/C will be blocked Updated PANCARD Verify login <NAMED_ENTITY> with <NAMED_ENTITY> hare https://,English,banking,"authority,time/urgency",State Bank of India,,281d81995fc4d41a,0.3794073858059529,0
3:58 PM,"Flipkart Update: Sorry for taking longer than expected to resolve your issue with realme GT NEO 2 (NEO B.... Rest assured, we will share an update by 16 Jul, <DATE_TIME>. Track Issue: <URL>",English,delivery,"authority,distraction",flipkart,,986b1dd22c226c42,0.3794417654346493,0
Today 7:21 AM,Amazon : Thank you for your purchase. We will inform you when its shipped. View your order and special rewards on,English,delivery,authority,Amazon,,084465883964708a,0.3795725374000654,0
"Friday, April 6, 2018 10:10 AM","<NAMED_ENTITY>, put this on your phone so I can send you a video message",English,others,distraction,,,c3ea1bb7c1af8132,0.3796765489364837,0
Sun 18 June 01:28,Hey it’s [name] from twitter Could I ask an urgent favour please?,English,others,"kindness,time/urgency",twitter,,100d10f426e7456d,0.37967844829605635,0
11:28 AM,Arriving <DATE_TIME>: Your Prepaid order #7905 for Brief will be delivered by <NAMED_ENTITY>. Happy Shopping! - Dash101,English,delivery,,"dash101,delhivery surface",,56b51a62ee4ff3bc,0.37978208254798296,0
26 Feb,Pay_Fast: A New payment Notification was sent to you via P...,English,others,,,,507bc714b1216254,0.38028295776570675,0
07:05,"Could you partner with me in a deal from U K to <LOCATION>?. For more details, please contact me on my email ID: <EMAIL_ADDRESS> Could you partner with me in a deal from U K to <LOCATION>?. For more details, please contact me on my email ID: <EMAIL_ADDRESS>",English,others,authority,,,afcf9053624b16f7,0.38040059719774916,0
3:00,my name is <NAMED_ENTITY> i want to transfer £2.5 million pounds to you for the poor ones in your country <LOCATION> contact me Email;<EMAIL_ADDRESS>,English,others,"kindness,need and greed",,,b51d4b19f0993aac,0.38046454099978433,0
2022-05-17,"<URL> ZofHB08b2QA83Y9tzOm Amazon: Sign-in from I, GR. Tap link to respond.",English,others,authority,Amazon,,77f1f03c5b5bef74,0.3804876719879412,0
8:38 AM,"FNB :) <URL>shau sent <US_DRIVER_LICENSE>.00. At FNB ATM, press PROCEED, select eWallet Services. PIN 91778, is valid for 16hrs. If expired, dial *120*277# for new PIN",English,banking,"authority,need and greed,time/urgency",fnb,,60695f992e78e91b,0.38050316377353033,0
Today 7:28 PM,"Hello, i am texting to know if your vehicle on trademe is still for sale, plz email <EMAIL_ADDRESS> as this is urgent",English,others,time/urgency,trademe,,156ea7ca5a3efb8b,0.38050500458913267,0
,Additional information required about your source of funds.,English,others,authority,,,0b18dc0e76565e50,0.3806921461067644,0
Yesterday 6:35 pm,Aditya Birla Health Insurance has requested payment of INR 7613.00. You can pay through this link: <URL>,English,banking,"authority,time/urgency",aditya birla health insurance,,e7451c59088e80a0,0.38082618266387885,0
TUE AT 19:54,"Alert: Your pack benefit of 4G/3G/2G data is expiring in <DATE_TIME>. Recharge again for continued benefit. For Balance & Validity,dial *121*<DATE_TIME>",English,telecom,time/urgency,,,66ce2b7e28492688,0.3808471662051425,0
Today 2:04 PM,[BANK Alert]: Your BANK account was successfully linked into BPI Online if you did not make this change cancel it here:,English,banking,"authority,need and greed,time/urgency",bank,,6dd2a8a59ce5684d,0.3808583740041189,0
Today 1:10 PM,"HI I AM DIPIKA CALL ME <URL>D MEET HIGH PROFILE WOMEN & FULL FILL YOUR DREAMS, or FULL ENJ@YMENT. GUYS E@RN 25K TO 35K PER <URL>TALLY SAFE AND SECURE",English,others,need and greed,,,0043fb50720f51b5,0.38094872619318826,0
Tue 04 Apr at 12:31,Postal reminder: Your package has incorrect information that needs to be corrected in time. Details:,English,delivery,time/urgency,,,6aedf3d115e1dcc8,0.38102309614384844,0
Friday 24 February 10:39,Welcome to State bank Sbi enquiry <URL>,English,banking,authority,State Bank of India,,1341fe496fb5ac3e,0.38105476403821686,0
2:21 PM,Online link <URL>:7404/selfcare_beta/<URL>p?r=qp/enterdetails Select green color box option make payment pay outstanding and put the amt manually in amt box n pay. Account no <DATE_TIME> HD 1STREAM 50 MBPS <DATE_TIME> FOR 500 GB PER <DATE_TIME> OFFER 6+6 EXTRA MONTHS- (INCLUDING GST ) AMT 4436 /,English,telecom,"authority,need and greed",hathway isp,,1ca2cd24ce82a8ff,0.3811060431242117,0
6:32 PM,"Good day! Your Swab Test performed last D done for Aggressive Community Testing indicates that you are NEGATIVE for COVID-19. Nevertheless, we still advise the following: Get adequate rest; Eat right and healthy, drink plenty of water; Wear your face mask and face shield; Practice social distancing; Practice proper hygiene and don't share personal belongings; Seek early consultation when experiencing any symptoms; Don't hesitate to call or text hotline. Thank you. “We Work As One We Heal As One”",English,others,authority,,,31037ab086a2e01d,0.38117936210120873,0
13:38,[<NRP>] Your coupon is about to expire please redeem it in time it will become invalid after expiration your exclusive link: <URL>,English,telecom,"authority,time/urgency",vodacom,,84aa447489e6eb81,0.3813213632748939,0
7:09 am,"Join <LOCATION>'s best broadband service for superfast & reliable <LOCATION> at home! To get Airtel Xstream Fiber with FREE router, click <URL>",English,telecom,"authority,need and greed",Airtel,,93939eede29b9dfe,0.38132498845553303,0
"Monday, 6 September 2021 21:05",We CAME across a parcel FROM <DATE_TIME> pending for you. Confirm for delivery here:,English,delivery,"distraction,time/urgency",,,1f19c8659b010e15,0.3814762403885582,0
"Tuesday, 24 March 2020 19:48",<URL> CORONAVIRUS ALERT New rules in force now: you must stay at home. More info & exemptions at <URL> Stay at home. Protect the NHS. Save lives.,English,government,"authority,distraction,time/urgency",gov.uk,,c5aa7c64f7866233,0.3815317867187936,0
"Tuesday, 24 May 09:00",[FutureWallet]Your loan is <URL>pay it as soon as possible to avoid affecting your life!,English,banking,"authority,time/urgency",futurewallet,,00b37c3b02757600,0.38193420961998753,0
5m,"SANTANDER: Unusual activity detected, a scheduled Transfer to <NAMED_ENTITY> is on HOLD, if this was NOT attempted by YOU, visit: <URL>",English,banking,"authority,distraction,time/urgency",Santander Bank,,8a5494c5becac3ac,0.38201139603924905,0
Yesterday 1:04 PM,"Special offers on personal loan <DATE_TIME>,prec",English,banking,need and greed,,,98f10f7bd2f403fe,0.38205893725321166,0
1:38 PM,Grievance PROFIT WITHOUT RISK INVEST WITH AUTOTRADING SYSTEM AND GET <DATE_TIME> 4% TO 5% OF YOUR CAPITAL FOR MORE,English,others,need and greed,,cutt.ly,3a701dc404eb87e7,0.3820695753159009,0
"Today, 5:30 PM",We need to verify your identity.,English,others,,,,8f40f484596764f8,0.3821493060583993,0
Today 5:21 pm,<NAMED_ENTITY>: We need to verify your credentials:,English,banking,"authority,time/urgency",netbank,,af4fdb3a4d74888c,0.3821493060583993,0
Today 12:18,"DHL: Your parcel is arriving, track here:",English,delivery,"authority,time/urgency",DHL,,80cc375696616931,0.3822737738815531,0
Today 8:14 PM,Unsuccessful package from <DATE_TIME> owed to you. Kindly assume ownership and confirm for delivery.,English,delivery,need and greed,,,bdabf3fa364d2f07,0.3824658436277489,0
"Feb 22, 2020 at 14:31","Charge-sheet has been filed against FIR No. <US_BANK_NUMBER> at BORIVALI,RAILWAY MUMBAI on <DATE_TIME> at 14:31",English,others,,,,341ef79c9b9d013f,0.38254464217188194,0
Today 19:29,<URL> CORONAVIRUS ALERT New rules in force now: you must stay at home. More info & Exemptions at <URL> coronavirus Stay at home. Protect the NHS. Save lives.,English,government,"authority,time/urgency",gov.uk,,391588ce04a37a2b,0.3826349351287826,0
Wed 5:34 PM,AXIS BANK Personal loan Starts @10.85% with Part Payment 0%,English,banking,"authority,need and greed",Axis Bank,,724f0121a5c386af,0.3826406766066069,0
14 June 2023 4:59 am,LinKt reminder: Don’t forget to pay your toll bill $6.95 before <DATE_TIME>. Penalty will apply whens overdue. Tap and pay on <URL>,English,others,time/urgency,,,23633b4852b512d9,0.3827059619191151,0
23:19,You are on a RED Data 50<LOCATION> package. You have <DATE_TIME>; 304.00 MB Data; <DATE_TIME>; 1) Detailed 2) <NAMED_ENTITY> So Far,English,telecom,authority,,,b31a58cccfccad77,0.38282315523607413,0
Today 5:46 am,Notice: Overdue records may affect your credit check <URL> to learn more.,English,banking,"authority,time/urgency",,,72b0c9d30b4d1095,0.3829684250255689,0
Today 16:12,"SANTAN-FRAUD: A transaction has been attempted on 15/04 at <DATE_TIME>. If this was not you, proceed at: <URL>",English,banking,"authority,time/urgency",santan,,a9dc57e25f01b598,0.3829725483968633,0
Saturday 10:44,FRM: Savings Bank ACC LOCKED SUBJ: Go to <LOCATION> MSG: ACCOUNT-ID:agioitneop !,English,banking,"authority,time/urgency",savings bank,,21263510ad81c925,0.383028977562149,0
Saturday 10:44,FRM: Savings Bank ACC LOCKED SUBJ: Go to <LOCATION> MSG: ACCOUNT-ID: agiоitneop !,English,banking,"authority,time/urgency",savings bank,,c5f4fb068222348e,0.383028977562149,0
Saturday 10:44,FRM: Savings Bank ACC LOCKED SUBJ: Go to <LOCATION> MSG: ACCOUNT-ID: <NRP> !,English,banking,"authority,distraction,time/urgency",savings bank,,942df3ee60bda851,0.383028977562149,0
Saturday 10:44,FRM: Savings Bank ACC LOCKED SUBJ: Go to <LOCATION> MSG: ACCOUNT-ID:agoiitneop !,English,banking,"authority,time/urgency",savings bank,,558db72b4231e7eb,0.383028977562149,0
Today 09:56,USPS-Your package is being returned to the sender your address could not be verified. <NAMED_ENTITY> update here: <URL>,English,delivery,"authority,time/urgency",USPS,is.gd,18c75d8ca5a6e8ed,0.3833362967041798,0
"Fri, Jan 6 at 3:01 PM","USPS-Your package is being returned to the sender, your address could not be verified. <NAMED_ENTITY> update here: <URL>",English,delivery,"authority,time/urgency",USPS,is.gd,06782fa99d63eabc,0.3833362967041798,0
"Aug 2nd, 2021","This is <NAMED_ENTITY>, I saw this bussines on your facebook page, still available??? https",English,wrong number,,,,af9354ebf5dc4086,0.3833515013978914,0
14 May 2019,My name is ... & I'm the from the Talent Acquisition team for ByteDance. I managed to get a copy of your CV via Jobstreet resume search & thus reaching out. Mind me asking if you'd be interested to explore a Content Review role with us located @ <LOCATION>? Here is our website: <URL> & you probably heard of our platform: <URL>,English,others,authority,bytedance,,3133c2f79d77a88e,0.3836333666806087,0
"Monday, 25 January 2021, 10:16 am",<DATE_TIME> on <NAMED_ENTITY> sent from Easypaisa Biometric Agent.fatma <NAMED_ENTITY> TID:<US_BANK_NUMBER>,English,banking,"authority,distraction",easypaisa,,2bdcecf0c41214ef,0.383667653701834,0
"Thursday, March 25, 2021 13:21","Hi Maghan, your <LOCATION> order #<US_BANK_NUMBER> will be delivered before <DATE_TIME> on <DATE_TIME> Mar. Track delivery",English,delivery,time/urgency,takealot,,6d16e7cba04b6ac1,0.38385348905877276,0
2018-01-07T16:03:00,Planned power outage at your property on <DATE_TIME>. Click for details.,English,others,"distraction,time/urgency",,,c082bbf47d8b1686,0.38398256279636345,0
,Welcome to LINE Cool!!!,English,others,,line,,52e2db4947f14504,0.3840687470762616,0
10m,We did a Non-taxable deposit of 15.4 <NRP> into your BTC portfolio at <URL> .Customer ID: [redacted] and Password: [redacted],English,banking,"authority,need and greed",www.coinrow.net,,20a1f30766c0fc4b,0.3840781314199421,0
Today 00:24,Hi NOTICE You are selected for an interview in L&T. To Download Your Interview Letter Kindly Visit: <URL> Thanks Mopl,English,others,"authority,distraction,time/urgency",l&t,,73355a28df75aab8,0.38412247251282045,0
9:36 am,Citibank Credit Card Bill Due! <NAMED_ENTITY> for Card ending with ... due <DATE_TIME> with Total Due ... for fast settlement and assured rewards...,English,banking,"authority,need and greed,time/urgency",Citi,,fc32e1d5b4efec62,0.3841508920995351,0
"Wed, Apr 26 at 11:45 AM","""The fresh start programs and eliminating about 90 to 95% of your current debt amount. Please give us a call back here at <DATE_TIME>. Again, that number is <DATE_TIME>. Thank you so much and looking forward to hearing from you. Bye bye."" Click here: <PHONE_NUMBER> to listen to full voice message.",English,others,need and greed,,,2b4d530564832791,0.3841810973915324,0
07:29,NHS: Test&Trace has recieved reports that you were in contact with somebody who has <NAMED_ENTITY>. Please get yourself a test kit: <URL>,English,government,"authority,distraction,time/urgency",nhs,,5c229e5d61026223,0.3842772466448256,0
Today 4:28 PM,410 Account suspended — Medium Oopsie,English,others,distraction,medium,,b0a61dc1e34f6cda,0.384329591043845,0
now,"Police are searching for missing woman, <NAMED_ENTITY>, <DATE_TIME>, last seen at <LOCATION>, <LOCATION>, <DATE_TIME>. Call 000...",English,government,"authority,distraction",police,,df95f6999718a1bb,0.38433933540147897,0
Thursday 5:37 PM,"Hi, I'm a hiring manager and I'm currently hiring a part-time team. Wages are paid <DATE_TIME>. You can work from home and earn between 1,000 and 50,000 pesos a day. The job is simple and can be done anytime, anywhere. To apply for a job, click on the Whatsapp link: <URL>",English,others,"need and greed,time/urgency",,,9ebacda31c8ed2ce,0.38433960462123096,0
1 min ago,SBI CREDIT CARD SERVICE,English,banking,authority,State Bank of India,,cb6491811a061029,0.38436944944773116,0
Today 13:13,Y'ello! Please reply with a valid email address for the decision-maker of the MTN BUSINESS account for : so we can send important updates.,English,telecom,"authority,distraction",MTN,,0703f625994e8ae3,0.3844225815530784,0
,Hi <NAMED_ENTITY> here. We're moving all members to our upgraded network. You'll need a new phone to continue service. Interested in a Google Pixel? Save $200 on eligible models if you order by 5/4. Start here: <URL>,English,telecom,"authority,need and greed,time/urgency",visible,,66a8ea03d7c5e854,0.3844308070671424,0
Today 9:42 AM,"Your singpass has expired, you can reactivate it through the link for security purposes: <URL> Your <NAMED_ENTITY> has expired, you can reactivate it through the link for security purposes: <URL>",English,government,"authority,time/urgency",singpass,bit.ly,c6c169999d63240e,0.3844765750404765,0
Saturday 1:38 PM,Your parcel has failed to be delivered several times the receiving address is wrong pls update the address in time to redeliver click <URL>,English,delivery,"distraction,time/urgency",,,5af2d3cb01c02a24,0.38449523430599497,0
Today 5:15 AM,NETFLIX <DATE_TIME> payment Unsuccessful and Your account is temporary Locked. See The Complete Details In The Attachment Below.,English,others,"authority,time/urgency",Netflix,,c9c8b5c1d304d85b,0.3847939149908138,0
22/01/2017 8:16AM,Hi! We have not received the payment of Rs. 2614 for Account no. <US_BANK_NUMBER> for <DATE_TIME>. Pls click here <URL> & pay online to continue <URL>,English,others,"need and greed,time/urgency",,bit.ly,bffc28bbb261de4a,0.3848132657617715,0
1:49 pm,<URL> has requested payment of INR 100. You can pay through this link: <URL>,English,others,"distraction,need and greed,time/urgency",www.ethinfo.net,,a04831b03a392035,0.38481454593129416,0
12:20 AM,"Please be informed that, your package is ready for delivery. Confirm the shipping fee 10.89 QR",English,delivery,"distraction,time/urgency",unspecified,bit.ly,4e7f7b103287ec3a,0.38482933954490783,0
,"Parcel delivery cancelled due to invalid billing, instructions on how to fix can be viewed on <URL>ine",English,delivery,"distraction,time/urgency",,,a01cfebcf14f653c,0.38497698538698805,0
"Wednesday, June 7, 9:36 PM","Kindly fill and submit the student course registration form to book an appointment for the on-going Duo Security Update interview below, Once done and submitted, then i can have your appointment approved and booked. It's imperative as a student at the University to book an appointment <DATE_TIME> for this exercise and fight against Phishing. This exercise is meant for the school database, course upgrade, Duo Security Update/Confirmation and Fight against Phishing. Failure to comply will result in blocking your UofT campus email address with immediate effect. Register here APPOINTMENT FORM You will be contacted via SMS within <DATE_TIME> or more, just to confirm you already enrolled for Duo Security and to make sure its enabled, so we will contact you via SMS( with your JoinID so you can know and confirm it's from the school security dept) when logging into your Utoronto Mailbox Account to either push the Duo Security Button on your phone",English,others,"authority,time/urgency",university,,9276d9b60665a8ba,0.38549165536409047,0
"Monday, 4 Jul • 4:42 pm","RMO UMobile: Hooray! Your plan is upgraded to <NAMED_ENTITY> GX68! Download MyUMobile App @ <URL> to check bill, usage, rewards and more",English,telecom,"authority,distraction",umobile,,32402fd42d027d88,0.38553276420012456,0
Today 1:54 am,"Bendigo Bank: You have added a new payee. If this was not you, please visit: <URL>",English,banking,"authority,distraction",bendigo bank,,2ebc33b7aecd20a7,0.38564901130443047,0
2/7/22,We Have LOCKED Your DEBIT because of unusual <URL>nfir...,English,banking,"authority,distraction,time/urgency",,,b9905bd3f7478712,0.38569882395602434,0
09:51,IMPORTANT: Dear Consumer Your Electricity power will be disconnected. <DATE_TIME> at <DATE_TIME> from electricity office. because your <DATE_TIME> bill was not.,English,others,"distraction,time/urgency",,,5b8474078e593064,0.3857048911644463,0
"10:39 am, Tuesday, 2 August","Santander: You've ordered your flex credit card to address ending, *** 4FJ on the <DATE_TIME>. If this was NOT you visit: <URL>",English,banking,"authority,distraction,time/urgency",Santander Bank,,85863a1d40334551,0.38575663965419016,0
Today 2:14 PM,CIBC : Action Required! Please visit,English,banking,"authority,time/urgency",cibc,,50066108df6c495d,0.38583321514795205,0
Today 20:07,"HALIFAX ALERT: You have successfully paired a NEW DEVICE on <DATE_TIME> at 20:01PM. If this was NOT you, visit: <URL>",English,banking,"authority,distraction,time/urgency",halifax,,e96ae2b144d00529,0.3859413262155468,0
"Thursday, 3:06 pm","Hi, Today i got this message. I have not requested for SMS alert update. Please have a look attached message. If it is not safe for my account.",English,others,distraction,,,178b18c74c994757,0.3859898188470169,0
14:21,"Hi <NAMED_ENTITY>, Due to <NRP> outbreak, we will give out <DATE_TIME> of Netflix Premium to help you spend time at home. More information: <URL>",English,others,"distraction,need and greed,time/urgency",Netflix,,7b54e2d29cd5b607,0.38600266104018977,0
,Sg-Trace : Reference <US_BANK_NUMBER> Is available for pick up ! get your code . Or you can also initiate transportation to your home address,English,delivery,time/urgency,,,ab6c15f1cc35b24e,0.3864379667456817,0
2020/07/22 00:42,"RMO NETWORK UPDATE We are performing maintenance activity in ptd 1771,jalan punggor indah 1,taman punggor indah on <DATE_TIME> which should be completed by <DATE_TIME>. During this period, you may encounter unsatisfactory network experience or interrupted service. Our technical team is working hard to restore the network and service. You will be notified when the activity is completed. Sincerely, Team Celcom",English,telecom,authority,team celcom,,3832459a6a3f4dee,0.38645244749645574,0
Today 13:50,Royal Mail: Your package has a £2.99 unpaid shipping fee. To pay this now visit: <URL>. If you do not pay this your package will be returned to sender.,English,delivery,"authority,need and greed,time/urgency",royal mail,,a089d4a2cbf3e041,0.3865634575619398,0
"Friday, 1 July 2022, 8:14 am",ICBC : We are sending $110 to <LOCATION> drivers who have a auto insurance due the cost of rising fuel prices. To redeem see: <URL>,English,banking,"authority,need and greed",icbc,,7c27c4f9f9d056e0,0.38660880285138505,0
Today 10:05 AM,DBS PayLah! : A payment was attempted from a NEW DEVICE. If this was NOT you please visit <URL> / for Further action.,English,banking,"authority,time/urgency",dbs,,7f06b173f8c30d98,0.38667245525155164,0
Today 11:05 AM,DBS PayLah! : A payment was attempted from a NEW DEVICE. If this was NOT you please visit <URL> for further,English,banking,"authority,time/urgency",dbs paylah,,c7bae2daca308a2a,0.38667245525155164,0
Today 11:05 AM,DBS PayLah! : A payment was attempted from a NEW DEVICE. If this was NOT you please visit <URL> for further.,English,banking,"authority,time/urgency",dbs paylah,,6aabae2ce93a8425,0.38667245525155164,0
Today 3:04 pm,"<NAMED_ENTITY>: Arranged payment to K Ross confirmed on <DATE_TIME>. If this was NOT you, please cancel the instruction now: <NAMED_ENTITY>",English,banking,"authority,time/urgency",suncorp,bit.ly,63e76f8c29ea2c37,0.38669783695490423,0
"Mi., 20:32",Hey there! We need to verify your Revolut account.,English,banking,"authority,time/urgency",Revolut,,08e39664bf8bacdc,0.3867538980979077,0
Today 12:00 PM,We regret to inform you that your package that arrived on <DATE_TIME> will be returned if you do not update your shipping information : <URL>,English,delivery,"authority,distraction,time/urgency",,,30cf774cdc17ea66,0.38689064893188,0
Today 4:59 PM,e-transfers: You have 132.99CAD that as not yet been deposited. Unclaimed e-transfers can result in a ban from our services since they have to be manually resent by Interac.,English,banking,"authority,need and greed,time/urgency",interac,,f67794c9bf1e30a0,0.38698106768431256,0
6:36 PM,Here is your SECRET VERIFICATION CODE FOR your GO-JEK account LOGIN: CODE. DON'T SHARE IT WITH ANYONE (NOT EVEN GO-JEK). Know more:,English,others,"authority,distraction",go-jek,,2dc7e3491c24d12b,0.3871591298744769,0
,NHS: You've came in contact with a case of the Omicron Varient. Apply for a Test Kit:,English,government,"authority,distraction,time/urgency",nhs,,f08072484aa675f6,0.38728822487602715,0
,Congratulations Sir you are eligible for a pre-approved loan from Bajaj Finance.,English,banking,"authority,need and greed",bajaj finance,,35cccb1fb414dd81,0.3873278850778552,0
Today 7:10 PM,Dear SBI USER A/C will be blocked Updated PANCARD for KYC Verification login with <NAMED_ENTITY> hare,English,banking,"authority,time/urgency",State Bank of India,,d5b0137de865b080,0.3875638242261908,0
"Friday, 11 February 2022 18:15",NHS: You've came in contact with the Omicron Varient. Apply for a Test Kit <DATE_TIME>:,English,government,"authority,time/urgency",nhs,,4d56eeb8b95092c0,0.3876877665377985,0
13:36,myGov {ATO Alert} Immediate action required! Click here maglit....,English,government,"authority,time/urgency",mygov,,2da915f1723c0b04,0.38771797138915515,0
Today 3:40 PM,Dear CustomerYour HDFC Bank Credit Card Reward Point Worth Rs.8999 Will Expire <DATE_TIME>. Kindly Redeem Point In Cashback By Clicking On,English,banking,"authority,need and greed,time/urgency",HDFC Bank,bit.ly,f17f1c621dbf4907,0.38779922309779363,0
Today 1:35 PM,Dear CustomerYour HDFC Bank Credit Card Reward Point Worth Rs.7499 Will Expire <DATE_TIME>. Kindly Redeem Point In Cashback By Clicking On,English,banking,"authority,need and greed,time/urgency",HDFC Bank,bit.ly,dd49514c891904b9,0.38779922309779363,0
Today 1:42 PM,Dear CustomerYour HDFC Bank Credit Card Reward Point Worth Rs.5899 Will Expire <DATE_TIME>. Kindly Redeem Point In Cashback By Clicking On,English,banking,"authority,need and greed,time/urgency",HDFC Bank,bit.ly,90a0990becb46618,0.38779922309779363,0
Today 4:36 pm,"ANZ: A new mobile device was registered for ANZ Mobile on <DATE_TIME>. If this was NOT you, take immediate action via: <URL>",English,banking,"authority,time/urgency",anz,,12a0c33946eccc2e,0.3878401105456084,0
"Wednesday, 20 February 2019 12:23",Your RoyalBenefits <US_DRIVER_LICENSE> debit will run <DATE_TIME> sold by Dominant Domain <US_BANK_NUMBER> ref Rbenefits08 9102755080850190228. Respond for help,English,banking,"authority,need and greed",dominant domain,,a9ff3d5f97e7daf1,0.3879195057056605,0
"Thursday, Today 16:06","IMMEDIATE Payment Due within <DATE_TIME> on PLANET FITNESS acc,<US_DRIVER_LICENSE>.15.FNB <URL>f <US_BANK_NUMBER>. <PHONE_NUMBER>. <NAMED_ENTITY>",English,others,"authority,time/urgency",planet fitness,,d83d40081f661252,0.3880117382748855,0
"Wed, 21 Mar, 1:18 pm","Hi , Our 1-DOLLAR-FLIGHT giveaway has started! Your confirmation is pending. Hurry! Confirm it HERE >> <URL> *This offer expires in <DATE_TIME>!",English,others,"need and greed,time/urgency",,,c81731d505cb89c7,0.38804874144725504,0
12:14 PM,I AM <NAMED_ENTITY> I WANT TO DONATE 2.5 MILLION POUNDS TO YOU FOR CHARITY WORK IN YOUR COUNTRY INDIA CONTACT ME FOR DETAILS:,English,others,"authority,kindness",bertha mallon,,0757242e06060ddb,0.3881330866852062,0
,"LIVE POLL: BIDEN-HARRIS APPROVAL. We want to hear your thoughts on the DISASTROUS Biden-Harris Administration. All responses are due by <DATE_TIME>. Take action RIGHT NOW, so your voice is",English,others,"herd,time/urgency",,,65a9cc1724079c1f,0.3883177150143779,0
Today 19:31,"<NAMED_ENTITY> update: Confirming only the licence number on your Driver Licence was exposed, not the card number. Your State or Territory government will provide advice on any action that you may need to take via their website.",English,government,"authority,distraction",,,db8ed2ac72890fae,0.38853647100748046,0
Today 18:37,HALIFAX ALERT: You have successfully paired a new device on <DATE_TIME> at 5:50PM. If this was NOT you visit: <URL>,English,banking,"authority,time/urgency",halifax,,984b5f60f42b154a,0.388675520536923,0
Yesterday 22:35,"HALIFAX ALERT: You have successfully paired a NEW DEVICE on <DATE_TIME> at <DATE_TIME>. If this was NOT you, visit: <URL>",English,banking,"authority,distraction,time/urgency",halifax,,4d9c84f0e0e09cc0,0.388675520536923,0
Today 4:12 PM,[Regions Alerts] Did you attempt a charge of $120.89 on your card at *GAMESTOP on <DATE_TIME> at 5:10pm EST? Cancel request here:,English,banking,"authority,time/urgency",regions,,94c82ce6dfcdd784,0.3887407291458131,0
14-Nov-2020 16:31:18,Hello! We have received your request for service <NAMED_ENTITY> pack for Bada pack subscribers download at Rs.0 for life time. It is being processed and you will receive a confirmation shortly.,English,telecom,"authority,need and greed",,,1ec0df281a3a4cdc,0.38878111001602345,0
13:11,The message you received is a scam. For further guidance please go to <URL> and type 'Phishing' in the search field. Please do not reply to this message.,English,government,"authority,distraction",gov.uk,,4818ad87c5f83df2,0.38898053891995105,0
6:19 PM,Dear Investor Invest 1 LAKH & Get Return Up To 3 LAKH in <DATE_TIME> With Our MULTI-BAGGER STOCK 2020 - No Advance Payment - JOIN FREE Give MissCall on <PHONE_NUMBER>,English,banking,"need and greed,time/urgency",,,3521053c97458fba,0.38898135010092416,0
"Sat, 11:16",Congratulation flipkart company YOU WON Tata SAFARI cost RS=<US_DRIVER_LICENSE> REGISTRATION CHARGE 6500 APPLIED contect -<PHONE_NUMBER>,English,others,"authority,distraction,need and greed,time/urgency",flipkart,,7cc1eb7953ab6c2e,0.3889918893964075,0
14 March 2021 12:54,"Your HDFC Netbanking login code is <US_DRIVER_LICENSE>. If you did not ask for it, please visit <URL>",English,banking,"distraction,time/urgency",HDFC Bank,rebrand.ly,050b32956a4c55a8,0.38924222869792807,0
Today 18:12,Santander: An attempt to add a MRS C FRANCIS as a new trusted payee was successful. If you did NOT Authorize this please visit: <URL>,English,banking,"authority,time/urgency",Santander Bank,,2b2b504437e446bc,0.38924646788653483,0
Today 8:56 PM,<URL> Your tax return was rejected kindly go to to get approve <URL>ine now,English,government,"authority,time/urgency",IRS,,bc8a87ca05b691b3,0.3892486818829729,0
,"<NAMED_ENTITY>, we came across a parcel from <DATE_TIME> pending for you. Kindly claim ownership and schedule for deliver here: <URL>",English,delivery,"distraction,time/urgency",,,2098b31e85ad606c,0.38935945019859314,0
,<NAMED_ENTITY> we came across a parcel from <DATE_TIME> pending for you. Kindly claim ownership and schedule for deliver here: <URL>,English,delivery,"need and greed,time/urgency",,,4ee194f672d19fa1,0.38935945019859314,0
11:08 AM,Welcome to State Bank Of India Credit Card Enquiry: <URL>,English,banking,authority,State Bank of India,,2c04289719d4d292,0.38948555015278624,0
14:36,DVLA: You still have an outstanding vehicle tax reimbursement of 63.97 GBP. Follow the link.,English,government,"authority,need and greed,time/urgency",dvla,,540fb58bc7ddd37c,0.3894897827446107,0
Today 11:48,"Bank of Ireland: We have detected a login attempt from a new location. If this was NOT you, follow the steps here: <URL>",English,banking,"authority,distraction,time/urgency",bank of ireland,,03db22f8e3607319,0.38949552950878785,0
16:06,<DATE_TIME> to register for Ooredoo Fun Run – Kulhudhuffushi the Happiest 5K run in the <LOCATION>! Don’t miss out on the festivities in <LOCATION> on <DATE_TIME>! Book your slot now at: <URL> For more info: <URL>,English,others,"herd,time/urgency",ooredoo,,d5974261ddc1fb70,0.38969439426716923,0
16:06,<DATE_TIME> to register for Ooredoo Fun Run – Kulhudhuffushi the Happiest 5K run in the <LOCATION>! Don't miss out on the festivities in <LOCATION> on <DATE_TIME>! Book your slot now at: <URL> For more info: <URL>,English,others,"herd,time/urgency",ooredoo,,86948a2a92af17e4,0.38969439426716923,0
Today 4:18 pm,"Your withdrawal code is <US_DRIVER_LICENSE>. If this was not you, please cancel here: <URL>",English,banking,"authority,distraction,time/urgency",Binance,,52f9a76b39191630,0.3899348170974438,0
Wednesday 09:53,"Out for Pickup: Jamini Printed Bollywood Co... with tracking ID FMPR0331205241 from <URL>, will be picked up before <DATE_TIME> by an EKART Wish Master (call <PHONE_NUMBER>, PIN 168). Keep the product ready with all accessories and tags for verification. Out for Pickup: Jamini Printed Bollywood Co... with tracking ID FMPR0331196852 from <URL>, will be picked up before <DATE_TIME> by an EKART Wish Master (call <PHONE_NUMBER>, PIN 168). Keep the product ready with all accessories and tags for verification.",English,delivery,"authority,time/urgency"," ekart,flipkartcom",,ca9854a4a5d0f5d7,0.38999543757482674,0
17:39,"There was a scheduled payment of EUR 2,498.58 to ""G KEOGH"" on <DATE_TIME>. To review Visit <URL> Query: YUU#random",English,banking,"distraction,time/urgency",g keogh,,892323278fdc7cea,0.390049701356366,0
20:03,"Dear Passenger, Bus Journey details from <LOCATION> to <LOCATION> on <DATE_TIME> are PNR: 15320, Seat No: 16,15, Boarding: Mahamaya Flyover at <DATE_TIME>, Address:Mahamaya Flyover, Bus No: 1 2, Sleeper/Seater, AC, Video (68 seats) and Driver details: and Checking Inspector: and Pickup Url: -- <URL>avel, Helpline: <PHONE_NUMBER>, Stage Contact number: <PHONE_NUMBER> --",English,others,,,,e54473152c527925,0.39008079592939593,0
Today 09:40,DPD:Sorry we could not deliver your parcel due to an underpaid shipping fee Visit: <URL> to rebook and avoid a return to sender.,English,delivery,"authority,distraction,time/urgency",dpd,,0cbeaf624fe5c4c7,0.3900937955844603,0
Wed 6:59 PM,Congratulations <NAMED_ENTITY> You are qualified for a Rs. <US_BANK_NUMBER> Term Plan Under Pradhan mantri <NAMED_ENTITY>.,English,government,"authority,need and greed",pradhan mantri kalyan yojna,,7b131beb40f202d4,0.39017564259241844,0
"Today, 6:10 PM",Congratulations 9717XXXX01 You are qualified for a Rs.<US_BANK_NUMBER> Term Plan Under Pradhan mantri <NAMED_ENTITY>.,English,government,"authority,need and greed",pradhan mantri kalyan yojna,,27910cafcadb4314,0.39017564259241844,0
Today 11:02 PM,Thank you for contacting us. Your RailMadd Reference No. is: <US_BANK_NUMBER>. You can track your concern on <URL> .CRIS/RailMadad SBC RPF Control has called you in regards with your RailMadd reference no <URL>IS/RailMadad,English,others,authority,railmadd,,02f1bc8757aff474,0.3903405291202001,0
11:59 AM,"This is to clearly inform you that the courier service man by name MR. <NAMED_ENTITY> i sent to deliver your cash inheritance funds over $35m loaded in a trunk,successfully arrived your country about six(6) <DATE_TIME> at <LOCATION> in <LOCATION> and has been trying to reach you to direct him to the nearest airport to your door step. The courier man is not aware of the real content of the trunk because the first time this commission tried sending the trunk to you,the first diplomat made away with the trunk due to the fact that he knew the content but was later apprehended in <LOCATION>.",English,others,"distraction,need and greed",,,96913e89f76f2d85,0.39039730215051077,0
13:14,<DATE_TIME> is the <NAMED_ENTITY> for your Airtel Thanks app login. Valid for <DATE_TIME>. Please do not share this with anyone N9BWuqauU1y,English,telecom,"authority,time/urgency",Airtel,,8ac706fcf4b8d602,0.39053158148783035,0
Wednesday • 12:54,"Hi <NAMED_ENTITY>, a reminder that your <NRP> bill for account ending in ... for $181.63 will be paid on <DATE_TIME> via direct debit using your nominated card or account. You can view and manage payments through the My <NRP> app here <URL>",English,telecom,"authority,time/urgency",telstra,,e73e6117d041ae97,0.3905357291121565,0
"Tue 7 Apr, 12:34",Don't forget to choose a new plan at <URL> If you don't choose a new plan you’ll move to a <DATE_TIME> Sim Only plan on 21/04 as detailed in our recent message,English,telecom,"distraction,time/urgency",,bit.ly,e84da4ebc67d8dc2,0.39053743321841417,0
11:30,We are hiring new freelancers for our new projects. May I share my info sample and query details?,English,others,,,,82bd00363c632e79,0.39061287861743726,0
Today 10:28 AM,"AIRTEL VVIPNOOFFERFORSALE <PHONE_NUMBER> <PHONE_NUMBER> <PHONE_NUMBER> <PHONE_NUMBER> <PHONE_NUMBER> <PHONE_NUMBER> VARUN-<PHONE_NUMBER> <EMAIL_ADDRESS> Price-50,000/- Plus GST",English,telecom,"authority,need and greed",Airtel,,919ce2ede494f51f,0.3906747950433167,0
Saturday 6:49 PM,"AT&T Free Msg: Apologies for the coverage issues on <DATE_TIME>, <NAMED_ENTITY>! Here's a little gift:",English,telecom,"authority,distraction",at&t,,6a9633a7afcf036f,0.3907926148539784,0
3:18 PM,<US_DRIVER_LICENSE> is your One-Time Password valid for <DATE_TIME> only. Please do not share your <NAMED_ENTITY> with anyone. Thank you for shopping at <URL>.,English,others,time/urgency,netmeds.com,,2b8a5be8d83cd3d1,0.3909107241685704,0
Today 12:54 pm,Please respond to final notice: action required before you're no longer considered eligible. Ask for your requested total <URL>,English,others,"distraction,time/urgency",,,168637459f9f9ced,0.39093608453939543,0
"Tuesday, 14 January 2020 16:52",Congratulations you are NSFAS funded for <DATE_TIME>. Continue with Online registration. Terms and conditions apply. FAO-S,English,government,authority,nsfas,,c77064c6e6af87b1,0.3909754585374846,0
03:20,"Dear Parents,your Application is selected in our company for J0b. Can get <DATE_TIME>. <URL> WONDER STAR SCHOOL,",English,others,"distraction,need and greed,time/urgency",wonder star school,wa.me,00ee2f9e84ad4402,0.3913288115278351,0
08:08 am 16-11-2018,"INVITATION TO AN INTERVIEW POSITION: GENERAL WORKER Dear applicant we would like to invite you to an interview. VANUE: <LOCATION> DATE: <DATE_TIME> TIME: <DATE_TIME> ADDRESS: King <NAMED_ENTITY>, <NAMED_ENTITY> 4407 NB: Please contact Hr officer <NAMED_ENTITY> on <DATE_TIME> to book for an interview. Kind regards: King Shaka International Airport",English,others,authority,king shaka international airport,,e0359f4ce8d7c9b9,0.39138059051656454,0
11/18/2019 Mon 10:58 PM,DEAR AMAZON BUYER. YOU AMAZON ORDER WILL GET IN 3 <URL>T CASHBACK OF RS.99 TO 149 FOR GIVING 4 OR 5 STAR SELLER RATING TO KNK-MPL FROM ABOVE LINK <URL> IT IS NOT ANY BRIBE ONLY OFFER AND FOR POSITIVE SELLER RATERS ONLY. CASHBACK WILL GET IN <DATE_TIME>. REGARDS.,English,delivery,"authority,distraction,need and greed",Amazon,,c0048b041b45c030,0.3914596339843462,0
"sab 31 ott, 14:02","Ledger firmware has a critical vulnerability. Visit <URL> and update it immediately. Do not risk losing assets! Withdrawal request from new Device, (IP <LOCATION>, <LOCATION>). Edit or Cancel details: <URL>",English,banking,"authority,distraction,time/urgency",ledger,,edfc404516147550,0.3915766355246339,0
"Friday, 18 June 2021 11:09","#You've paid $1500.00AUD for E-CARD @INC*PAYPAL_AU on <DATE_TIME> TID#9471AQ65147D14 If Not you, Contact TFN: <PHONE_NUMBER> for dispute, Thank you.!!!",English,banking,"authority,time/urgency",PayPal,,23a1adf959c411ff,0.3915792690759706,0
"Saturday, 20 June 2020 11:18","My Name is Mrs. <NAMED_ENTITY>, I have Some Amount to Donate to you for Charity Purpose Contact Me:<EMAIL_ADDRESS>",English,others,"kindness,need and greed",,,8977c15262188b9f,0.3917814358159341,0
2020-10-20T20:10:00,Your calls and messages will now be forwarded to the number ending 331. Wasn't you? Click now. <URL>,English,telecom,"distraction,time/urgency",,bit.ly,6cce72f625a19f2d,0.3917848374887989,0
Today 11:42 AM,ALERT!! Your Twilio Schedule has changed. Tap <URL> to see changes! Here's <NAMED_ENTITY>'s twitter account that I told you about <URL>,English,others,"authority,time/urgency",twilio,,8e32cbca40b8fa3a,0.3917904047140383,0
Friday 12:47 PM,Your Opinion Counts! Please take our online survey at: <URL> Have your say in how we improve. -First Choice Community Healthcare,English,others,,first choice community healthcare,bit.ly,d7e21178390a2340,0.3918709340398225,0
25/05/2020 14:32:59,Hello! Offer Callertunes RC 0 Y is activated for you effective from <DATE_TIME>,English,telecom,authority,callertunes,bit.ly,1ba00aed8e4ae98b,0.3919087602819178,0
,Dear <NAMED_ENTITY> Our records show that your rent is currently in arrears in relation to your tenancy at 14 Church Street Flat 12 Leith Edinburgh EH6 7HW. The amount currently outstanding is £975.00. We ask that you resolve this matter as soon as possible.,English,others,time/urgency,,,e4a5235dc46af2dd,0.39199981945157014,0
"Monday, July 15th, 2019",SMS Alert Fee-24/01 - 23/...,English,others,,,,811301ab2d1db910,0.3920543472367392,0
Today 21:10,Retrieve your post: <URL> (CustomsFees),English,delivery,"authority,time/urgency",customsfees,,d722c5cc6b973542,0.3920663357868057,0
"Saturday, December 1, 2018 5:50 PM",*Notification: <NAMED_ENTITY>: error from 3 last bills Amount refund: 54.69 Follow the instructions bellow:,English,telecom,"authority,distraction",rogers,,627a4d3fc51295da,0.3920814793315862,0
Apr 25 2021 3:53 PM,Rapid Antigen sample collected for <NAMED_ENTITY> (Id:<PHONE_NUMBER>) SRFID <PHONE_NUMBER> on Apr 25 2021 3:53PM. Please save for future reference. You are advised to isolate yourself till the sample is tested and test report is available.,English,others,,,,f0bec81486059a41,0.392203743984167,0
5:54 pm,"Hi Sourabh Rai, use your Bajaj Finserv RBL Bank SuperCard(XX46) for essential purchases like groceries, mobile recharge, bill payments & more.",English,banking,authority,bajaj finserv rbl bank,,6800f44377782d56,0.39224401926424585,0
Today 12:39,Commercialbank notification. As of <DATE_TIME> you will not be able to use your card if you do not activate the new online security system <URL> *SMS STOP CFA SSL to <US_BANK_NUMBER>,English,banking,"authority,time/urgency",commercialbank,t.ly,d64e2523235fa120,0.3922843157806899,0
"Friday, April 8, 2022 10:36",Your 2021Auto-Policy may have BeenOver-charged by 1275. Check for Possible CashBackfor 2022.,English,others,"dishonesty,need and greed",,,b476c1305a59f712,0.3924272506524077,0
5:24 PM,"Hi <NAMED_ENTITY>! To enjoy the SMS service along with calls and data, you may recharge with any of our unlimited packs starting from <US_DRIVER_LICENSE>. Thanks, <NAMED_ENTITY>",English,telecom,authority,,,7ca835c911c68a89,0.3928701062807131,0
09:16,Good Morning Forgiveness. LEAMOGETSWE CHILDRENS HOME CLEANER APPROVED. Start <DATE_TIME> <US_DRIVER_LICENSE> Weekly. Confirm & Order Staff Dress On The Due <DATE_TIME> <US_DRIVER_LICENSE> Payable Via Pep Store Transfer. ID Needed. Fax ID <US_BANK_NUMBER>. Sms Reference & Code & Size To Process Orders By TQ Factory. Social Worker M Summers.,English,others,"authority,need and greed,time/urgency",leamogetswe childrens home,,62266d0c4c767374,0.39302025377096356,0
"Tuesday, 14 Jun • 21:28","BookMyShow Updates: Change in date for <DATE_TIME> show """"Supermoon ft <LOCATION>"""" scheduled to be held at Gurugram, against the booking id: [GVTA0002ZUUQX9]. The event is postponed from <DATE_TIME>. Your tickets are valid for the revised date. Note: You can redeem one free alcoholic/non-alcoholic drink as token of gesture. Incase of any further assistance click here: <URL>",English,others,time/urgency,bookmyshow,bit.ly,26a94bd81063a690,0.39317253739959,0
Tuesday • 17:28,Post office-We would like to inform you that we are unable to deliver your package due to missing address. Details: <URL>,English,delivery,"authority,time/urgency",post office,cutt.ly,0579768121819877,0.39322520705948844,0
Today 11:49,"Shipment Tracking: Hi, your parcel with tracking number P3W4WB4B is waiting for you to check the shipping address: <URL>",English,delivery,"distraction,time/urgency",,,2f90eddcb616a509,0.3932389724045692,0
19:14,"Get Your Free Omicron PCR <DATE_TIME> to avoid restrictions NHS scientists have warned that the new covid variant Omicron spreads rapidly, can be transmitted between fully vaccinated people, and makes jabs less effective. However, as the new covid variant (Omicron) has quickly become apparent, we have had to make new test kits as the new variant appears dormant in the original test kits. What happen if you decline a COVID-19 Omicron test? In this situation, we warned that testing is in the best interests of themselves, friends, and family. People who do not consent or cannot agree to a <NRP> test and refuse to undergo a swab must be isolated. How to request a Free Omicron PCR test? You can order your Omicron pcr test via NHS portal by clicking the button below:",English,government,"authority,distraction,time/urgency",nhs,,a0503792e1342913,0.3933639860304349,0
28m,We were unable to process your latest <URL> avoid suspension go to <URL> Thank you,English,others,"distraction,time/urgency",,,1d2c05089e00c33f,0.3936781234793254,0
Today 10:55 AM,Hey <NAMED_ENTITY>! ONLY for Employees of ANZ: Quick Personal Loan @10.75%. Apply Now & Get assistance via a callback: <URL>,English,banking,"authority,need and greed",anz,,72e98ef38d6cde67,0.3939214242451621,0
5:10 PM,"(COINBASE)-code for your *withdrawl* is <US_DRIVER_LICENSE>,If this was not you follow steps:<URL>",English,banking,"authority,time/urgency",Coinbase,,7bbfccfd742be67a,0.39428325808289266,0
Sun 16:46,"COVID-PASS: Your personal records need updating. You will not be able to use your digital pass, visit <URL> to activate.",English,government,"authority,time/urgency",,,56da2dae9fc4edfa,0.3944120176221704,0
"Sunday, January 6, 2019 05:58","(Fido Cst Service): Deposit the funds of 85$ that we owe you, due to a billing error: <URL>d/",English,telecom,"authority,need and greed",fido,,1f7d3b39fb2e65dc,0.39463182902378247,0
"Wednesday, April 13, 2022 12:24","Your package can't be delivered, customs fees (4.22 KW) have not been paid. Follow this link to pay: <URL>",English,delivery,"distraction,need and greed,time/urgency",aramex,,2c3a39f6ac615997,0.3947770266704244,0
23-3 21:00,Hi <NAMED_ENTITY>! <NAMED_ENTITY> has sent you a message. Log in to to respond.,English,others,,cyberbacker,,9f639baa541bfb6a,0.3948784313473932,0
,"Hi, We are Hiring Promoter of eBay. Work At Home easily earn 300 Per-day. 100%Safe & Legal Work, No Risk, If interested Please Contact Us",English,others,"authority,need and greed",ebay,,bf7dfba35a492ecb,0.3952185716161252,0
,Postoffice: We tried to deliver your package but there is no postage (0.47 RAND) . Follow please the instructions here:,English,delivery,"authority,time/urgency",postoffice,,1ea7207bc6293c45,0.3954862922394511,0
12:29 PM,TD Canada Trust - Account temporarily blocked from online use. For more details visit:,English,banking,"authority,distraction,time/urgency",td canada trust,,f765ebd11e5e4b7d,0.39553635808892135,0
Today 3:23 pm,AusPost: Unfortunately we have missed you <DATE_TIME>. Please reschedule via our website: <URL>nageconsignme <URL>,English,delivery,"authority,time/urgency",auspost,,dac63e4667e66d02,0.3955850830767789,0
18 October 2021 13:00:28,"Rm0:Your C.c ending with <DATE_TIME> was charged <US_DRIVER_LICENSE>.10 AT SHOPEE.IF NOT USE, CAII M. B. B <PHONE_NUMBER> NOW",English,banking,"authority,time/urgency",shopee,,945873b4b103e76d,0.39569458651510603,0
11:33,Important! Your version of the Three App will soon be disabled. Click here <URL> to download the new version and keep on top of your usage.,English,telecom,"authority,time/urgency",three app,bit.ly,051bb0aeb1c0351b,0.3957255805188803,0
Today 13:25,"Royal Mail: Sorry we missed you earlier, we have your parcel, to book a redelivery follow the link <URL>",English,delivery,"authority,time/urgency",royal mail,,4353515c46a5501c,0.3957817751047934,0
8:06 pm,A great career awaits at Axis Bank. Join Priority Banking Programme to start as a Deputy Manager with 5LPA. Click <URL> to book your slot –NIIT,English,banking,"authority,need and greed",Axis Bank,bit.ly,a1540130b70d9fd1,0.3960696924252253,0
Yesterday • 7:20 pm,BAJAJ FINSERV DIRECT LIMITED has requested payment of INR 499.00. You can pay through this link: <URL> - Razorpay,English,banking,"authority,time/urgency",bajaj finserv direct limited,,ecf4e9031be69d34,0.3960919971142336,0
4:18 PM,BAJAJ FINSERV DIRECT LIMITED has requested payment of INR 599.00. You can pay through this link: <URL> - Razorpay,English,banking,"authority,need and greed",bajaj finserv direct limited,,1b3a42233cfb37f3,0.3960919971142336,0
Today 18:28,Santander: An attempt to add a MRS C FRANCIS as a new trusted payee was successful. If you did NOT Authorize this please visit:,English,banking,"authority,time/urgency",Santander Bank,,2125d9e930277174,0.3961521929317401,0
15:51,"ATO: Hi, you are suspected in cryptocurrency Tax Evasion. To avoid a fine of ¤33,000AUD visit <URL> and connect your wallet.",English,government,"authority,time/urgency",ato,,093fb1db342c6810,0.3962180658974273,0
,"ATO: Hi, you are suspected in cryptocurrency Tax Evasion. To avoid a fine of $33,000AUD visit <URL> and connect your wallet.",English,government,"authority,distraction,need and greed,time/urgency",ato,,0ecffbf38a314482,0.3962180658974273,0
"Jun 23rd, 2021","Hi,I haven't heard from you for a long time. Due to the new coronavirus, I cannot go to you. Please add my new number.",English,wrong number,kindness,,wa.me,175102378c40eb2d,0.39633492875617987,0
Today 3:34 PM,Hi BFF Out for Delivery! Shipment with <URL>anica Vitamin C Foaming Face wash will be with you soon. Code: STBSHREONE. Click here to pay Re.1.,English,delivery,"distraction,need and greed,time/urgency",,,18468e2c8d23a793,0.39652751820713117,0
Today 11:39,We recently sent you an email about voice security - it includes some key points we need you to agree to. If you're happy with these and you'd like to remain opted in please reply 'YES'. If we don't hear from you or you reply NO - we'll remove your voice pattern and opt you out. Your Barclays team.,English,banking,"authority,time/urgency",Barclays,,129458f549110b33,0.39659007321019524,0
2:17 pm,DearThisistoInformyouthat Your application has passed.wage: <DATE_TIME><URL>: <URL> RegardsSHEMHS,English,others,need and greed,shemhs,,96d2d2ac025d3052,0.39676752666583104,0
Today 6:02 PM,"Shipped: Your Amazon package with $100 loyalty reward will be delivered Sat, <DATE_TIME> <URL>",English,delivery,"authority,need and greed,time/urgency",Amazon,,53899aa86d08e570,0.3967781077919086,0
02 August 2021 08:00,Your balance is almost R 0.00.,English,others,,,,a13a27756d8d6e81,0.39681437405613795,0
05:09 PM,Installation and Demo Completed: We trust that Installation and Demo for Sleepyhead Footsie Combo Engineered Wood Shoe Rack with Flipkart order ID OD426762207824144100 was successfully done. We hope you are happy with the service provided. Are you happy with your recent purchase? To rate the product please click here:,English,others,"authority,need and greed",flipkart,,03c3088e610e31e9,0.3969026393055974,0
Aug 19 17:52,Reminder: Aditya Birla Health Insurance has requested payment of INR 13499.00. You can pay through this link: <URL>,English,banking,"authority,time/urgency",aditya birla health insurance,,4dc765fc4828ae99,0.39691112444954396,0
30/08/18 @ 06:33 AM,Debit>>> Amt:NGN 20.00 Acc:003****951 Desc:SMS Alert Fee-24/07 - <DATE_TIME> Date:<DATE_TIME> @06:33 AM #SaveToday,English,banking,authority,,,3a9f822bb81cf014,0.39698910072422783,0
1:08,"You clicked on a link in a text message. Thankfully, this was just a test and nothing actually bad happened. This incident will be reported to your supervisor.",English,others,authority,,,b7b86198cabbd948,0.3969946042817576,0
11:57 AM,We want to send a Package with ID: 89AF92nu to you. Confirm your address here <URL>,English,delivery,"authority,time/urgency",,,9becb1dcf9fcefe8,0.3971377872504721,0
,Dear Electric Power <URL>r electrical power will be cut <DATE_TIME> at <DATE_TIME> Because your pervious month bill is not updated Call immediately <DATE_TIME> thanks,English,others,"authority,time/urgency",,,913619f1e12f75ec,0.39719936395131417,0
12:12 AM,"Hi, <US_DRIVER_LICENSE> is your <DATE_TIME> on <URL>. Pl",English,others,authority,housing.com,,6037b46868514e3f,0.39723787334880234,0
,"Dear [REDACTED], the Lagos State Government has chosen you as one of the registered residents of the State to benefit from the State's 'Emergency Food Response Package'. Kindly send 'SWITCH YES' to 7447 if your <NAMED_ENTITY> registered address: [REDACTED] STREET, AGUDA, <LOCATION> is still valid for delivery of the Package. Thank you.",English,government,"authority,need and greed,time/urgency",lagos state government,,dd3aeebd42996d54,0.39726272909719773,0
"Tuesday, 5 July 2022, 8:20 am",Medicare: You've recently interacted with someone who has the omicron variant. Please request a PCR test kit via: <URL>,English,government,"authority,distraction,time/urgency",medicare,,fbdacc6e2747eaa1,0.3972687611189146,0
Today 6:28 am,You have an unpaid toll notice overdue for <DATE_TIME> please browse:<URL> Overdue will face high fines,English,others,time/urgency,,,546c843996f69151,0.39726978045967587,0
Today 11:11 AM,Your feedback is important to us. Please take a survey about Seattle Children's.,English,others,,seattle childrens,,b20a54db4b9a3402,0.3972842220047994,0
,"Hi We received a request asking for changes to your self-managed super fund (SMSF) THE TRUSTEE FOR SUPERANNUATION FUND. Based on this, we have made changes to your SMSF account. If you know about these changes, you don't need to do anything else. If you want more information, visit",English,banking,"authority,distraction",the trustee for superannuation fund,,d0343ad00c5d2bb9,0.3972939644537025,0
Tuesday 9:14 AM,"B0FA Alerts:Possible transaction attempt <DATE_TIME> of $1350.59,believe not made by you kindly contact us on <DATE_TIME> now",English,banking,"authority,time/urgency",b0fa,,f09d7ce561411508,0.39731305105095394,0
Yesterday 19:58,Royal Mail: Your parcel has been delayed. Reason: Outstanding fees. You can view and pay fees now via: <URL>,English,delivery,"authority,time/urgency",royal mail,,d4c187cc8dbea485,0.39736027404758956,0
5:57 am,Your unpaid invoice (INV #<PHONE_NUMBER>) is ready to be paid here. -LINKT Details:,English,others,"authority,time/urgency",linkt,,8f509e12bce207cc,0.39741340771048783,0
Today 11:41 AM,IRS:-Your Tax return was rejected by the IRS. kindly fix this by follow <URL>ine now,English,government,"authority,time/urgency",IRS,,533f501ff0dba0f2,0.3974973288149468,0
12:44,Unable to recharge your Tata Play account? You can use the alternate recharge mode on <URL> If issue persists please reach us at <DATE_TIME>,English,telecom,"authority,time/urgency",tata play,bit.ly,e7e45e9958a09509,0.3975000900859235,0
,Citi Alerts: We initiated a payment amounting $255.90 towards APPLE (APP/BILL 901/91) If you did not make this transaction please visit : <URL> immediately and follow the instructions provided,English,banking,"authority,distraction,time/urgency",Citi,,3fa73309897341da,0.39758144218815145,0
20 Apr,"Hi <NAMED_ENTITY>, In continuation to your last contact to know the status of your order with order id OD221561850146635000. We're sorry to let you know that there has been an unexpected delay in having your order delivered. We are working closely with the service providers to get this sorted and we will get back to you as soon as possible. We look forward to your continued trust and support. Thanks, Flipkart",English,delivery,"authority,distraction",flipkart,,797093a6c60b6fdd,0.3975864534244299,0
,"Parcel delivery cancelled due to invalid billing, instructions on how to fix can be viewed on",English,delivery,"distraction,time/urgency",,,3eac5a63b7c140c1,0.39770564817976617,0
Today 03:34,My3: We failed to deduct the latest direct debit therefore kindly review your information. Redirect yourself to <URL> failure to do so will result in your network features being canceled,English,telecom,"authority,time/urgency",3,,94fcf3e232ee106e,0.39784139507988553,0
7:06,"IRS: Your account is missing some info that we need to comply with financial regulations , login at <URL> With idme to keep your account activated The mission of the IRS is to help <NRP> taxpayers understand and meet their tax obligations and to provide them with the highest",English,government,"authority,time/urgency",IRS,tinyurl.com,2840049d1a545afc,0.3978520164877439,0
Today 6:27 pm,For your normal travel please deal with it promptly. Overdue Warning: TheTollRoads needs you to handle the bill via: <URL>,English,others,"authority,distraction,time/urgency",thetollroads,cutt.ly,df8fdb80d423b5ca,0.3978525884783484,0
Now,You are few steps away from completing loan application & getting the funds. Click <URL> & resume now. Bajaj Finance Ltd.,English,banking,"authority,need and greed",bajaj finance ltd,,55002e129f88be1f,0.3979511767176336,0
5:29 PM,ALERT: State-sponsored attackers may be targeting your iPhone...,English,others,"distraction,time/urgency",,,9b4f6569445d8f50,0.3979671564993971,0
,"Ref. your booking no 4020,LPG cylinder was delivered on <URL> Book & Pay for your cylinder on Amazon <URL>",English,others,"authority,distraction",Amazon,bit.ly,f0ec48e96e970c03,0.39802101505763543,0
Today 9:24 AM,[Post Office] We are unable to deliver your package because your package address is incorrect.,English,delivery,"authority,distraction,time/urgency",post office,,8b2635547635b208,0.3980548661147252,0
"Oct 8, 11:48","Hi! Your current Airtel plan on [redacted] will no longer be valid from <DATE_TIME> . So that you continue to enjoy Airtel Services, we are upgrading you to Rs.199 Unlimited calling plan. You also get 10<LOCATION> data & 100 SMS/day . To choose any other plan, click <URL>",English,telecom,"authority,distraction,time/urgency",Airtel,,6dad81671d63bc44,0.3980926044439064,0
"Oct 8, 11:48","Hi! Your current Airtel plan on will no longer be valid from <DATE_TIME> . So that you continue to enjoy Airtel Services, we are upgrading you to Rs.199 Unlimited calling plan. You also get 10<LOCATION> data & 100 SMS/day . To choose any other plan, click <URL>",English,telecom,"authority,distraction,time/urgency",Airtel,,1f50677a05a0c3e0,0.3980926044439064,0
"Oct 8, 11:48","Hi! Your current Airtel plan on will no longer be valid from <DATE_TIME>. So that you continue to enjoy Airtel Services, we are upgrading you to Rs.199 Unlimited calling plan. You also get 10<LOCATION> data & 100 SMS/day. To choose any other plan, click <URL>",English,telecom,"authority,distraction,time/urgency",Airtel,,b21d01283077a0b8,0.3980926044439064,0
Yesterday · 6:55 AM,Dear: Applicant .Your job application was successful. Contract has been sent to you via email. Sign and send back within <DATE_TIME>. Sasol limited <DATE_TIME> ( if not received email full names to <EMAIL_ADDRESS> & it will be resent within <DATE_TIME> )(if not in inbox check under spam),English,others,"authority,time/urgency",sasol limited,,e935eef03809d65a,0.39810338012096685,0
Today 14:01,Your A/C XXXXXX9673 can Be credited with Rs. <DATE_TIME>. Check Now!,English,banking,"authority,need and greed",,,3b59e3aabe5d746a,0.3981089219344238,0
10:00 AM,Your A/C XXXXXXXX6596 can Be credited with Rs.<US_DRIVER_LICENSE>. Check Now!,English,banking,"need and greed,time/urgency",banking,,6a0c3bc3acd1b650,0.3981089219344238,0
"9 October 2019, 9:43 am",Your A/C XXXXXXXX6596 can Be credited with Rs. <DATE_TIME>. Check Now!,English,banking,"distraction,need and greed,time/urgency",,,a98b37a46fcb8297,0.3981089219344238,0
"Saturday, today 15:53",Your A/C XXXXXXX8734 will be credited with Rs.1 Crore after Confirmation,English,banking,"authority,need and greed",unspecified bank,bit.ly,7f14a3f3b6ece04d,0.39812956699247026,0
Saturday 10:44,FRM: Savings Bank ACC LOCKED SUBJ: Go to <URL> MSG: ACCOUNT-ID: agioitneop !,English,banking,"authority,time/urgency",savings bank,,8d0fe3970ea63a8c,0.3982155018635526,0
"Thursday, Today 2:41 PM",Complete your registration by returning to the site and entering: Registration number: 50422,English,others,distraction,,,77de529749d70bfe,0.39827232868363727,0
"Wednesday, 30 October 2019 15:16","Dear <US_DRIVER_LICENSE>, Your A/C XXXXXXXX4598 Can Be credited with Rs.<US_DRIVER_LICENSE>. Check Now - <URL> T&C*",English,banking,"authority,need and greed",,,1226ad7944e128ed,0.39831546964507575,0
"Tuesday, 5 November 2019  5:07 p.m.","Dear <US_DRIVER_LICENSE>, Your A/C XXXXXXXXX4598 Can Be credited with Rs.<US_DRIVER_LICENSE>. Check Now - <URL>",English,banking,"authority,distraction,time/urgency",bank,,461a3168813b1a17,0.39831546964507575,0
,you have a package with wrong address in our transit warehouse...,English,delivery,"distraction,time/urgency",,,fdfcab3e17dfea5e,0.39836550143917226,0
"Thu, Apr 20 at 2:43 PM",Unwanted messages are flooding into your phone for a potential risk to your confidential data. Take action and remove them : <URL>,English,others,"need and greed,time/urgency",,,99bfed268c8a6a6c,0.3983707265080848,0
"Saturday, 15 Jan · 4:13 pm",You are selected for the Work from Home job offer. receive your <DATE_TIME> salary 288 . Anyone <DATE_TIME> can do. <LOCATION>,English,others,"authority,need and greed",,cutt.ly,1d773dadbb582360,0.39856158703229905,0
1:38 PM,"Dear user, Your PA""TYM Documents expire <URL>r service will block within <URL>ll <LOCATION> <DATE_TIME> <URL>ankyou",English,others,time/urgency,,,22e71bbecb190a45,0.39862378649666186,0
"Thursday, September 24th, 2020",SMS Alert Fee-24/08-<DATE_TIME>,English,others,,,,bf21a38021c1fd09,0.3988962494361039,0
Today 2:38 PM,Your Updated Zero Cost Prescription Benefit MEMBER#:UXAAXX00923 GROUP:UXAAXX BIN:<US_DRIVER_LICENSE> PCN:RXCUT Present info at pharmacy for immediate use,English,others,authority,,,6d75b92315245f71,0.39896350520414664,0
"Sat, 24 Sep, 3:00 am",LINKT: You had a trip used tollway on <DATE_TIME> without paying promptly. Please settle up payment immediately. Or penalty applies.,English,others,"distraction,time/urgency",linkt,,5398a896d77cbb89,0.3991688734630745,0
4:22 PM,"Please be informed that TRAI does not issue NOC for installation of mobile towers. If a fraudster approaches you with such a letter, the matter may be reported to the concerned mobile service provider.",English,telecom,"authority,dishonesty",trai,,2095fe251a487821,0.399351973725783,0
Mon,"U said youre looking for 3K a week. This private clip shows You how <NAMED_ENTITY>, to collect up to a Grand from online in the next 24 <NAMED_ENTITY>...",English,others,"need and greed,time/urgency",,,dea8b7933e6b893c,0.3993753459816734,0
4-29 10:31 PM,"AWB:<US_BANK_NUMBER> from Tata Cliq not fulfil as you were not <URL>r query call: <DATE_TIME>, For feedback pls click <NAMED_ENTITY>",English,delivery,"authority,time/urgency",tata cliq,,a708a582c244ceaa,0.3994750905746048,0
Wednesday 15 March 18:18,Dear SBI USER A/C will be blocked Update PANCARD for KYC verification login with <URL> here <URL>,English,banking,"authority,time/urgency",State Bank of India,,aa9640bfb00a6013,0.3995256338314568,0
10:31 AM,"Your <NAMED_ENTITY> has expired, you can reactivate it through the link for security purposes:",English,government,"authority,distraction,time/urgency",singpass,bit.ly,dcb86558d4efb881,0.39953246910665496,0
Today 10:59 am,A new notification from us <URL>,English,others,time/urgency,,,5b20d4acbc970274,0.39962318869893154,0
Today 7:00 pm,Your required to reschedule your parcel before <DATE_TIME>. All parcels are held for 15DAYS before being sent back to sender. See <URL>,English,delivery,"authority,time/urgency",australia post,,ea94d77a5dad8e09,0.39977176574590795,0
"Thursday, November 14, 2019 11:28 AM","You may now enjoy ur <US_DRIVER_LICENSE> Prepaid Credits from Auto|oadMAX. To Redeem just dial, *100*1*<PHONE_NUMBER>*600*1# valid till:2019 Trace No:<US_BANK_NUMBER>",English,telecom,"distraction,need and greed,time/urgency",auto|oadmax,,13a1ef5f3d4dc6c8,0.3998147018739533,0
17:30,"Recharge ₹5 for validity pack And Enjoy truly Unlimited local, STD & Roaming calls on any networks, 2GB Data<DATE_TIME>, 100 national sms/day for <DATE_TIME>.",English,telecom,"authority,need and greed",,,f046be6516526e1c,0.3999073729627201,0
4:37,It's time to hold <NAMED_ENTITY> and <NAMED_ENTITY> accountable. We need to elect <NRP> <NAMED_ENTITY> on <DATE_TIME> to ensure we have someone in Congress that will stand up to their radical agenda and be a conservative voice we can trust. <NAMED_ENTITY> will: - Secure our Border - Crack Down on Crime - Lower Inflation Vote Young <NAMED_ENTITY> by <DATE_TIME> Reply STOP to opt out,English,others,"authority,need and greed,time/urgency",,,5154d0e345489946,0.39993225389681025,0
12:28 pm,Dear SAMEERA <NAMED_ENTITY> Thank you for joining the Aam Aadmi Party. We will keep you updated on all events. Call <PHONE_NUMBER> for information.,English,others,authority,aam aadmi party,,9575bc561d7fffdf,0.3999927517919318,0
"Mon, 16 Apr, 11:16 pm",ALERT : You've just sent a paypal payment to <EMAIL_ADDRESS> Transaction ID : 16G7741T90521A . To cancel the payment click here <URL>ine,English,banking,"authority,distraction,time/urgency",PayPal,,885441adfd6b64f7,0.40006353040518816,0
Today 9:25 AM,USPS: The carrier was unable to deliver your order because the shipping information is missing a house number. Check please.,English,delivery,"authority,time/urgency",USPS,,f0055ad17e1c67b1,0.40018848788536404,0
"Sun, Dec 18 at 12:06 PM","The carrier was unable to deliver your order because the shipping information is missing a house number. Check, please.",English,delivery,"authority,time/urgency",,,608ebaf129803b1d,0.40018848788536404,0
18:23,Welcome back to Funfone! Go to <URL> and enter your cell number and this password ng2f3x to access your content.,English,telecom,"authority,distraction",funfone,,d5c7c48ae9d49e41,0.4002133143059991,0
"Friday, 22 January 2021 7:11 am",Citibank requires you to provide valid and up to date personal information. You must complete this below.,English,banking,"authority,distraction",Citi,,962644878bf8c95f,0.4002326565180227,0
7:02 am,Traffic violations by your Vehicle No.: <LOCATION> found actionable vide challan No.<US_BANK_NUMBER>. Click <URL> and select department NOTICE BRANCH DELHI TRAFFIC D to see details and may pay fine of Rs.100.00 DDCSMS,English,government,"authority,time/urgency",delhi traffic department,,baaa35eaa94711fb,0.400232662692732,0
,"Royal Mail: Your package has a £2 shipping fee, to pay this now visit <URL>. Package will be returned to sender if unpaid.",English,delivery,"authority,distraction,time/urgency",royal mail,,434344735e66f9e4,0.40028269594638766,0
02 Mar,Loan @ 3 % <URL>ly now with ID Copy*Bank Statement*Address*Loan Amount & <URL>a Whatsapp:<PHONE_NUMBER>...,English,banking,"need and greed,time/urgency",,,53bcb2d1d8ae2e97,0.4003228226708488,0
"Tue, 26 Oct, 15:00","Hi, Your Jiomart return request for Typographic Print Crew-Neck T-shirt (Return No. 16349908780278269A-01) has been successfully placed. We expect to pick this up soon.",English,others,distraction,Jio,,f81978df0e936206,0.400384032538339,0
Today 3:14 am,E-Toll: Your E-Tag payment on <DATE_TIME> was not paid. To avoid penalty: <URL>,English,others,time/urgency,,bit.ly,3c9ae322950ccc2c,0.4004113136729986,0
"Jul 9, 2021, 1:24 PM",FRM:Navy Federal Credit <URL>BIT LOCKED SUBJ:Contact <US_BANK_NUMBER> MSG<IP_ADDRESS>,English,banking,"authority,time/urgency",navy federal credit union,,2968d49d95abceec,0.4005256062492235,0
2:39 PM,Rs.10900.0 on Reliance Digital charged via Simpl. -- Food groceries commute or medicines. Buy Now Pay Later via Simpl. Know More: <URL> - Simpl Pay,English,others,"authority,need and greed",reliance digital,,d5526eec82295dc6,0.4005632453944617,0
Tue 25 Apr at 01:22,Dispatched: Your HDFC Bank Debit Card is dispatched via Blue Dart Awb #<US_BANK_NUMBER> & will be delivered by <DATE_TIME>. Track here <URL>,English,banking,authority,HDFC Bank,,9bda2a2b45885799,0.40060236042211134,0
Tue 25 Apr at 01:22,Your HDFC Bank Debit Card is dispatched via Blue Dart Awb #<US_BANK_NUMBER> & will be delivered by <DATE_TIME>. Track here <URL>,English,banking,authority,HDFC Bank,,0f0f90b071ebe8a1,0.40060236042211134,0
3:43 PM,Get <US_DRIVER_LICENSE> INSTANT Bonus for Data/SMS/Calls to ALL Networks for <DATE_TIME>. Just load <US_DRIVER_LICENSE> using *220*PIN# to enjoy 10 times BONUS!,English,telecom,"need and greed,time/urgency",,,4ee62fc842c28fcc,0.400828564717459,0
12/11 21:40PM,"HALIFAX: A payment was attempted from a NEW DEVICE on <DATE_TIME> at 21:40PM. If this was NOT you, please visit: <URL>",English,banking,"authority,distraction,time/urgency",halifax,,c952519cb696731f,0.4010679767425255,0
Friday • 6:01 pm,Dear Sir Loan application of GITA SITARAM HARER of JLG DIRECT LINKAGE LOS No. <DATE_TIME> is Disbursed for Loan Amt 40683 Tenor 24. Rgds-HDFC Bank Ltd T&C Apply,English,banking,authority,HDFC Bank,,4dfab4063852bb16,0.40128983478005537,0
12:03,Dear Sir Loan application of RAJKALI SANTOSH KUMAR of SHG DIRECT LINKAGE LOS No. <DATE_TIME> is Disbursed for Loan Amt 30601 Tenor 24. Rgds-HDFC Bank Ltd T&C Apply,English,banking,authority,HDFC Bank,,0e8ad3e40582c1ed,0.40128983478005537,0
13:09,Pymt of Rs. 50000 for HDFC Bank <URL>d ending 6534 returned on 01/APR/2023 .Make alternate pymt imdly,English,banking,"authority,time/urgency",HDFC Bank,,840cc083968af4cd,0.40138521951433515,0
,"redBus <LOCATION> to <LOCATION> Ticket No: 83T5TTP7 PNR: Xa<MEDICAL_LICENSE>800578/ALM Travels: Uttar Pradesh State Road Transport Corporation(UPSRTC) Departure time: <DATE_TIME>, <DATE_TIME> Reporting time: <DATE_TIME> 2018 Seat Numbers: 32 Boarding point: ALLAHABAD, <LOCATION> , <NAMED_ENTITY> (Mg <NAMED_ENTITY>), <LOCATION>, <LOCATION>, Uttar Pradesh <US_DRIVER_LICENSE> Boarding point contact: <PHONE_NUMBER>/ <PHONE_NUMBER>/<PHONE_NUMBER> Note: Please carry a ticket print while boarding Travel Helpline: <PHONE_NUMBER> Click here <URL> to book an <NAMED_ENTITY> to your boarding point through PhonePe app and get exciting offers!",English,others,time/urgency,redbus,,7540fd0074d42705,0.401522630627111,0
Today 2:47 PM,"Your MzansiAfrikaLifestyle <US_DRIVER_LICENSE>,85 debit will run <DATE_TIME> sold by Evolution Ent. 0318252557Ç ref EV0ENTVH00EVON24606200 <URL>spond for help",English,banking,"distraction,need and greed",mzansiafrikalifestyle,,2c881a1e93bb7366,0.40156250848267977,0
2018-02-01T09:21,"Your MBS247 <US_DRIVER_LICENSE>,69 debit will run <DATE_TIME> sold by Stratton <US_BANK_NUMBER> ref STRATONVH0STR00004 <URL>spond for help",English,banking,"authority,time/urgency",stratton,,133078ac0f49b338,0.40156250848267977,0
"Friday, 30 August 2019","We Are Pleased to Invite you For an Interview With GMG LTD On <DATE_TIME> by <DATE_TIME> At <DATE_TIME> <NAMED_ENTITY>, Balogun B-stop, <LOCATION>, <LOCATION>. HR-Mr <NAMED_ENTITY>.",English,others,authority,gmg ltd,,c6294a32eb97c7c2,0.4017469964111768,0
"Tuesday, 27 October 2020 10:14",<NRP> army payment successful received in your bank <URL>,English,government,"authority,distraction",indian army,,5892ce7db02fe5e0,0.402069455906515,0
10-17 10:53 PM,You have opted-out of Rs23 auto-debit for <DATE_TIME> validity. Outgoing services will stop on <DATE_TIME>. Recharge with Airtel Unlimited Pack before current pack expiry.,English,telecom,"authority,distraction,time/urgency",Airtel,,65300e5df51dcbfd,0.4021208655431425,0
Today 6:55 PM,"<NAMED_ENTITY> know it's getting late in <DATE_TIME>, but I could really use your advice on this St. Lucie Co. project. Can you review this before going to bed? Reply Stop to opt out",English,others,distraction,,,ee74c7c04dc2ad6b,0.4022863084333875,0
Today 9:31 AM,A/C Update: Your Personal Loan offer of Rs. <US_DRIVER_LICENSE> is approved. Avail now and get it disbursed in <DATE_TIME>,English,banking,"need and greed,time/urgency",,,1eda9aa3df1f47fc,0.4022877788461299,0
4:37 PM,"Dear IEC Holder, Your IEC was deactivated due to non-updating it. To reactivate, fill out the form and pay here <URL>, ignore if already done",English,government,"authority,time/urgency",iec,,e513f3ea57538b12,0.40229535605065564,0
,(POST)(Canada) Action needed at: <URL> Your package(s) is being held until you update your address.,English,delivery,"authority,time/urgency",canada post,,0062b7fcb975fb23,0.40237302398935026,0
Thursday Oct 6 : 6:35 PM,RM0 TNG eWallet: <US_DRIVER_LICENSE>. Valid for <DATE_TIME>. Don't share for security reasons. Call <PHONE_NUMBER> if you didn't perform this request.,English,others,"authority,time/urgency",tng ewallet,,0ff8c7e5a2b408ca,0.40247520729831127,0
"Oct 10, 2020  3:38 PM",YOUR <DATE_TIME> PACKAGE! ; It Is Finally Out For Delivery ;,English,delivery,"distraction,time/urgency",,,02b53fe14e543295,0.4025396024351873,0
"Aug 24, 2022 at 10:35 AM",<URL>A: EDD has disabled this card. ADDITIONAL VERIFICATION REQUIRED. <NAMED_ENTITY>,English,banking,"authority,time/urgency","Bank of America,edd",,e42f36321a483ee1,0.40258076305059187,0
"Friday, 26 November 2021 19:59","Hi <NAMED_ENTITY>, your <LOCATION> order #<US_BANK_NUMBER> will be delivered before <DATE_TIME> on Sat 27 Nov. Track or reschedule <URL>",English,delivery,"authority,time/urgency",takealot,,63b128f50b76f143,0.4026335858680115,0
Today 6:35 PM,Kudos to you! You've been chosen as one of the postpaid plan subscribers who will receive a free Netflix T-shirt and mug! Simply send the six digits you received within <DATE_TIME>. Thank you for selecting GLOBE.,English,telecom,"authority,distraction,need and greed,time/urgency",globe,,70e4b65177d6ab64,0.40265618171856143,0
,Heavy rain in your region in <DATE_TIME>. Strong winds. Risk of flooding. Stay alert. Info: <URL>,English,others,,,,5bab9af504656f06,0.40287745450018536,0
"Saturday, 27 April 2019 12:29 pm","Payment FAILED for order ANKLE BRAC.... To convert it to COD at no extra cost, click <URL> kHHdPvdLQ1dlxeJG6zRLvi4_mE",English,delivery,"authority,time/urgency",Amazon,,bfdb01f28c5ae65d,0.402890393411492,0
,"Hi <NAMED_ENTITY>, Just wanted to let you know there's a discount valid until 5/7. Claim your discount <DATE_TIME>.",English,others,time/urgency,,,cb4624513b6e1bf1,0.4029168545648019,0
"12:13 pm, 27 June 2018",Your account may be suspended and requires additional verification.,English,others,"distraction,time/urgency",,,269368343fb785cc,0.4029322343981563,0
"Wed, Jun 21 at 8:17 PM","Amazon: Purchase attempt from <LOCATION>, <LOCATION>. Tap link to respond.",English,others,"authority,time/urgency",Amazon,,be7a25f5c68213e9,0.4029879549962716,0
Today 8:22 PM,"AT&T Free Msg: Apologies for the signal issues on <DATE_TIME>, <NAMED_ENTITY>! Here's a symbolic reimbursement:",English,telecom,authority,at&t,,bc11bbee984379eb,0.40300268121074584,0
3:33 PM,"<NAMED_ENTITY>,Appointment Set For ACCOUNT CLERKS POSITION Address: FOCUS HOUSE 5th floor office NO:505 at 86 LOVEDAY&PLEIN STREET (<LOCATION>) please bring all your qualifications/ID OR LICENCE <DATE_TIME> (<DATE_TIME>) <DATE_TIME> 09:00am ask for:MR <NAMED_ENTITY>",English,others,distraction,,,6d4cfa352e1ece11,0.4031305331179343,0
08 MAY 2023,TRANSFER TO <US_BANK_NUMBER> - PMJJBY RENEWAL SBIJB014050202312511 <US_DRIVER_LICENSE>,English,banking,authority,State Bank of India,,667c69b31c0e01fc,0.4034815641810095,0
Today 15:23,<NAMED_ENTITY>: Your package with <NAMED_ENTITY> is on its wag! <NAMED_ENTITY> to track,English,delivery,"authority,time/urgency",yozej v2,,50f31888c3a40452,0.4035055404377828,0
"Oct 29, 2021 9:38 PM",Amazon: Sign-in attempt from <LOCATION>. Tap link to respond.,English,others,"authority,time/urgency",Amazon,,9daff66f9f42a700,0.4036965790207329,0
Monday 1:47 PM,Hi <NAMED_ENTITY>. Your house has always stood out! Would you be open to a direct deal for it? Let's set up a call <DATE_TIME>? <NAMED_ENTITY> to unsubscribe,English,wrong number,"distraction,kindness",,,762a99cca96f6226,0.40370832822587144,0
6:12 pm,YOUR PERMANENT PICK/ PACKERS JOB ONLINE APPLICATION ATTEND VERBAL INTERVIEW@155 ILPHA HOUSE 3RD FLOOR OFFICE 311(JHB)CNR COMMISSIONER &VON WELLEIGH OPPOSITE CARLTON CENTER NEXT TO REA VAYA STATION <DATE_TIME> 7:00am BRING YOUR ACCOMPANIED WITH COPY OF ID/PASSPORT SALARY R9000PM REF:PRIMROSE,English,others,"distraction,need and greed,time/urgency",,,0443e695a35d051e,0.40392801444140625,0
Today,Account notification: The password for your Google account <EMAIL_ADDRESS> was recently changed <URL>,English,others,"authority,distraction",google,,316e2c8ad721a3c6,0.4041020119489364,0
11:26 AM,"Dear Subscriber, U just interacted with <LOCATION>.If U r satisfied with the interaction, please type Y, if Not type N and reply toll free to this message.",English,others,kindness,,,53c5cf894f9cd024,0.40413637790951124,0
"21 Jul 2020, 18:44",DHL Express <PHONE_NUMBER> from SON OF A TAILOR estimated Fri 24 Jul. Signature req'd. Collect at Service Point + other options:,English,delivery,"authority,time/urgency",DHL,,75a9bc98ef8a4acc,0.40424776546051305,0
19:04,Your GO-JEK verification code is 3914 and is valid till <DATE_TIME> 19:14. Do not share this code with anyone.,English,others,"authority,time/urgency",go-jek,,10222f55d1a413a1,0.4043242433589155,0
21-8 10:07 AM,"Hi <NAMED_ENTITY>, Make your salary work for you! New & easy way to book a HDFC bank Fixed Deposit. Book using mobile no. <URL>",English,banking,"authority,distraction",HDFC Bank,,df09a62f31fb8437,0.40448281129441127,0
4-29 10:31 PM,"AWB:<US_BANK_NUMBER> from Tata Cliq not fulfil as you were not available. For query call: <DATE_TIME>, For feedback pls click <NAMED_ENTITY>",English,delivery,"authority,time/urgency",tata cliq,,37db4eda6fc81934,0.40451715404058386,0
Today 7:45 PM,"IR-2018-616, <DATE_TIME> taxpayers, at risk for having too little tax withheld from their pay, can avoid a surprise <DATE_TIME> tax bill by quickly updating the withholding from they give to their employer, according to the IRS. Please get your tax return Transcript",English,government,"authority,time/urgency",IRS,,8e18a3cb068af3c9,0.4045524586258749,0
2:04 AM,COULD YOU PARTNER WITH <LOCATION> IN AN URGENT TRANSACTION?.. CONTACT <LOCATION> RIGHT NOW FOR DETAILS: <EMAIL_ADDRESS>,English,others,"distraction,time/urgency",,,7bbd7a6693345fda,0.4048050750840601,0
"Today, 01:51",COULD YOU PARTNER WITH <LOCATION> IN AN URGENT TRANSACTION?..?.. CONTACT <LOCATION> RIGHT NOW FOR DETAILS: <EMAIL_ADDRESS>,English,others,"distraction,time/urgency",,,e4faa5fd52049079,0.4048050750840601,0
,"Dear <NAMED_ENTITY>! Know how you can enable your HDFC Bank Debit card for online, contactless and international usage here: <URL> Dear <NAMED_ENTITY>! To view the enabling steps for HDFC Bank Debit card for online, contactless and international usage again, Click <URL> You can also enjoy 100+ offers on your Debit Card here <URL>",English,banking,"authority,need and greed",HDFC Bank,,f359c25179c64240,0.4048186183066751,0
12:36p,Sir Thanks for your help. I shall get it done from sbicard office. You have not sent your official identity card. Otherwise send your aadhar no. for verification,English,banking,"authority,distraction",sbicard office,,ec8d52bc4bccbb54,0.4049263237639946,0
"Aug 13, 4:12 PM",Your 17 Laptop Bac.. order <NAMED_ENTITY> is Cancelled per request. Raise issue at <URL>,English,delivery,"distraction,time/urgency",Jio,,14407146d34c9081,0.4049589259521228,0
"Aug 15, 9:20 PM","Your 17"" Laptop Bac.. order <NAMED_ENTITY> is Cancelled per request. Raise issue at <URL> -Shadowfax",English,delivery,"distraction,time/urgency",Jio,,7f44d9ef9dc8d684,0.4049589259521228,0
"Sat, Aug 26 at 9:07 AM",'47: It's National Dog Day! 10% of dog hat sales support Sweet Paws Rescue. Now with more breeds. Find your dog <DATE_TIME>,English,others,need and greed,sweet paws rescue,,83985419e589a736,0.4054695793604712,0
Yesterday 18:30,"HPGas BookingNo CashMemo <US_DRIVER_LICENSE> Dt <DATE_TIME> Rs.902.5,is generated.EZYGAS Authentication Code is ****plz share it to <NRP> upon delivery",English,others,authority,hpgas,,58ca63c740bee712,0.40561342881350587,0
12:36 PM,Dear Customer 2799 is the <NAMED_ENTITY> for portal login. OTPs are SECRET. DO NOT disclose it...,English,others,"authority,time/urgency",,,7b99311d1704dae4,0.40575214733312936,0
12:36 PM,Dear Customer 279** is the <NAMED_ENTITY> for portal login. OTPs are SECRET. DO NOT disclose it...,English,others,"authority,time/urgency",,,0b06444dae313404,0.40575214733312936,0
4 min ago,"Dear Luno User,Your Luno account is not validated and will be deleted in <DATE_TIME><URL> validate click--> <URL> to secure wallet.",English,banking,"authority,time/urgency",luno,,308a0da1425b01df,0.40576167641504196,0
"Tue, 04/30/2019 23:20","Dear BALAKRISHNAN M, Congratulations you have successfully registered.",English,others,,,,ab55fa12e997e354,0.4057891639257494,0
11:06,Enjoy 2<LOCATION> data valid for <DATE_TIME> at GH₵3 today. Dial *<DATE_TIME> now to subscribe. Offer valid for <DATE_TIME>.,English,telecom,need and greed,,,93a47c1fb83e0ce3,0.4058893762427944,0
18:28,"Hi,we could not take any action on your complaint registered via Reference No. 31-<US_BANK_NUMBER>, dated <DATE_TIME> regarding unsolicited commercial communication on your Airtel number because the defaulting telemarketer belongs to BSNL & response received from the concerned operator through TRAI is CDR Does Not match.",English,telecom,authority,Airtel,,cb027786280498b8,0.4059972020683234,0
2023-10-06T16:07:00,Paid $3969.00 against Apple MacBook Pro(13-inch) <US_DRIVER_LICENSE> at AMZ. Order id 203-KG-091L0 on <DATE_TIME>. Helpline <PHONE_NUMBER> If any dispute.,English,delivery,"authority,time/urgency","Amazon,apple",,5ee4d22e1cab47d7,0.4060771459936518,0
Today 2:03 PM,You have 6381.68 KSH balance that has not been withdrawn. Please log in and check within <DATE_TIME>.,English,others,time/urgency,,,2175728fa73935e7,0.4061107902223306,0
,Total cost of <DATE_TIME> sent was 12.00 and new account balance is 1100.00.,English,others,,,,9d60deed5b2972c5,0.4062378651995486,0
Today 6:36 PM,Thank you for being vaccinated from <LOCATION>. We are crediting you 90.00$ CAD. Follow the instruction below:,English,government,"authority,need and greed",,,2b1d402c553766d8,0.40640005457153994,0
Yesterday 00:14,"Your package can't be delivered, customs fees (4.22QAR) have not been paid. Follow this link to pay : <URL>",English,delivery,"authority,need and greed,time/urgency",aramex,,09b17d493bf77ac0,0.4064438217996375,0
"Sat, May 21, 4:18 PM",Invoice generated for Rs. <URL>are DAC 2386 on delivery. Download elnvoice <URL>,English,delivery,"authority,distraction,time/urgency",indian oil,,89656100bfead231,0.4065286487807254,0
"Sat, May 14, 5:20 PM",Invoice generated for Rs. <URL>are DAC 1021 on delivery. Download elnvoice <URL>,English,others,"distraction,need and greed,time/urgency",indianoil,,16b83cb36f765bef,0.4065286487807254,0
"Today, 19:15",<NAMED_ENTITY>: Warm up with this fiery deal! Get up to Rs.5000 OFF on Domestic Hotels with HDFC Bank Credit Cards! Code: GOHDFC.,English,banking,"authority,need and greed","HDFC Bank,goibibo",,0e4eec2d47790b7b,0.4065559409747348,0
9:24 AM,39430 is your one time password to proceed on PhonePe. It is valid for <DATE_TIME>. Do not share your <NAMED_ENTITY> with anyone.,English,banking,"authority,time/urgency",PhonePe,,ebae914f6262f497,0.406617797043472,0
9:58 AM,"Congrats 9703XXX99. Open Trading A/C and get benefits worth Rs. 75,596/- Click here to open A/C.",English,others,"need and greed,time/urgency",,,d18624dcb1014a9c,0.40666157787893453,0
16:05,Hello. Your Add-on expires in <DATE_TIME>. To get your next one click here <URL>zpy ...,English,telecom,time/urgency,,,adb1469d4a4b2dbe,0.40676412938920653,0
Today 9:04 am,MetaMask: Hi we're contacting you as you're from <LOCATION> and have an account with us. We require all members to re-sync their MetaMask as per new Crypto regulation. Please do so by the 19th November - <URL>,English,banking,"authority,time/urgency",metamask,,53b39ecf5afeac7d,0.40677830111642993,0
Today 10:11 am,[PayPal] Did you pay [REDACTED] to [REDACTED] LTD on <DATE_TIME>? Reply 1 if yes or 2 if no. [Reply Needed],English,banking,"authority,distraction,time/urgency",PayPal,,8492c4b0940f16ac,0.40680006950821607,0
Today 4:00 am,Linkt: Your E-Tag was not working properly. Please manage your failed payment at <URL> within <DATE_TIME>.,English,others,"authority,time/urgency",linkt,t.ly,b9be4b52fd6f381e,0.4069858583002284,0
"Saturday, 16 October 2021 01:50",Post Office: Sorry to inform you your item is stuck at the depot to recover please visit:,English,delivery,"authority,time/urgency",post office,,f28c70ae567a4883,0.4069944198462423,0
5:11 PM,"Thank you for submitting form on NVSP. Your form reference id is BTL547722194, ECI.",English,government,authority,nvsp,,3be36f62a62e0f89,0.4070727603713832,0
Today 19:49,Thank you for submitting form on NVSP. Your form reference id is BXN866561538 ECI.,English,government,authority,nvsp,,1b2c4fb63825c8e1,0.4070727603713832,0
"Thursday, 8 October 2020 at 17:28PM","HALIFAX: A payment was attempted from a NEW DEVICE on <DATE_TIME> at 17:28PM. If this was NOT you, please visit: <URL>",English,banking,"authority,time/urgency",halifax,,d76bde018251073c,0.4071420117846715,0
"Sunday, August 6, 9:12 AM","IRS Payment verification, please navigate below : <URL>",English,government,"authority,time/urgency",IRS,,77d2b8b2d4728719,0.40732131283609124,0
12:12 PM,Verizon Msg: No action is required. This is just a courtesy to let you know line ending in <DATE_TIME> is in the process of being transferred to a new carrier. If you did not authorize this transfer call <PHONE_NUMBER>.,English,telecom,"authority,distraction",Verizon,,b864137f20c3a19a,0.407427001018794,0
Today 07:14,Alert from Walmart: Your gift will be returned if not confirmed by <DATE_TIME> <URL>,English,delivery,"authority,time/urgency",walmart,,6f98de4d4eef490f,0.40744518611472735,0
11:54 PM,Traffic challan pending against your vehicle no MH01BN1668 Click here to see your challan details: <URL> OTPIMS,English,government,"authority,distraction,time/urgency",,,ee3267294b061a7a,0.407534036564665,0
04 Mar 2023 | 11:08:00 AM,RTO Notified RTO due to High Ageing-RTO due to high ageing-Shipments are delayed during transit due to heavy backlogs at Mid hub & Lastmile location. EDD Already breached,English,delivery,distraction,,,0774b20c24b4b489,0.4075386073735996,0
18m,"TransID#9320;; Your return of $135,60 (CAD) is ready to be deposited.",English,others,need and greed,,,f545f25ab916174e,0.4076180388817152,0
7:05 AM,We want to send a Package with ID: 89AF92nu to you. Confirm your address here,English,delivery,"distraction,need and greed,time/urgency",,,244a52ba4f6b4626,0.4076182459484578,0
Today 6:36 PM,Dear_SBI CUST0MER YOUR State_<URL>C0UNT Will be CLOSE TODAY Due <NAMED_ENTITY> kycUpdate YOUR <NAMED_ENTITY> Open The Link_,English,banking,"authority,time/urgency",State Bank of India,tinyurl.com,211136f142596427,0.407690957548714,0
19:30,Your usage as of <DATE_TIME> is KSH <URL> have KSH 99.77 <URL>ndly make a payment before reaching the limit to avoid disconnection.,English,telecom,"distraction,time/urgency",,,414cf47d71afb448,0.4077416082244334,0
12:18 PM,Hi . You've made a purchase of Rs 5000 from ANSAR (<US_BANK_NUMBER>). Click to pay: <URL>,English,others,"distraction,time/urgency",ansar,,be6e894ff5f508e0,0.4077534386163279,0
7:40 am,"You've been exposed to someone with <NAMED_ENTITY> (Omicron). To prevent the spread of the virus, please proceed to book a test: <URL>",English,government,"authority,distraction,time/urgency",medicare,,b98d0e1d17a2c2dc,0.40803971656634364,0
24-Feb-2023 05:10:28 PM IST,SAKSHI JOSHI attempt to Login in YES ONLINE failed on <DATE_TIME> 05:10:28 PM IST. Failed attempts would lock <URL>t you? Click,English,banking,"authority,time/urgency",yes online,,c80d44364caa482a,0.4080866868455095,0
05:04,We regret to inform you that your item cannot be shipped due to incorrect address. pls check and change your address promptly.,English,delivery,"distraction,time/urgency",,,1eca61a18abdd20b,0.40809576922131263,0
Today 2:27 PM,<URL>:- Your Tax return was rejected by the IRS. kindly fix this by go to https:// <URL> now,English,government,"authority,time/urgency",IRS,,26c1ad4c41a68051,0.408164709989493,0
Today 6:05 PM,<URL>:-Your Tax Return was rejected by the IRS. kindly fix this by go to https:// <URL>ine now,English,government,"authority,time/urgency",IRS,,605d4031a6793f93,0.408164709989493,0
Today 11:50 am,"Order Confirmed payment $3969.99 against Canon EOS <US_DRIVER_LICENSE> Camera at AMZ. Order Number <US_SSN> on <DATE_TIME>. Helpline <PHONE_NUMBER> if any dispute , Thank you",English,delivery,"authority,distraction",Amazon,,a7a9474b71b56a37,0.408166385311778,0
Today 09:27,NOTICE TO ALL <NRP>: All <NRP> with valid acct & bvn are advice to contact the NIGERIA_CENTRE_FOR DISEASE_CONTROL_to claim their SHOTDOWN funds to enable them get some of their domestic needs pendind when the stay will be <URL>ll <PHONE_NUMBER> for more informtins.,English,government,"authority,kindness,need and greed",nigeria centre for disease control,,65aee790934ffb1a,0.40822272821496275,0
Today 2:52 AM,A casual attitude towards safety leads to Casualty. Wear a full-face ISI certified helmet for your own safety. For more Information on visit,English,others,,,,8051699f6a87868c,0.40836403541697935,0
13:56,"STAY ALERT! Just because True callers ID says ""Safaricom customer care,"" does not mean that's who's calling. Do not follow instructions from such callers.",English,telecom,"authority,distraction",safaricom,,aef535909cade38c,0.4083746540120894,0
,will not hear back from you it will be consider as an intentional fraud and the lawsuit will be filed under your name. In order to get more information and talk to the Social Security office or kindly press one to repeat press one to connect your call to social security officer. Thank you.. Click here: <US_DRIVER_LICENSE> to listen to full voice message.,English,government,"authority,distraction,time/urgency",social security,,d655a125d7e199db,0.4084520143415165,0
Today 6:05 pm,Please note that your toll invoice is past due and you will need to visit: <URL> to pay. Otherwise your travel will be restricted.,English,others,"authority,time/urgency",,tinyurl.com,2ef9da5303b90b57,0.4085250427300113,0
3:52 PM,IRCTC complaint registration SMS to verify your number and Login: MGM4MDY0ZWJJODE0NzJhYjE wNDEyMDVmNzFmOTgwMWY=,English,government,"authority,distraction,time/urgency",irctc,,aa873ad5a5d9938c,0.40875449757799465,0
10:11,[POFMA] You have been found to be in breach of POFMA. Please report to <NAMED_ENTITY> <DATE_TIME> at <DATE_TIME>. Attire is No 4 Dress with Head Dress.,English,government,"authority,time/urgency",pofma,,c154c1ff2b5a0593,0.4087899580293718,0
,SECURITY WARNING. PLEASE DON'T SHARE. Your MTN App log in <NAMED_ENTITY> is :6898; MTN is not liable for incidents that result from sharing your <NAMED_ENTITY>. aiWG+zpSdGl SECURITY WARNING. PLEASE DON'T SHARE. Your MTN App log in <NAMED_ENTITY> is :3076; MTN is not liable for incidents that result from sharing your <NAMED_ENTITY>. aiWG+zpSdGl SECURITY WARNING. PLEASE DON'T SHARE. Your MTN App log in <NAMED_ENTITY> is :1090; MTN is not liable for incidents that result from sharing your <NAMED_ENTITY>. aiWG+zpSdGl SECURITY WARNING. PLEASE DON'T SHARE. Your MTN App log in <NAMED_ENTITY> is :5136; MTN is not liable for incidents that result from sharing your <NAMED_ENTITY>. aiWG+zpSdGl,English,telecom,"authority,time/urgency",MTN,,9c201e32c030141a,0.4088874975317798,0
"20 Feb, 12:11 pm","Dear <NAMED_ENTITY>, Congratulations! You have successfully completed the schedule of all doses of <NRP> vaccine. You can download your certificate at - <URL> - CoWIN",English,government,"authority,time/urgency",cowin,,e99976cf07c9e5d2,0.4090020628898275,0
21/06/2023 06:56 AM,Thank you for your spam SMS report on <DATE_TIME> at <DATE_TIME> about [Scam message. I have no ...]. Your report helps the ACMA identify potential breaches of the spam rules.,English,others,,acma,,10a68f93f1582e2d,0.4090518096022449,0
03:10 PM,"Congratulations Dear, Your ICICI Credit Card Can be Yours Check Status :",English,banking,"authority,need and greed",ICICI Bank,,fc3fcc9852e8b7e4,0.40917513930660937,0
6:44,"If you do not verify your identity before <DATE_TIME>, your Amazon account will be terminated. Sincerely, Amazon Teams",English,others,"authority,time/urgency",Amazon,,99b9ce37c075691e,0.40919342379958745,0
11:47,Hi! You have been selected for part-time/full-time employment. Daily salar...,English,others,need and greed,,,d74f36b1cb266296,0.40928416396113987,0
6:35,"The USPS package has arrived at the warehouse and cannot be delivered due to incomplete address information. Please change your address in the link and pay 0.3 USD in the link, otherwise the express will be returned.",English,delivery,"authority,time/urgency",USPS,,d058dc74ff366231,0.40932839895380674,0
"Sat, Oct 16, 2021, 4:53 PM","Dear Sir, 1. I would like to Renew Subscription but ""AUTO RENEWAL NOT ACCEPTABLE"". Refer to our past correspondence on subject. 2. Advise Alternative Payment Mode and Amount for Renewal of Subscription which has not been intimated. Regards, Sincerely, JS <NAMED_ENTITY>",English,others,,,,eaa7ca45a2768bde,0.4093849718997949,0
2019-11-19T09:59:00,"Let the Kids indulge in learning something new with <DATE_TIME> of handpicked, educational entertainment from <NAMED_ENTITY> learning CH66 Dial *423*3# to Pay STOP*456*9*5#",English,telecom,"authority,distraction",da vinci learning,,76d4da11242d43e9,0.4094209593114497,0
"Monday, 8 February 2021 2:12 pm","DEAR CANDIDATE, YOUR RIL FORM LINK- <URL> CLICK & SUBMIT THE FORM REGARDS RIL HR TEAM",English,others,"authority,time/urgency",ril,,457c22b2bce23363,0.40955874655278196,0
Today 07:14,<NAMED_ENTITY> here! NEVER share this code via call/text. ONLY YOU should enter the code. BEWARE: If someone asks for the code it's a scam. Code: <US_DRIVER_LICENSE> Sign-in Detected ! Location : Near <LOCATION> (<LOCATION>) <LOCATION> -iPad. <DATE_TIME> May <DATE_TIME> Not you ? Tap the link to sign-in now !,English,banking,"authority,time/urgency",venmo,,5f3ccb00075e8772,0.4096662714520914,0
Today 1:46 PM,Dear CustomerYour SBI Credit Card Reward Point Worth Rs.5899 Will Expire <DATE_TIME>. Kindly Redeem Point In Cashback By Clicking On Link <URL>,English,banking,"authority,need and greed,time/urgency",State Bank of India,bit.ly,cf58e65a6c48ebf1,0.40970590899583137,0
,"XYZ Bank: You must conduct an account security check immediately, otherwise the account will be locked. Please browse <URL>",English,banking,"authority,distraction,time/urgency",xyz bank,,e9db9d691b172a2d,0.4098135401685359,0
,"XYZ Bank: You must conduct an account security check immediately, otherwise the account will be locked. Please browse <URL>~/12345",English,banking,"authority,time/urgency",xyz bank,,2ad465e0fee8f561,0.4098135401685359,0
Today 11:35 am,New notification for you,English,others,,,,8f25b6df0d3bd4e3,0.409858810868465,0
"Friday, 19 January 4:48 pm",myGOV; A new payment message view at <URL> Regards <NAMED_ENTITY>,English,government,"authority,time/urgency",mygov,,76b8c60b2ab39ec5,0.40988861203491117,0
"Tuesday, October 4 4:35 PM",Aramex: We inform you that Package delivery <US_DRIVER_LICENSE> is waiting for your confirmation. Track your parcel here: <URL>,English,delivery,"authority,time/urgency",aramex,,8fc54a53eba7d4b1,0.4099164254125269,0
Today 9:13 AM,We inform you that Package delivery AE407525168885 is waiting for your confirmation. Track your parcel here: <URL>,English,delivery,"authority,distraction,time/urgency",armx-deliverco,,0e9fba59e938c1a0,0.4099164254125269,0
11:08 AM,Welcome to State Bank Of India Credit Card Enquiry,English,banking,authority,State Bank of India,,f15ec493e7ec1619,0.40999661772684853,0
13-10 7:50 AM,"Attempted delivery of your THINKLEARN SURFACE shipment, but could not reach you. If you want it to be de - livered <DATE_TIME>, kindly call back <PHONE_NUMBER>",English,delivery,"distraction,time/urgency",thinklearn surface,,0b622392967fffbd,0.4100804930615564,0
,"I'm being officially billed for fraudulent International SMS, now I want to bring to your kind attention criticality of this fraud. In our nation of 1.4 billion citizens, lakhs of customers are being cheated like this on <DATE_TIME> basis. Do the math of how much Forex loss it is for our Nation? Reliance Jio must assume social responsibility & implement a simple authorization based international call/sms barring system like AT&T. You can even advertise this feature & attract more confident customers. Sincerely <NAMED_ENTITY>",English,telecom,authority,Jio,,677c52856e4fa0f3,0.41046911288146204,0
10:27 AM,Your Balances are Android: 2930MB till <DATE_TIME> Bonus: 3584MB till <DATE_TIME> .Dial *141# to buy data plans,English,telecom,distraction,,,156ee5c95f010068,0.41055670472669786,0
Today 17:50,You received (1) new photo--message:,English,others,distraction,,,2b264947ba6098dc,0.4106556812199471,0
Today 16:44,"<NAMED_ENTITY>, you received (1) new photo--message:",English,others,,,,1279651d6856d129,0.4106556812199471,0
"Saturday, today 16:40",You received (1) new photo--message: <NRP>,English,others,"distraction,time/urgency",,,a6b3315822a5bb60,0.4106556812199471,0
"Fri, Jul 21 at 5:25 PM","AlaskaAir: Check in now at <URL> confirmation code MAHYYH, and use your smartphone as your boarding pass. Replying STOP will end all critical flight comms.",English,others,authority,alaskaair,,d5935a4e3bd55182,0.41066616704588327,0
"Saturday, April 2, 2022 00:17:0",<NAMED_ENTITY> For <DATE_TIME> Being Debit For Trx Done On - <US_BANK_NUMBER> Sms Alert Charge For 23jul2021-26aug2021 Being Debit For Trx Done On - <US_BANK_NUMBER> Sms Alert Charge For <DATE_TIME> Being Debit For Trx Done On - <US_BANK_NUMBER> Sms Alert Charge For 23feb2018-22mar2018 Being Debit For Trx Done On - <US_BANK_NUMBER> Sms Alert Charge For 22jun2018-26jul2018 Being Debit For Trx Done On - <US_BANK_NUMBER> Sms Alert Charge For <DATE_TIME> Being Debit For Trx Done On - <US_BANK_NUMBER> Sms Alert Charge For 23mar2018-19apr2018 Being Debit For Trx Done On - <US_BANK_NUMBER>,English,others,time/urgency,,,887351b7f77949a5,0.41077298128514084,0
4 May 2023 at 12:24 PM,Paid to SATYAM <US_BANK_NUMBER>@postbank Debited from XXXXXXXX0831 Bike insurance from ₹ 1.5/day*,English,banking,authority,PhonePe,,0500c94aa933cd54,0.4108464919408227,0
10:32 AM,We need your Urgent Attention! Account will soon close! Act now:,English,others,time/urgency,,,a9aea085473b74b7,0.4108629925665927,0
Today 09:55,"<LOCATION>-Track: Your Reference number ***8963 is available for collection, regarding home postage kindly confirm your details here",English,delivery,"authority,time/urgency",singapore-track,t.co,da2f8319850c0b69,0.4109178794540556,0
20:46,Dear SBI USER A/C will beblocked <DATE_TIME> Update PANCARD for KYC Verify login <NAMED_ENTITY>. <URL><NAMED_ENTITY> <URL>,English,banking,"authority,time/urgency",State Bank of India,,41ccfbc92a4f093c,0.4109798224672418,0
Nov 19,Thank you for speaking with us. Remember to pay <US_DRIVER_LICENSE>(Excludes HD/PVR) into SC <UK_NHS> on or before <DATE_TIME> to get <DATE_TIME> on Compact. T&C apply Your Connect One Time PIN: 2866,English,others,time/urgency,,,c63168bcd6401cd3,0.4110496564656067,0
Yesterday • 20:14,Thank you for your interest in Airtel! We have received your request for activation of mobile number <PHONE_NUMBER> with transaction reference no. (CAF no.) <US_DRIVER_LICENSE>. The same will be activated with in <DATE_TIME>.,English,telecom,"authority,time/urgency",Airtel,,1e5b3379872bcfa2,0.41112262438018204,0
21:52,The delivery of your package planned for the <DATE_TIME> requires a check and a payment of 2.99 GBP via :,English,delivery,"distraction,time/urgency",,bit.ly,7c24eb211ba28a81,0.41115972172624526,0
Today 13:56,"i kidnap your daughter; if you want your daughter safe. bank in $5000 now <NRP> REPORT POLICE , U REPORT I WILL KILL HER.",English,others,"distraction,time/urgency",,,37c81a39f1d54bf8,0.4111672193147094,0
3-3 13:41,HALERT : Buy MIENT <US_DRIVER_LICENSE> (BSE500) ABOVE 106 INTRADAY 115 SL 100.50 140+ In <DATE_TIME>. Company Announcing 1:1 Bonus. Check Link <URL>,English,others,"authority,distraction,time/urgency",,bit.ly,8331bfb3f0317cfd,0.411185015161904,0
9:08 AM,AT&T free msg: A credit in the amt of $15.61 was applied to your acct in th...,English,telecom,authority,at&t,,a82ea27f4eb51c3f,0.4111936259800462,0
"Monday, 29 March 2021 12:20","HSBC: A payment was attempted from a NEW DEVICE on 29/03. If this was NOT you, please visit: <URL>",English,banking,"authority,time/urgency",HSBC UK,,d0c73adbad6165d3,0.4112836022066884,0
"Thursday, 10 December 2020","Special Offer! Get <DATE_TIME> on Compact at no extra cost! To enjoy, renew SC <US_BANK_NUMBER> with <US_DRIVER_LICENSE>,900 before 17th Dec(<US_DRIVER_LICENSE>,500 applies for HDPVR access)",English,others,"need and greed,time/urgency",,,93b7a7f854f9e46d,0.4115369411222078,0
December 29 2022 2:09 PM,<DATE_TIME> is your Disney+ <NAMED_ENTITY> verification code. Enjoy watching! /wAX/OsgZgE. <NAMED_ENTITY>. . dCRwhgn0EbyyU,English,others,,disney hotstar,,a67a567830267c68,0.4116272597771197,0
"Today, 1:02 PM",Reminder: BAJAJ FINSERV DIRECT LIMITED has requested payment of INR 599.00. You can pay through this link: <URL> - Razorpay,English,banking,"authority,time/urgency",bajaj finserv direct limited,,b70657efff916039,0.4118331595575391,0
7:58 AM,"Hello Mr. <NAMED_ENTITY>, this is your attorney <NAMED_ENTITY>, reminding you about our meeting <DATE_TIME> at <DATE_TIME>. Call me if you have any questions.",English,others,,,,278e93d1081f52a2,0.412188624367012,0
25 November 2019,"Say NO to Cash / <URL>ke payment thru Debit Card/Wallets without any charges for payments upto Rs. <DATE_TIME> cashback offers, <URL>",English,others,"distraction,need and greed,time/urgency",,bit.ly,0d91d749bafff219,0.4122399327583766,0
Thursday 9 February 2023 3:00 pm,HI Sir Your Appointment can confirm with Frn - Dsip & Mee-ting near U Call <PHONE_NUMBER> (<NAMED_ENTITY>) BUTSPA,English,others,,butspa,,154347489e537f6e,0.4122405751850705,0
"Tuesday, 24 March 2020, 14:19","HSBC ALERT: A payment was attempted from a new device. If this was not you, please login <URL>",English,banking,"authority,distraction,time/urgency",HSBC UK,,03a61a5dbef9dfc3,0.41269821763291464,0
15:06,You have received 1.3875 ETH. Confirm the payment,English,others,"authority,distraction,need and greed,time/urgency",,,ce7bd9fc81e710af,0.4127467218660586,0
2:42PM,Due to no safe place to le...,English,delivery,"distraction,time/urgency",,,ef18261125a39a85,0.41285308874559495,0
2 8:19 PM,"Dear Sir/Madam, as an investor of ICICI Prudential Mutual Fund SIP PLUS, you are now getting the benefit of a life insurance cover as well. To view Insurance Cover Document click : <URL> and enter your PAN no., Mobile no. or Email-ID.",English,banking,"authority,distraction,time/urgency",ICICI Bank,,94a07a29679a6688,0.4128870542156932,0
Today 18:23,Your package could not be delivered due to no custom duty being paid (3.99-QAR). Follow the instructions here: <URL>,English,delivery,"distraction,time/urgency",,,3a84e03345cd836a,0.41310029801999676,0
Today 10:41 AM,"BNZ: A payment was attempted to a new payee on 29/04 at <DATE_TIME>. If this was NOT YOU, please visit: <URL>",English,banking,"authority,distraction,time/urgency",bnz,,03fa1d51885c3a9f,0.4131351760188652,0
"Sat, 1 Oct",Your FLIPKART order AwB <US_BANK_NUMBER> was undelivered as you refused to accept it - ECOM EXPRESS,English,delivery,"authority,distraction",flipkart,,4ab72908b2db265e,0.4131419868903558,0
Today 5:04 PM,"Be among the 10 lucky raffle winners when you join SLAMCI's free webinar on Building Wealth with Mutual Funds on <DATE_TIME> at 2PM. To register, visit <URL> Winners will be announced during the webinar. This is exclusive for Sun Life Clients.",English,others,"herd,need and greed",sun life,,2dfdbf4fcf233d04,0.41323586119005906,0
24/11/20 19:19,"HALIFAX: A new device SAMSUNG GALAXY <US_DRIVER_LICENSE> was successfully registered for Mobile Banking on <DATE_TIME>. If this was NOT you, please de-register this device via: <URL>",English,banking,"authority,time/urgency",halifax,,ba2c5c43cd0811a1,0.41326980092053567,0
29/01 Today 07:40,Please open bank account before <DATE_TIME> at any bank of choice if not done. This needed for getting NSFS allowances. Await further info.,English,government,"authority,time/urgency",,,440b94cc483f5573,0.4133777219266623,0
"Tuesday, Today",Please open bank account before <DATE_TIME> at any bank of choice if not done. This needed for getting NSFAS allowances. Await further info.,English,government,"authority,time/urgency",nsfas,,3df3c2a34de8c0a8,0.4133777219266623,0
"Jul 15, 2017, 8:37 PM",My name is theresa & I have $7.3 million Dollars to transfer to you for charity work to help the poor ones in <LOCATION>. CONTACT me now: <EMAIL_ADDRESS>,English,others,"kindness,need and greed",,,6487bcbf0e74c4cf,0.4135830459334338,0
"21/04/2019, 10:49:14","Absa:) Dep, into Nedbank A/c...81719, on <DATE_TIME>, <DATE_TIME>. CF-EFT FOC CPT TRANSF ZAR5500.00. Ref: Helpline: 0860 008 600",English,banking,"authority,time/urgency"," nedbank,absa",,b4e4bc05e5895486,0.4136607135101898,0
"Thursday, 5 November 2020 01:42","Resw/d@SBI ATM S1NH031347004 fm A/cx4 on04Nov20Txn#8392Avlbal If not w/d,fwd this SMS to <PHONE_NUMBER>/call1800111109or09449112211 to block card",English,banking,"authority,distraction,time/urgency",State Bank of India,,f8d4454a0c6b26c4,0.41369787171361544,0
"Thursday, 26 September 2019, 07:04","Hello, your 1024.00 MB 3G/4G daily data pack is now active and valid till <DATE_TIME>. Watch movies and live TV on Vodafone Play <URL>",English,telecom,"authority,distraction",Vodafone,bit.ly,36ae68bcf7a28a6e,0.4138611495385399,0
"Fri, Aug 18 at 7:51 AM",U.S.P.S - The package has arrived at the warehouse and cannot be delivered due to incomplete address information. Confirm your address at the,English,delivery,"authority,need and greed,time/urgency",USPS,,f7a8476abde4dece,0.41394328334973196,0
Fri 4:13 pm,Effective <DATE_TIME> SMS between individuals containing links (URLs) will be blocked to curb online fraud. Refer to the MCMC website for more info.,English,others,"authority,time/urgency",mcmc,,f179d54166361c5a,0.41442822700002047,0
16:10,DPD:We are sorry your parcel cannot be delivered due to an unpaid shipping fee. Visit: <URL> to book a redelivery.,English,delivery,"authority,need and greed,time/urgency",dpd,,35dabc957c2c4b16,0.41456295753092637,0
"Friday, September 2, 2022 12:51",USPService : We could not ship your package for address <URL>r need to confirm your address to ensure the delivery.,English,delivery,"authority,time/urgency",USPS,,5a1db075621048a4,0.41459937852504164,0
3:36 PM,UnClaimed ASSETS -ALERT: Our records show 266.77 may be owed to you...,English,others,"distraction,need and greed",,,8e987a3ac6b4768b,0.4146277175262195,0
Today 3:36 PM,UnClaimed ASSETS -ALERT: Our records show 266.77 may be owed to you,English,others,"distraction,need and greed",,,d99e5deac4d95ed1,0.4146277175262195,0
Yesterday 18:55,An attempt to add H James as a Trusted Payee was successful on 27/06. If this was NOT you please visit: <URL>,English,banking,"authority,distraction,time/urgency",,,183672e2025a6437,0.41466347959565797,0
Sat 10 Dec 2:15 PM; Today 2:39 PM,Hi to enhance your international roaming experience we've launched new International roaming plans. To know more please visit <URL>,English,telecom,"authority,need and greed",Airtel,,dcb4753b97fe3896,0.4146849103555299,0
Tuesday 05:23,"Hi , are you looking for a part-time job ? Minimum salary <US_DRIVER_LICENSE>-500 per day depend on you . No need any application fee . Easy steps , any time , any where . Can be done on phone . If you are intrested feel free to contact via whatsapp. Whatsapp:<PHONE_NUMBER>",English,others,need and greed,,,2f4eb7e7ab717123,0.4147280930948918,0
9:50 PM,"Dear <NAMED_ENTITY>, Mr. has applied for an 'add-on' EMI Card in your name on <DATE_TIME>. You can view it on the Bajaj Finserv Wallet app in <DATE_TIME>. Regards, <NRP> Finserv",English,banking,"authority,time/urgency",bajaj finserv,,e302b73ccd011798,0.41483637242781346,0
"Today, 10:16 PM",Your financial proof upload was rejected. You can re-upload a valid proof on Console. Please check your email for more details. <URL>,English,banking,"authority,time/urgency",,bit.ly,c1bea35555b6ad0c,0.4148400769673619,0
06-06 14:18,Don’t miss out on the chance of € 250 – confirm the claim and send documents: <URL> You can find detailed information in your mailbox. Case no. <US_BANK_NUMBER>,English,others,"need and greed,time/urgency",,,ecf0256bdafcaa5d,0.41490665280809536,0
5:34 PM,"Dear Thank you for banking with us To ensure we serve you better in <DATE_TIME>, we would like to ask 3 questions. Please click the WhatsApp Chat Link below and send the code displayed: <URL> Union Bank wishes you a prosperous <DATE_TIME>",English,banking,"authority,distraction,need and greed",union bank,wa.me,6f622cefe44e8b43,0.41492330387815524,0
Today 16:35,SANTANDER: A payment was attempted from a new device on <DATE_TIME> at 16:30. If this was not you please visit: <URL>,English,banking,"authority,time/urgency",Santander Bank,,2fbeb65dce745ae2,0.415059262184985,0
Today 12:32 PM,INTERAC e-Transfer: Reminder - you have a transfer that hasn't been deposited. See:<URL> Data rates may apply,English,banking,"authority,time/urgency",interac,,6d62269c5af959b3,0.4152443927059053,0
"Tuesday, 23 February 2021, 16:17PM","LLOYDS ALERT: You have successfully paired a new payee on 23/02 at <DATE_TIME>. If this was NOT you, visit: <URL>",English,banking,"authority,distraction,time/urgency",Lloyds Bank,,229a5a063bddb679,0.4152693218666264,0
Today 14:19,Our driver <NAMED_ENTITY> attempted to deliver your shipment <DATE_TIME> but no one was home. To reschedule a new delivery date visit: <URL>,English,delivery,time/urgency,,,23c562e73bd3f77f,0.4154076167624063,0
Tuesday 3:00 PM,I have a part time job offer for you. More information will be given upon conformation of availability. Send response to <EMAIL_ADDRESS> for more info.,English,others,need and greed,,,2b1f22728b6716ec,0.415463342605959,0
"Tuesday, today at 5:49 PM",ALERT: A suspicious login to your PayPal was made in <LOCATION> on <DATE_TIME> at <DATE_TIME> if this was not you immediately visit: <URL>,English,banking,"authority,distraction,time/urgency",PayPal,,f996fe789f9f4f2a,0.41560312182827636,0
"5 August 2021, 10:49 AM","Now, I have the following four order tasks for you to choose to complete You can perform four tasks: 1. Deposit 200 to earn 100 to earn 300 2. Deposit 500, earn 200, withdraw 700 3. Deposit 1000, earn 300, withdraw 1300 4. Deposit 3000, earn 900, withdraw 3900 See how much money you need to top up? The more you top up, the more commission you earn Which task did you choose to continue?",English,others,"distraction,need and greed",,,d7ec1515c139cd5c,0.4156620639151589,0
Today 4:08 PM,Dear CustomerYour SBI Bank Credit Card Reward Point Rs.5899 Will Expire <DATE_TIME>. Kindly Redeem Point In Cashback By Clicking On Link <URL>,English,banking,"authority,need and greed,time/urgency",State Bank of India,bit.ly,c960176b1783a816,0.4157352457277971,0
"Tuesday, November 2, 2021 6:27 PM",Avotax has requested payment of INR 3000.00. You can pay through this link: <URL>,English,others,"distraction,need and greed,time/urgency",avotax,,5ef6d43c14fb57a5,0.4157399633348604,0
Yesterday • 1:26 PM,AXIS SECURITIES LIMITED has requested payment of INR 1298.00. You can pay through this link: <URL>,English,banking,"authority,distraction,time/urgency",Axis Bank,,9ef099ce797886e5,0.4157399633348604,0
"YESTERDAY, 12:17 PM",Get 7<LOCATION> @<US_DRIVER_LICENSE> or 20<LOCATION> @<US_DRIVER_LICENSE> this holiday! Dial *131*110# to get 7<LOCATION> or *131*<DATE_TIME> to get 20<LOCATION>. Enjoy 100% bonus on all data plans. Dial *131*<DATE_TIME> to see plans.,English,telecom,"distraction,need and greed",,,3a20fe65380a682e,0.4157638248460833,0
Today 4:21 am,Linkt: Your E-Tag payment on <DATE_TIME> was marked as unpaid. Check: <URL>,English,others,"authority,time/urgency",linkt,,908a8f0e0a7703ea,0.4158394728570544,0
"04 May 18, 10:25 AM","Complaint has been successfully registered. Complaint Reference Number: <DATE_TIME>. Regards, SHO, PS:<NAMED_ENTITY>, Phone: <PHONE_NUMBER>,<PHONE_NUMBER>",English,others,,,,650bef60544b9c2f,0.4160697159394509,0
,Utilita: We’ve been unable to take <DATE_TIME> payment. To avoid cancellation visit:,English,telecom,"authority,time/urgency",utilita,,1bfa5240ce2ad4c4,0.4161587242370888,0
2016/04/06 5:46 PM,"You've being invited for a written and Oral Interview Scheduled on <DATE_TIME>. Time: 10:00am, <LOCATION>: plot 129 BLK 10, same <LOCATION> with <LOCATION> near Zenith Bank, Festac Link Road, Around Apple Junction, AmuwO <NAMED_ENTITY>. Come along with ur CV & credentials. For Details call: <PHONE_NUMBER>",English,others,"authority,need and greed",,,aa24df03d4cbe82f,0.4161834233995488,0
06:16,Internet access paused. Either your data bundle is depleted or you're not in Telkom's coverage and using a Telkom only bundle. Dial *<DATE_TIME> or open your browser.,English,telecom,"authority,distraction",telkom,,b5c7195bbc504811,0.41638140045313055,0
"Monday, 3 September 2018",Hi! Your Order <US_BANK_NUMBER>$1 from LimeRoad will be picked by <NAMED_ENTITY> . <PHONE_NUMBER>) <DATE_TIME>. Please keep the item(s) ready. You can also Track/ Reschedule/ Download Acknowledgement slip for your pickup at <URL> Hi! We tried calling you to pickup your LimeRoad order <US_BANK_NUMBER>$1 but your phone was not reachable. We will re attempt in <DATE_TIME>. Track/ Reschedule <URL>,English,delivery,"authority,distraction",limeroad,,73da22d485c17283,0.41650186871129846,0
Today 12:21 pm,"Sorry! We missed you <DATE_TIME>. To get your parcel redelivered, please go to:",English,delivery,time/urgency,,,4a6e0569d32a343a,0.41650940500248207,0
24 Sep 22 09.46 AM,"Hi! Your DND-related complaint dated 24 Sep 22 <DATE_TIME> with reference no. <US_BANK_NUMBER> and MUM-<US_DRIVER_LICENSE> is registered. We assure resolution by 03 Oct 22 <DATE_TIME>! With regards to your DND-related complaint no. <US_BANK_NUMBER> and MUM-<US_DRIVER_LICENSE>, we found that the SMS/Call received by you was not promotional in nature. We have hence closed your complaint. Just in case you arent happy with our resolution, you can appeal at 198 (Toll Free) within <DATE_TIME>.",English,telecom,"authority,time/urgency",,,4656163e91066899,0.41654596667692667,0
"Sat, Jan 22","Do not click on links embedded in <LOCATION> emails received from unknown sources. These could lead to frauds. Do not respond to any SMS/email containing link that leads to web-page asking details like username, password, card details or OTP. Report such messages to <EMAIL_ADDRESS>. -SBI Infosec Team.",English,banking,authority,State Bank of India,,7932a88602b9db4a,0.416813515761732,0
"Friday, today 14:11",Final Notice: If update is not received by <DATE_TIME> your unverified transactions will be cancelled.,English,others,time/urgency,,,4df433e9b3b9c61a,0.4170500427429356,0
01/10/18 @11:17 PM,Debit>>> Amt:NIN 196.00 Acc:001****332 Desc:SMS Alert Fee-24/08 - <DATE_TIME>,English,banking,distraction,,,236fdb70ec1c2e15,0.41712757530776784,0
,"The current <NAMED_ENTITY> pandemic has impacted on the economy and the way we do business. We have taken certain steps to ensure that we are able to provide you with full support and service as we all wait for the pandemic to turn around. Whole Foods Market is beginning an exceptionally huge research project in your area. This project happens <DATE_TIME>, so we have to select Shoppers to function as a store evaluator. You will get $400 on every task. Every task requires <DATE_TIME> of time at the store in addition to time to review your post-visit reports. I give you 100% guarantee of their legitimacy. Kindly state me as your referral. Extra income never hurt. CLICK THE LINK BELOW TO PROCESS YOUR APPLICATION:",English,others,"authority,need and greed,time/urgency",whole foods market,,7e60c714aaa5a42a,0.41724383385159936,0
,Approval is Needed from You before the Deadline <DATE_TIME> Call: <PHONE_NUMBER>),English,others,"authority,time/urgency",obamacare,,190fb3608642e5a7,0.41744884400765686,0
,Congrats! Your SBI Credit Card Application can be approved T&C apply <URL>,English,banking,"authority,need and greed",State Bank of India,,f8b5a78b8be757b7,0.4175110007927864,0
Today 4:20 am,AUSPOST: Delivery attempt unsuccessful. Your item is stored at the post office. Schedule redelivery by monitoring your package at <URL>,English,delivery,"authority,time/urgency",auspost,,2aee5c29e9f129d6,0.4175678700359026,0
,Total cost of <DATE_TIME> sent was 4.00 and new account balance is 200.00.With <US_DRIVER_LICENSE> you can now get 4<LOCATION> for <DATE_TIME>. Dial *131*130#,English,others,"authority,need and greed",,,a01a8422ea1ea30a,0.41766377539591587,0
Today 4:30 PM,"We will suspend your Netflix account <DATE_TIME>, because you failed to pay: <URL>",English,others,"authority,time/urgency",Netflix,,61c7005f757218db,0.4177176181688877,0
Today,Account notification: The password for your Google account <EMAIL_ADDRESS> was recently changed,English,others,authority,google,,1f03e1c49c789c23,0.4177469206452091,0
"Today, 4:40 AM","Dear <NAMED_ENTITY>, Your Covid19 report from DMRR is at <URL>",English,government,"authority,time/urgency",dmrr,,437b91de3340dcca,0.41775423369191733,0
3-10 11:01,"Your A/C XXXXXXXX6596 can Be credited with Rs.10,25000. Check Now!",English,banking,"authority,need and greed",unspecified bank,,d17fb4609781de51,0.4177721665520852,0
"Monday, 7 October 2019 14:59","Your A/C XXXXXXXX6596 can Be credited with Rs. 10,25000. Check Now!",English,banking,need and greed,unknown,,71eda0560ca899be,0.4177721665520852,0
05/05/2018 12:26 PM,"<NAMED_ENTITY>, pay before due date on IUC <PHONE_NUMBER> and you will be upgraded to <LOCATION> <NAMED_ENTITY> for <DATE_TIME> at no extra cost. T&Cs apply",English,telecom,"authority,need and greed",gotv,,82f29bc3f8541387,0.41777394095554465,0
7:22 pm,"[Binance]According to the regulations, investors must open a wallet service, o...",English,banking,"authority,distraction",Binance,,c899ba027ad7eec1,0.41789652553400564,0
22 September 2019 10:01 a.m.,"Beware of fraudulent calls. DO NOT share OTP with anyone for any offers, prizes or contests. To pay Rs. 2000.0 to <LOCATION> for ok, <NAMED_ENTITY> is <DATE_TIME>.",English,others,"distraction,need and greed",,,5dee442d157cc464,0.4179340402197162,0
Yesterday 8:24 AM,You have an outstanding bill to pay please check it so as not to affect your travel. <URL>,English,others,"authority,time/urgency",,,21552f646330cf13,0.41797041563777537,0
9:56 AM,Your payment of ₹10000 failed. There were insufficient funds in this account to make this payment.,English,banking,"authority,time/urgency",,,8590527d09bb3463,0.4182354680213708,0
24TH JAN 2021,SMS ALERT CHARGE FOR 21DEC2020-21JAN2021,English,others,,,,93e51540cb3b4905,0.41858290432934603,0
26th Dec 2020 23:51,SMS ALERT CHARGE FOR <DATE_TIME>,English,others,,,,7af125c0c42f3fed,0.41858290432934603,0
14 August 2018 12:57,"Your subscription on SC <US_BANK_NUMBER> ends <DATE_TIME> Pay <US_DRIVER_LICENSE>(Excludes HD-PVR) for CompactPlus to watch Serie A match, <NAMED_ENTITY> this Sat on SS8 at <DATE_TIME>",English,telecom,"distraction,need and greed,time/urgency",,,bcbc3e22cbe11a4b,0.4186946424643762,0
,Click here to solve all your problems!,English,others,,,,d335a5010e2606b8,0.4187087175299131,0
Mon 12:20AM,"Dear Subscriber, your Moneycontrol Pro subscription will be auto renewed on <DATE_TIME>.",English,others,time/urgency,moneycontrol pro,,5d146b9e6f9bd49f,0.41881987531075404,0
Today 9:36 AM,"Hello <NAMED_ENTITY>, this is <NAMED_ENTITY> from Walmart. You have an item addressed to you. Can you please grab it by <DATE_TIME>? <URL>",English,delivery,"authority,distraction,time/urgency",walmart,,8d9f03216d37598b,0.4188645974792169,0
Saturday 13:41,"Due to system upgrades at <LOCATION> delays may occur. For immediate pmnt allocation pay here: STANDARD BANK,<LOCATION>,AccName:MBD EMFULENI TRUST ACCOUNT,<DATE_TIME>. MBD tel (<DATE_TIME>. Ref: <DATE_TIME>",English,government,"authority,time/urgency",emfuleni municipality,,0b5f48ec10aaaa4d,0.41950820746684336,0
Saturday • 11:42,Thank you for shopping with <NAMED_ENTITY> Do share your feedback and get a Rs 500 voucher. Ignore if already shared.,English,others,need and greed,hamleys,,fbd0bdbf747199d9,0.41952941686784717,0
Today 6:11 am,"Ads! Prudent Financial are currently financing loans with low interest rates & no credit check. To apply, Pls contact us at:",English,banking,"authority,need and greed",prudent financial,,676a3cae110bff40,0.4197291551243564,0
4:29 PM,Welcome to yono SBI,English,banking,authority,State Bank of India,,35a955e0d71d4649,0.4198007648692329,0
Fri 10:56 PM,"Rs7500w/d@UPCATM UPCB0002fm A/<US_DRIVER_LICENSE> on09Oct20Txn#028319021289Avlbal Rs77If not w/d,fwd this SMS to9223008333/call180011109or09449112211 to block card",English,banking,"authority,distraction,time/urgency",upcb,,5c145ef23fc0df07,0.41982496418564497,0
20/10 at 13:19PM,"HALIFAX ALERT: You have successfully paired a NEW DEVICE on 20/10 at 13:19PM. If this was NOT you, visit: <URL>",English,banking,"authority,distraction,time/urgency",halifax,,87424a193aff0f38,0.419870238847438,0
25/03/18 00:29,"Chargeable SMS for <DATE_TIME> are: <DATE_TIME> 00:29,<PHONE_NUMBER>,SMS, 05.<US_DRIVER_LICENSE>",English,others,,,,730a86a04b9e56cf,0.41993250971398355,0
11:10 AM,"Pay your Stuttafords acc <US_DRIVER_LICENSE>.25 at Nedbank, Acc <UK_NHS>, Ref: <US_DRIVER_LICENSE>. Forward proof of payment to <EMAIL_ADDRESS>",English,banking,"authority,time/urgency",stuttafords,,f85c2150b8f17017,0.41996339896597157,0
8:12 PM,As per our records you do not appear to have filed IT Return for <DATE_TIME> (FY <DATE_TIME> are requested to visit the e-filing portal or compliance portal at <URL> and click on 'Compliance Portal' link available in 'My Account' and submit online response. Regards-ITD,English,government,"authority,time/urgency",itd,,7461996d9c6e3348,0.4199712199609664,0
Today 9:33 AM,"Alert: The emergency response benefit of <LOCATION> relief fund has sent you a deposit for $1375.50. See, <URL>. Data rates may apply.",English,government,"authority,need and greed,time/urgency",canada relief fund,,94bd80c7da2eaf50,0.4199726201784014,0
Yesterday • 11:10 PM,"Your Complaint has been Registered for txn <LOCATION>, Ticket No-<PHONE_NUMBER>. Pls quote the same for future enquiries.- Team SBI(CMS)",English,banking,authority,State Bank of India,,05f993abc4cfe85e,0.420042029560568,0
"Monday, 7:27 PM","Hi! We regret the inconvenience caused. As per our records, your concern was raised and resolution provided i.e there was a temporary issue. Request you to observe the network for <DATE_TIME>. If still issue persists, please write back to us. -- Mahi",English,others,distraction,,,16941d7ca894f555,0.4200905401472794,0
11:35,Pradhan Mantri Loan Yojna 4.75 rate of Interest All Types Loan 2 lakh to 5 Cr. <DATE_TIME> no emi no Helpline,English,banking,"authority,need and greed",pradhan mantri loan yojna,,715cce37521aa9e9,0.4202834291621633,0
27 April 2022 17:26,Make new friends in your area for frndship to be happy and enjoy your life. Call Priti-<PHONE_NUMBER> NSHWAA,English,others,"distraction,kindness",,,cf955343a2f8134e,0.42042785591843446,0
1:54 PM,Buy iPhone 11 <NAMED_ENTITY> at Rs 4999. Buy iPhone XR at Rs 3500. Buy iPhone X at Rs 3299. Buy Apple MacBook at Rs 5999. Only For <DATE_TIME>. Order Now : <URL>,English,others,"need and greed,time/urgency",apple,bit.ly,d716b9e7cf30c72a,0.4205554934055385,0
Tuesday 11 April 15:00,LTA: This is your $6.95 road toll bill that has expired so as to avoid high penalties please handle it online: <URL>,English,government,"authority,time/urgency",lta,cutt.ly,25cc04052a840ed2,0.42109593835011805,0
9:41 AM,From ING: Please accept terms and conditions to ING Savings Maximiser earning up to 4.8% <LOCATION> visit <URL>,English,banking,"authority,need and greed",ING Bank,,868e3be3cd845678,0.42115411748862763,0
Today 11:27,Royal Mail: Your parcel has a £2.99 unpaid shipping fee. Pay this now at <URL> otherwise your parcel will be returned to its sender.,English,delivery,"authority,time/urgency",royal mail,,923697ffa4971c4f,0.4211583538026723,0
"Today, 6:16 PM; Today, 9:07 PM","[RSBIIT]You Code is 2974 ,Valid for <DATE_TIME>. [RSBIIT]You Code is 3059 ,Valid for <DATE_TIME>. [RSBIIT]You Code is 2735 ,Valid for <DATE_TIME>.",English,others,time/urgency,,,bc28a4330b6a12db,0.4212742857233143,0
Today 4:51 PM,({Wells Fargo}Unusual Transaction Of $93.53 - ON HOLD #69471. Reach Us @ <PHONE_NUMBER> to approve/decline <NAMED_ENTITY>,English,banking,"authority,time/urgency",wells fargo,,cfa90f9a8e01bbc0,0.42161903761938263,0
Sunday 26 February,Dear Staff You are selected join our company and wage is 18000 RS. <URL> TULIPS INTERNATIONAL SCHOOL Dear Staff You are selected join our company and wage is 18000 RS. <URL> TULIPS INTERNATIONAL SCHOOL,English,others,need and greed,tulips international school,,d64432ba1d45f761,0.421624556846073,0
12:40,Thank you for interacting with your <NAMED_ENTITY>. Connect on <PHONE_NUMBER> on <DATE_TIME>. For more details <URL>,English,banking,authority,Axis Bank,,d6d4d4f41cc946ff,0.42166396271435747,0
2:11 PM,Dear SBI USER A/C will be blocked Update PANCARD for KYC Verification <URL><NAMED_ENTITY> here,English,banking,"authority,time/urgency",State Bank of India,,a72303f16e15c535,0.42166817673380236,0
Today 2:58 AM,"We would like to inform you that there are pending instructions required for your shipment with Tracking Number 1Z46R46R0392950170. To expedite the delivery process, kindly confirm the address details by visiting the following link: <URL> Best Regards.",English,delivery,"authority,time/urgency",UPS,,ff93d475ebc6cfc9,0.42170230529618574,0
Today 2:53 PM,"We would like to inform you that there are pending instructions required for your shipment with Tracking Number 1Z98M98M0128346622. To expedite the delivery process, kindly confirm the address details by visiting the following link: <URL> Best Regards.",English,delivery,"authority,distraction",UPS,,ad942f103bc9804c,0.42170230529618574,0
Today 2:32 am,E-Toll: Your final toll notice is attached. Please take action immediately.,English,others,"authority,time/urgency",e-toll,cutt.ly,f4b69fb3dd8c13f3,0.4218043576011849,0
1 min,You paid $3969.00 against Apple MacBook Pro(13-inch) <US_DRIVER_LICENSE> at AMZ. Order id 209-<US_DRIVER_LICENSE>-77Z0 on <DATE_TIME>. Helpline <PHONE_NUMBER> If any dispute.,English,others,"distraction,time/urgency",Amazon,,20f8ea5443569468,0.42191226236305585,0
Today 10:28,Your Cell C Order will be delivered <DATE_TIME>. Please ensure you are available at the delivery address between 8am & 5pm.,English,delivery,"authority,time/urgency",cell c,,8f6665babaf2d6e6,0.4220797711034054,0
"19/08/20, 11:05","Hi, Thank you for contacting us. For your PNR: <NRP>T, We are pleased to inform you that the applicable refund is processed into the source mode of payment post the deductions of the convenience fee shown at the time of making the payment. Kindly note we have initiated the refund process. The refund amount would take 7-10 business days to reflect on the original mode of payment. Have a wonderful day!",English,others,"authority,distraction,time/urgency",,,ea299da54a7e2e01,0.42214655011428776,0
6 Feb 2021 at 09:27,Your verification code is <US_DRIVER_LICENSE> and will expire in <DATE_TIME>. Please do not give away your verification code for security purposes.,English,others,time/urgency,,,6bd559a22545139d,0.4223112849330646,0
"Tuesday, 4 September 2018 09:37",Hi! Your Order 0037512167_1 from LimeRoad will be picked by <NAMED_ENTITY> . <PHONE_NUMBER>) <DATE_TIME>. Please keep the item(s) ready. You can also Track/ Reschedule/ Download Acknowledgement slip for your pickup at <URL>,English,delivery,"authority,time/urgency",limeroad,,928317d5a9617798,0.4225070818119764,0
April 19 2023 10:21,SMS Alert Fee-24 <DATE_TIME>,English,others,,,,1c282d5b4497a619,0.42254909223550396,0
"Monday, September 28th, 2020",SMS Alert Fee-24/01-<DATE_TIME>,English,others,,,,b7b2b6706024625a,0.42254909223550396,0
Today 1:56 pm,"This is a message from the Flying Doctor. We would like to learn if <NRP> feel well prepared for a medical emergency. First aid knowledge is vital. Take a quick survey and receive FREE first aid booklets, click <URL> For further info go to <URL> OptOut: <URL>",English,others,"authority,distraction,time/urgency",flying doctor,,fa8b6f95cc25b15c,0.4225791727054209,0
Today 10:47,HSBC: A New Payee request was created from an unrecognised device. Please Approve or Cancel this request via: <URL>,English,banking,"authority,distraction,time/urgency",HSBC UK,,2a9a802a754c9341,0.42257938094285163,0
11:47 am,dear consumer you're electric power disconnected <DATE_TIME> 09:30pm your last bill is pending plz call electric ity officer <PHONE_NUMBER>,English,others,"authority,time/urgency",,,9c1f616942fb82b4,0.422629444481324,0
Today 8:48 AM,Singtel!:We inform you in writing that the invoice for <DATE_TIME> has been paid twice. We apologize for the delay in the confirmation Click on the following link to request a refund: <URL>,English,telecom,"authority,need and greed,time/urgency",singtel,go.ly,0bbd4ba871864ed1,0.4228143081673661,0
,"Sorry we missed you, there will be a £1.45 fee for redelivery. To arrange your redelivery please proceed via:",English,delivery,"distraction,need and greed,time/urgency",,,8a738b6a75c6cd30,0.4229779738156546,0
11:29,Arriving <DATE_TIME>: Your package from WAREIQ LOGISTICS PRIVATE LIMITED is out for <URL>ack package at <URL>,English,delivery,"distraction,time/urgency",wareiq logistics private limited,,6054b39a5a3c6d46,0.4230499902155332,0
11:41,"Congressmember <NAMED_ENTITY> is taking on Big Oil to stop them from gouging consumers in <LOCATION>. <NAMED_ENTITY> is strongly pro-choice and the ONLY candidate endorsed by Planned Parenthood. And <NAMED_ENTITY> will fight to protect and expand the Affordable Care Act. For more info, visit: <URL> We hope you will vote for <NAMED_ENTITY> for Congress. Thank you! Text STOP to quit",English,others,,,,77639e3a2d0ad3f0,0.4231415660940563,0
2:24 PM,Your balance is 108% and you can call.,English,banking,authority,,,6d43ad84f20c2f37,0.4232762887288555,0
Today 2:26 AM,"We apologize for the temporary phone outage <DATE_TIME>. You were one of the 25,000 affected clients. In return we are providing you with a $100 FREE GIFT! Please take this brief <DATE_TIME> survey about Tmobile and we'll offer you a $100 free item.",English,telecom,"authority,distraction,need and greed,time/urgency",T-Mobile,,1e021f01da985e44,0.4233020499786026,0
"Oct 1, 2021 at 9:50 PM","We appologize for the tempary phone outage <DATE_TIME>. You were one of the 25,000 affected clients. In return we are providing you with a $100 FREE GIFT! Please take this brief <DATE_TIME> survey about Tmobile and we'll offer you a $100 free item.",English,telecom,"authority,need and greed",T-Mobile,,a2e52e1ad05f17d1,0.4233020499786026,0
Saturday March 18 2023 8:27 PM,[UNIONBANK]: Your account was successfully debited 15128.23PHP to DAph Payments. If you did not recognize this cancel it immediately.,English,banking,"authority,time/urgency",unionbank,,c347ba082e75269e,0.42332911213741686,0
"Oct 26, 2021 at 4:13 PM","We have initiated an Orange Tree Background Check Authorization and WOTC questionnaire for you. Please check your email and complete them as soon as possible. Notably, employment (or continued employment) is conditioned upon satisfactory background check results even if you start working prior to the full background check being completed or reviewed.",English,others,"authority,time/urgency",,,e8ea43f5e1cc538d,0.42343261884819955,0
1:34 PM,The USPS package arrived at the warehouse but could not be delivered due to incomplete address information. Please confirm your address in the link.,English,delivery,"authority,need and greed,time/urgency",USPS,,98de9a2a808ebfc4,0.42345495788853565,0
"Sunday, 17 January 2021 09:55",Congrats 5 Lac Benefits of PM yojana No Documents Already Approved submit your Details Get Now,English,government,"authority,need and greed,time/urgency",pm yojana,,e4e2122bb3893424,0.4234806017877493,0
12:07 PM,"<URL> (Please reply ""y"", then exit the SMS, open the SMS activation link again, or copy the link and open it in Safari browser) The mission of the IRS is to help <NRP> taxpayers understand and meet their tax obligations and to provide them with the highest quality service.",English,government,"authority,time/urgency",IRS,,a85a0af0e27f5ec8,0.42349352920559813,0
01:27,Please be advised that your Linkt is overdue! We kindly request you settle your payment and avoid any penalties or late fees at <URL>,English,others,"authority,time/urgency",linkt,,029c2a058f2f8eb0,0.4235040358511661,0
,Complete to get your package !,English,delivery,time/urgency,,,e2dd495a69ebb6f0,0.4235515565762523,0
Today 1:43 PM,"""IMPORTANT ALERT!! Your plan validity lapsed on <DATE_TIME>. Recharge is must with PlanVoucher or TOPUP for Plan extension and avoid losing available talktime. HURRY....""",English,telecom,time/urgency,,,94a2b4777377ac45,0.4236130524516926,0
Today 19:41,"I'm Mrs. <NAMED_ENTITY> from <LOCATION> and I'm Donating $3,900,000.00 USD to you for the purpose of helping poor people in <LOCATION>. Contact me on: <EMAIL_ADDRESS>",English,others,"kindness,need and greed",mrs antonia,,81cf58c9e4d7753e,0.42361487132861453,0
Yesterday 7:35 PM Today 7:56 PM,DELIVERY ATTEMPTED Namaste your order <DATE_TIME> could not be delivered on the first attempt. Next delivery will be attempted soon. Team Apollo 24/7,English,delivery,"authority,time/urgency",apollo 24/7,,bfb97e2416221705,0.4236679768067424,0
05:31,"Hermes: Hi there, we've tried to deliver your parcel <DATE_TIME> but were unsuccessful. To reschedule please visit: <NAMED_ENTITY>",English,delivery,"authority,time/urgency",hermes,,6d5cec86b4948213,0.42379007570296384,0
Today 10:03 AM,WELLSFARGO. FREEMSG ID#avNL Your authentication it is too old! Update your device: <URL>,English,banking,"authority,time/urgency",wells fargo,,9d93556bcde67d0b,0.423849144567973,0
"Tuesday, 12 March 2019","Dear Applicant De Souza Direct hereby acknowledge receipt of your application online. May we take this opportunity to thank you for the time taken to send your application. We sincerely appreciate your interest in our organisation. We would like to invite you for an interview Date :<DATE_TIME> Time :10:00am Addresses :261 <NAMED_ENTITY>. <LOCATION> (Opposite the small MultiChoice, next door space centre television) Please come dressed in formal, bring a copy of your CV and ask for <NAMED_ENTITY> at the reception. For More Info Contact: <PHONE_NUMBER>",English,others,authority,de souza direct,,d4499b3b0bf8bb05,0.4238569483617875,0
8:13 PM,"I <NAMED_ENTITY>, want to transfer 3.9 million dollars to U for charity contact me: <EMAIL_ADDRESS>",English,others,"kindness,need and greed",,,64cb6f4d770f1621,0.42389002561299005,0
"Thu, Jan 19, 1:07 AM","FreeMsg_WFargo: Your billpay did not process as scheduled, we are here to help you solve it. Follow lpsf/wfargo to review",English,banking,"authority,time/urgency",wells fargo,,2fb2431683aee1db,0.42395396953893055,0
"Saturday, Apr 29 · 4:54 PM","FRONT WAVE ALERT: Your $689.00 debit TXN at 105 ZEUS was successful. if this wasn't you, Go to <URL> cancel.",English,banking,"authority,time/urgency",front wave,,a3cfb23439def178,0.4240055187188895,0
Today 2:37 pm,BREAKING - Aust Border Force has intercepted an illegal boat trying to reach <LOCATION>. Keep our borders secure by voting Liberal <DATE_TIME>.,English,others,"authority,time/urgency",aust border force,,67cea9f4fd316ab9,0.42401757731960676,0
,I have your package... Your $101 loyalty rewards will be delivered...,English,delivery,"distraction,need and greed,time/urgency",,,80bdadf4cf1d4cfb,0.4240646377271973,0
,"Dear Buyer, You receive cancellation message by technical issue. Your order dispatched and you will receive it by <DATE_TIME>. Kindly accept the parcel.",English,delivery,"distraction,time/urgency",,,cd56eecc4f7542a7,0.4240994727378757,0
"Wednesday, January 17, 12:29 PM","IRS: Your account is missing some info that we need to comply with financial regulations , login at <URL> With idme to keep your account activated The mission of the IRS is to help <NRP> taxpayers understand and meet their tax obligations and to provide th",English,government,"authority,time/urgency",IRS,,e24eecfeb0eba5eb,0.4241951671526193,0
"Wednesday, January 17 12:29 PM","IRS: Your account is missing some info that we need to comply with financial regulations, login at <URL> With idme to keep your account activated The mission of the IRS is to help <NRP> taxpayers understand and meet their tax obligations and to provide th",English,government,"authority,time/urgency",IRS,,1d80ba4eda3a9628,0.4241951671526193,0
"Mon, Oct 17, 9:10 AM","Package reminder: We cannot deliver your package to door due to the incomplete house number, please fill in the address.",English,delivery,"distraction,time/urgency",,,69bce1d1fcb78270,0.4242789631441969,0
14:11,"Due to <NAMED_ENTITY>, if you want to make money at home, I will teach you how to earn <PHONE_NUMBER> rupees a day, please click here to contact me.",English,others,"need and greed,time/urgency",,wa.me,8bb710fb13807bf4,0.4243276438857391,0
9:34 pm,Your HDFC Netbanking will be Block <DATE_TIME>...,English,banking,"authority,time/urgency",HDFC Bank,,f260515b5e11d9fb,0.4243860634108416,0
14:32,"Hi! With regards to your DND-related complaint no. <US_BANK_NUMBER>, we found that the SMS/Call received by you was not promotional in nature. We have hence closed your complaint. Just in case you aren't happy with our resolution, you can appeal at 198 (Toll Free) within <DATE_TIME>.",English,others,distraction,,,84d4f3f48951b36a,0.42441076208536,0
3:42 PM,I promise this is a short but urgent message...,English,others,time/urgency,,,9acdbc8c62d7929a,0.42452378117183226,0
"Tuesday, 08 August 2017 11:59",Stop All,English,others,,,,6e9b460617fda57f,0.4245392588553059,0
"Thursday, 11 June 2020 4:09 pm",Your COVIDSafe verification PIN is <US_DRIVER_LICENSE>,English,government,authority,,,5e033fc0abcde5e4,0.4245470830335562,0
"Today, 12:15 PM",DearAlarmAtSite your electricity disconnected <DATE_TIME> at <DATE_TIME>. your bill was not update.- <PHONE_NUMBER> NISA eSurveillance,English,others,"authority,time/urgency",nisa esurveillance,,2eed6413e21be6cd,0.42466980024556433,0
2:59 AM,Your Netflix membership is on hold. We're having some trouble with your current <NAMED_ENTITY>...,English,others,"authority,time/urgency",Netflix,,25d5c5ce063dd11d,0.42468123740179436,0
Today 11:22 AM,"I'm <NAMED_ENTITY>, the Powerball winner of $768.4 Million in Powerball Millions jackpot, click here to see my winning interview <URL> I'm donating to 200 random individuals. If you get this message then your ## was selected after a spin ball. I have spread most of my wealth over a number of charities & organizations click on this link to learn more <URL>",English,others,"distraction,need and greed,time/urgency",powerball,,35296c577cd49650,0.42474190855760785,0
17:01,Hello G K MAKOTI. Please make a payment for <LOCATION> balance R***.96. Pay us now otherwise shit will hit the fan and your ass will burn. Ref: <US_BANK_NUMBER> . Call: <NAMED_ENTITY> <US_BANK_NUMBER> NTLOEDIBE,English,government,"authority,time/urgency",city of tshwane,,98776ca9350a65e4,0.4247472221677593,0
Today 8:10 pm,Delivered: Your Flipkart Supermart order OD121176827192087000 was delivered <DATE_TIME>. Click to give feedback:,English,delivery,"authority,distraction",flipkart supermart,,8a80d5b414fb4999,0.42493232462013136,0
11:32,"A withdrawl request has been sent from IP (<IP_ADDRESS>). If this was not you, Follow Steps: <NRP>",English,banking,"distraction,time/urgency",,t.co,2231501e0eeba163,0.42496064269477996,0
"Tuesday, 26 July 2022 11:43",Know more about your Policy & explore Self-Serve options on HDFC Life Mobile App! Android <URL> ; Apple <URL>,English,banking,"authority,distraction",HDFC Bank,,2d06efbae7e51536,0.4251860674342813,0
"Friday, 4 February 2022 12:58",<EMAIL_ADDRESS> Aramex Group You have to pay the custom shipping fee (9.23 AED) for your order to be shipped. Package Number: <US_DRIVER_LICENSE> <URL> -Aramex International Shipping-,English,delivery,"authority,time/urgency",aramex group,t.co,06c773cbc79268ba,0.42521107325476293,0
"Thursday, 6 May 2021, 18:20PM","HSBC: A payment was attempted from a NEW DEVICE on <DATE_TIME> at 18:20PM. If this was NOT you, please visit: <URL>",English,banking,"authority,time/urgency",HSBC UK,,1101bbb0c02708c7,0.4253671483500342,0
"Today, 5:03 pm","Unusual credit card activity. Confirm your personal data, otherwise we will be forced to block it.",English,banking,"authority,time/urgency",,,faf769a1ee593f80,0.4255572334708054,0
24-6 15:31,My Name is Mrs. <NAMED_ENTITY>.I want to transfer £2.5 pounds to you for the poor ones in your country <LOCATION> contact me via:Email: <EMAIL_ADDRESS>,English,others,kindness,,,b0bcfff7236bf37c,0.42557959722622796,0
,Our driver <NAMED_ENTITY> attempted to deliver your shipment <DATE_TIME> but no one was home. To reschedule a new delivery date visit:,English,delivery,"authority,time/urgency",post office,,b7bc9204019cf6e3,0.425711653928799,0
2022年2月10日(木) 9:00,"Dhl - We tried to deliver your package, but it has an unpaid shipping cost of <LOCATION>, please resolve it here <URL>",English,delivery,"authority,distraction,time/urgency",DHL,bit.ly,0ed9ceb4e7b89562,0.42576796676331435,0
"17-Apr-2021, 3:46 PM",Congratulations Sridhar C! You have successfully reserved the car for <DATE_TIME>. Your booking ID is #J45V9K058F. Other buyers won't be able to see this car for this time.,English,others,"herd,time/urgency",,,27ba9932c8d60d51,0.42591246967658486,0
"Mon, 03/30/2020 12:33","Dear M..., the Lagos State Government has chosen you as one of the registered residents of the State to benefit from the State's 'Emergency Food Response Package'. Kindly reply with 'FOOD YES' if your <NAMED_ENTITY> registered address: 1 ... is still valid for delivery of the Package. Thank you.",English,government,"authority,kindness,time/urgency",lagos state government,,0390755b9619724d,0.42593532977547066,0
"Mon, Jun 26 at 8:23 PM","We regret any inconvenience caused by the package not being delivered as scheduled. To arrange a new delivery date, please utilize the following link: <URL>",English,delivery,"authority,time/urgency",fedex,,90779447c7772669,0.4260807919899701,0
9:20,"Please reply ""y"", then exit the SMS, open the SMS activation link again, or copy the link and open it in Safari browser. The mission of the IRS is to help <NRP> taxpayers understand and meet their tax obligations and to provide them with the highest quality service.",English,government,"authority,time/urgency",IRS,,b617d31c23047905,0.42624501297801565,0
9:41 AM,You have received an MMS message. Read here: [malware url],English,others,distraction,,,b3d3ed08fc0be9bc,0.42626216118293536,0
15:38,Revenue: We are glad to inform you that you are eligible for tax return. Claim it now: <URL>,English,government,"authority,need and greed,time/urgency",revenue,cutt.ly,dd41dafab59a2aaa,0.42633427801227186,0
17:49,There is massive hacking of phones and they are even able to access bank accounts Safaricom is recommending we lock our phones by dialing this number *100*100# so no one can replace your number anywhere unless someone goes to safaricom. Don't ignore kindly save your line from cons,English,telecom,"authority,distraction,time/urgency",safaricom,,8e9175aecfdb0470,0.4264908823710437,0
11:34,"Your order MMOVO-<US_BANK_NUMBER>-<US_DRIVER_LICENSE> is delivered. We will work harder to deliver your order on time. If you are not happy with any item, you can return or exchange here: <NAMED_ENTITY> Apologies, Team bigbasket",English,delivery,"authority,distraction",bigbasket,,58f270f64e68854e,0.4265336205749184,0
"Thursday, 24 March 2022","As requested we did a deposit of $774,120 into your <NRP> portfolio at <URL>. Customer ID: <US_BANK_NUMBER> Password: 95hk767k. Treat as <NAMED_ENTITY>",English,banking,"authority,need and greed,time/urgency",www.coinarch.net,,1c0a5b64fb508694,0.4265880593042525,0
Today 00:53,"We've noticed you may need some help from us and we want to check all is ok. If you'd like us to give you a call now just reply Y to this message. If you'd prefer us to call you later, please reply with the date/time you'll be available. Your Barclays Team (<DATE_TIME> Mon - Fri).",English,banking,authority,Barclays,,71cfe3fa921a9112,0.42663914581474816,0
,"myGOV: The epidemic compensation for employees whose <DATE_TIME> salary lower than $5,000 is available NOW. Fill up the form to check your eligibility.",English,government,"authority,need and greed,time/urgency",mygov,,59d2a98b0220ea79,0.426762263910295,0
7:23 pm,Your Movie streaming subscription will terminate <DATE_TIME>. Click for more info: <URL>,English,others,"distraction,need and greed,time/urgency",,,b601dc9376a5d178,0.42703370918414013,0
12/22/2018 Sat 3:58 PM,Return Request Accepted: The seller has arranged a replacement for <LOCATION>... from your order with order ID OD114187934522859000 and it will be delivered,English,delivery,distraction,,,72a5614b85f4c336,0.427174765442837,0
23. Aug. · 20:50,"Visual Voicemail Alert: A new version of My Visual Voicemail app is now available. To access your voicemail messages, you will need to download the latest version of the app. Download now: <URL>",English,telecom,"authority,time/urgency",my visual voicemail,,556bb3fdd7ea8207,0.4271825668008107,0
Today 1:22 PM,Dear CustomerYour HDFC Bank Credit Card Reward Point Rs.6399 Expired <DATE_TIME>. Kindly Redeem Point In Cashback By Clicking On Link <URL>,English,banking,"authority,need and greed,time/urgency",HDFC Bank,bit.ly,5d76f6f2d4093134,0.4273437946864682,0
1:36 PM,Dear CustomerYour HDFC Bank Credit Card Reward Point Rs. 6399 Expired <DATE_TIME>. Kindly Redeem Point In Cashback By Clicking On Link <URL>,English,banking,"authority,need and greed,time/urgency",HDFC Bank,bit.ly,d13ceae3d6a345bf,0.4273437946864682,0
"Sunday, 10 February 2019 19:46",Good Morning Ayanda. KAPANO FRAIL CARE HOME CLEANER APPROVED. Start <DATE_TIME> <US_DRIVER_LICENSE> Weekly. Confirm & Order Staff Dress On The Due Date <DATE_TIME> <US_DRIVER_LICENSE> Payable Via Pep Store Transfer. ID Needed. Fax ID <US_SSN>. Sms Reference & Code & Size To Process Orders By TQ Factory. <NAMED_ENTITY>.,English,others,"distraction,need and greed,time/urgency"," tq factory,kapano frail care home",,f4a09329c32e7d78,0.4274154745660287,0
02-11-2022 10:55,WELL DONE!!! You have just be gifted A <NAMED_ENTITY> of (<US_DRIVER_LICENSE>.000) Thousand Naira From Atiku,English,others,need and greed,atiku,,e4cca2ec8556aa6b,0.4274970586573303,0
,<NAMED_ENTITY>: Our Mega Year End Sale is LIVE! Get flat 10% OFF on Domestic Flights with ICICI Credit & Debit Cards. Code: GOICICI | GOICICIDC. Click: <URL>,English,others,"need and greed,time/urgency",goibibo,,a3e7d4e26d106011,0.42752037160898515,0
04 Jun 22 12:12,"DODLA DAIRY LtFat CLRSNF I am a <NAMED_ENTITY> You are noticed for h0me based JOB. Now you can upto Rs.20,000/Day. Apply",English,others,"authority,need and greed",dodla dairy ltfat clrsnf,wa.me,6ac5119a53aff962,0.4278154999528293,0
"Saturday, 4 June 10:32","DODLA DAIRY LtFat CLRSNF I am a H.R. You are noticed for h0me based JOB. Now you can upto Rs.20,000/ Day. Apply",English,others,"distraction,need and greed",dodla dairy ltd,wa.me,0e046bea94d70629,0.4278154999528293,0
Yesterday 9:49 PM,"You are debited <US_DRIVER_LICENSE>.00, for SMS notification charge for <DATE_TIME>. Thank you",English,banking,"authority,distraction",,,ac8a528e42838b3a,0.42795272654133376,0
06:30,"FNB;TK Chauke :send <US_DRIVER_LICENSE>.00 At FNB ATM,press Proceed,select eWallet Services.Pin@19902,is valid for 16Hrs.If expired;dial*120*277#for New{Pin}",English,banking,"authority,need and greed,time/urgency",fnb,,315c53ff092ac9ca,0.4280002609133169,0
Today 1:40 PM,Hi our FICCL authorised agent will contact you regarding your overdue. To know the list of authorised agent pls click the below link <URL> Ignore if already paid. -Fullerton <LOCATION>,English,banking,"authority,time/urgency",fullerton india,bit.ly,635ecdad37da69d9,0.42804247444177557,0
"06 Oct 2021, 08:06 PM",Paid Rs 80.0 toll for UP80DW3458 at <NAMED_ENTITY>. TxnId: <US_BANK_NUMBER>. Updated Paytm Bal: Toll Wallet- Rs 70,English,others,authority,Paytm,,c59942c5a5fe7b1e,0.42807642487541864,0
今日 22:16,Accept your GOV. REFUND**65 : <URL> <DATE_TIME>,English,government,"authority,need and greed,time/urgency",government,,e10143be9fa67116,0.42810238508256404,0
"Oct 25th, 2021",Service Facebook #Unauthorized page usage #Your page stays hidden until you follow: https://<EMAIL_ADDRESS><URL>,English,others,"authority,time/urgency",facebook,bit.ly,56173a93153fc981,0.42812556625438575,0
,Good News! Dear ... we were trying to reach you regarding an exciting HSBC Credit Card Offer. Please Reply with SMSCARD on ... to avail your offer and we will be glad to get in touch with you. You can also call us at ...,English,banking,"authority,need and greed",HSBC UK,,448f2cfbb8e5bc99,0.42822600208439754,0
,Good News! Dear **** we were trying to reach you regarding an exciting HSBC Credit Card Offer. Please Reply with SMSCARD on **** to avail your offer and we will be glad to get in touch with you. You can also call us at ****.,English,banking,"authority,need and greed",HSBC UK,,0ef9737d5692103f,0.42822600208439754,0
22:48,HMRC: Records show you are overdue a refund of £402.33 following a tax rebate in <DATE_TIME>. Please proceed via: <URL>,English,government,"authority,need and greed,time/urgency",hmrc,,52f788b7ea73325d,0.42830165321275226,0
"Saturday, 11 June 2022 6:39 pm",Dear Consumer You electricity power will be disconected.10.30 pm because your bill not updated contact electricity office <US_BANK_NUMBER> Thank You.,English,others,"authority,time/urgency",electricity office,,d85667c78c29863c,0.42837813961541127,0
Today 11:02,"<NAMED_ENTITY>, Ur parcel REF: (<NAMED_ENTITY>) is ready for delivery. Please confirm the details at: <URL>",English,delivery,"distraction,time/urgency",,,86764636aced9a6b,0.4285276468290828,0
5:28 PM,Are you a movie <NAMED_ENTITY>? We have just the card for you! Convert your existing Kotak Credit Card to PVR Kotak Platinum Credit Card:T&C apply,English,banking,"authority,distraction",Kotak Mahindra Bank,,a67fab7d0552c8c2,0.4285277999920745,0
Today 2:49 PM,"Citi: We would like to invite you to our webinar ""Metaverse - The Ultimate Digital Transformation"" on 25Feb22 at <DATE_TIME>. Visit <URL> to RSVP.",English,banking,authority,Citi,,71fac12228f405d8,0.42887508015740144,0
16:09,Pay_Fast: A payment was sent to you via PayFast ZA. Follow https://...,English,banking,"authority,need and greed",payfast,,5f49e3ad266d23a8,0.42892494572452816,0
Today 09:33,"Ur registration for SBI Pay has started. If it's not u, plz report to ur bank immediately. DON'T SHARE ur card details/OTP/CVV to avoid any financial loss.",English,banking,"authority,distraction,time/urgency",State Bank of India,,e456da7c0b010e8c,0.4289590587877798,0
"Sat, Sep 3, 7:06 PM",Your invoice for <DATE_TIME> was paid. Thanks. here's our tiny present for u: du9k3.c0m/rvirONcqBD,English,others,need and greed,,,9c2d353882277279,0.4289680628089271,0
15:42,FNB:-) <US_DRIVER_LICENSE>.00 paid from Next Trans...,English,banking,"authority,distraction",fnb,,9b4fa3df22c53b3d,0.42907413707763276,0
Today 12:57 PM,"YOUR CLOUD IS FULL! All files will be deleted if you dont react soon. You, As a loyal customer gets 50GB extra for FREE",English,others,"need and greed,time/urgency",cloud service provider,,986669eb40ba2c49,0.4292461830631609,0
6:24 AM,SMS Alert Charges (incl. of tax),English,others,,,,b9997e843bd1c9a7,0.42928520674967496,0
10:46,Dear CustomerYour SBI Bank Credit Card Reward Point Worth Rs.5899 Will Expired <DATE_TIME>. Kindly Redeem Point In Cashback By Clicking On Link <URL>,English,banking,"authority,need and greed,time/urgency",State Bank of India,bit.ly,76a392b9351fb4e1,0.4294350590366584,0
12:46 PM,Your <NAMED_ENTITY> for Debit Card ending <DATE_TIME> is [hidden]. Use this at HDFC Bank ATM to create ATM PIN before 15Feb21. Never share OTP with anyone. Bank never asks for <NAMED_ENTITY>.,English,banking,"authority,time/urgency",HDFC Bank,,7bc838b9fd21667d,0.4295081646506356,0
"Thu, Apr 20 at 12:42 PM","apoplexy wether , ggame ,<NAMED_ENTITY> it whatsapp://chat/?code=BjRONw5G6rTFovXUN799f",English,others,,,,011d782cd4ec7908,0.42951634386110504,0
Today 4:20 am,AUSPOST: Delivery attempt unsuccessful. Your item is stored at the post office. Schedule redelivery by monitoring your package at,English,delivery,"authority,time/urgency",auspost,,377bedfbe25dac07,0.4295865270217491,0
"Tuesday, Aug 10, 2021 • 12:22 PM","Your BOA Unemployment card is having irregular activities. New Login detected. If this wasn't you, follow steps: <URL>",English,banking,"authority,time/urgency",Bank of America,,e47cc6f609d79970,0.429741492695117,0
10:10 AM,"From MrsDebora,I want to transer my fund $5.5m USD to you on charity name to help poor people in your country <LOCATION>,Contact me here:<EMAIL_ADDRESS>",English,others,"kindness,need and greed",mrsdebora,,ead1fc688fa1877e,0.42976966330554867,0
"Monday, September 28th, 2020",SMS Alert <DATE_TIME>,English,others,,,,1bbb0555bab5ad08,0.42980640422493493,0
Today 5:52 pm,Linkt: We were not able to process your last toll. To avoid fees and penalties please resubmit your details to process this toll via:,English,others,"authority,time/urgency",linkt,,92e4e90abf6db7a8,0.4299465302215722,0
11:07 AM,<LOCATION> tower company dawara <NAMED_ENTITY> chat plot Par 4<NAMED_ENTITY> lagwaye Advance 65 lakh Rent 65000 20 year Agreement & 2 Job Call - <PHONE_NUMBER>,English,others,"authority,need and greed",indus tower company,,ed0e016513bcda18,0.43003801749413384,0
"Thu, 23 Jun, 2:58 pm","Hi <NAMED_ENTITY>, Your tax return is due <DATE_TIME>. myTax replaces e-tax <DATE_TIME>. Lodge at <URL>",English,government,"authority,time/urgency",atogovau,,6891f0e8dcbf8b06,0.43014380092809895,0
20:53,expiring in <DATE_TIME> to avoid lapsation of the policy & to enjoy continuity of the benefits. Your renewal premium is ... at us at <PHONE_NUMBER> or visit <URL> to renew. Please ignore if already pa,English,others,time/urgency,,tinyurl.com,5753317a53bc33aa,0.43025338895217635,0
Today 11:52 AM,"This is the mail system at host <URL>. I'm sorry to have to inform you that your message could not be delivered to one or more recipients. It's attached below. For further assistance, please send mail to postmaster. If you do so, please include this problem report. You can delete your own text from the attached returned message. The mail system <<EMAIL_ADDRESS>>: host <URL> <PHONE_NUMBER>]: said: 550 5.2.0 No such mailbox: <<EMAIL_ADDRESS>> (in reply to RCPT TO command)",English,others,,,,5b856875da4f2bc6,0.4305159363746672,0
09:54,"DEAR <NAMED_ENTITY>, IS THE ONE-TIME PASSWORD FOR YOUR LOAN APPLICATION WITH L&T FINANCE LTD.",English,banking,"authority,need and greed",l&t finance ltd,,7ad0f9e1008d0b8d,0.4305908071326026,0
Yesterday 02:25,Overdue Reminder: If you continue to overdue your credit may be affected <URL> for more information.,English,banking,"authority,time/urgency",,,fc5c50127a6843ed,0.4306657777041883,0
"Wednesday, 8 March 11:11 pm",<AUSLKT-transport>: We failed to charge one of your toll trip due to E-tag scanning failed. Details: <URL>,English,delivery,"authority,distraction,time/urgency",auslkt-transport,cutt.ly,5166fe5163f72521,0.43068036669444587,0
12:06 PM,Its Jim!Im trying to deliver your parcel. Please send me your delivery details asap,English,delivery,"distraction,time/urgency",,,6a18ac114eb4e2c9,0.4306897445691942,0
10:59 AM,Reminder: GP EXIM has requested payment of INR 499.00. You can pay through this link: <URL>,English,others,"distraction,time/urgency",gp exim,,cdcf56c9e72c9648,0.4307717286696435,0
"May 29, 2020 at 6:39 PM","FINAL NOTICE: <NAMED_ENTITY>, please review the details for shipment ID: AmazonRewards 4G34H6 here: <URL> Package: $130 bonus",English,delivery,"authority,need and greed,time/urgency",Amazon,,31b6527c402d4149,0.4308634217468315,0
"Saturday, 20 June 2020 19:32","As per notification from IT dept., it is a must to link PAN with Aadhar by <DATE_TIME>, else PAN will be inoperative & TDS will be @ 20%. step to link",English,government,"authority,time/urgency",it department,,9bbc843bf0292538,0.4309659906030328,0
Today 12:21 PM,YOU turned Auto-Scan OFF on your device! 3 Malicious files have been found! Enable Auto-Scan now,English,others,"distraction,time/urgency",,,176460916605e8b3,0.4310055815102256,0
Today 18:19,LLOYDS ALERT: You have successfully paired a new payee on <DATE_TIME> at 18:11PM. If this was NOT you visit <URL>,English,banking,"authority,time/urgency",Lloyds Bank,,fd30c3fa324c6e31,0.4310190307698801,0
Yesterday 8:13 PM,You have received a pending Interac eposit from Ontario Government to help families in need of the CATCH UP program. Reply Yes to deposit.,English,government,"authority,kindness,need and greed",ontario government,,6b1712916d43c179,0.43112261858937817,0
3:59,"WOW Offer @ just 4499/- 1. Oil/filter change. 2. General check-up 3. A/C Check-up 4. Battery Check-up 5. Computer check-up. 6. Engine tunning. 7. Brake Service For appointments CALL Now: <PHONE_NUMBER> <PHONE_NUMBER> Toyota Khyber Motors, <LOCATION>. MUST bring your own Safety Mask, Gloves & Sanitizer.",English,others,distraction,toyota khyber motors,,7d4155b4c06850c3,0.4311239667759224,0
8:19 am,Thank you for applying for Axis Bank Indianoil Credit Card. Your application ID is <US_DRIVER_LICENSE>-<US_DRIVER_LICENSE>-<US_DRIVER_LICENSE> and an sms confirming application status will be sent shortly.,English,banking,authority,Axis Bank,,ffc132c81ca9a55e,0.4312444045335599,0
02-Jun-23 12:18 pm,Alert! Incoming services on Airtel No. ********* will stop on <DATE_TIME>. Recharge with your favorite Unlimited Pack <DATE_TIME> <URL> Ignore if recharged.,English,telecom,"authority,time/urgency",Airtel,,58e6fc5b9f70fd0e,0.43124775928173525,0
Yesterday 07:13,Rapid Antigen sample collected for <LOCATION>. POOJA (Id:27497...) SRFID <US_BANK_NUMBER>... on <DATE_TIME> at 5:50PM. Please save for your reference. You are advised to isolate yourself till the sample is tested and test report is available.,English,others,authority,,,4827198fa11c37ab,0.43129647225240114,0
Today 3:23 pm,AusPost: Unfortunately we have missed you <DATE_TIME>. Please reschedule via our website: <URL>,English,delivery,"authority,time/urgency",auspost,,72322f016c1733e4,0.43133290362177046,0
Today 3:37 PM,RE/REFUND #5134 - Your Refund Paymentlink is ready. Get your $231.64 refund here,English,others,"need and greed,time/urgency",,,34b7c9ffa402c8fa,0.4313832162107924,0
Today 2:53 pm,Get Set for the Games! Be sure to follow our social channels to receive the most up to date traffic and travel information,English,others,,,bit.ly,160108ea1f0b379b,0.4314561976705486,0
13:17,"Delivery Update: We're sorry to let you know that the delivery of your Flipkart Supermart order for <NAMED_ENTITY> ...+22 more products has been delayed as we're working on fulfilling higher orders than usual. Rest assured, you can expect the delivery on <DATE_TIME>. Option to call us is not available during this period, however you can track and manage your orders, returns and refunds in no time here: <URL>",English,delivery,"authority,distraction,time/urgency",flipkart supermart,,3c6c32cee23a8845,0.43146621741120017,0
Today 8:12 AM,"My name is Mrs. <NAMED_ENTITY> i have 3.9 million dollars to transfer to u in ""charity work"" to help poor ones in your place <LOCATION>, contact me; <EMAIL_ADDRESS>",English,others,"kindness,need and greed",,,1af4b4a9eeebbeed,0.4314880922873475,0
Today 11:51 AM,【XT】 Please complete the upgrade deadline in time2022-02-02,English,others,time/urgency,xt,,f27b6d3418533c9a,0.4316246051296547,0
"Wednesday, 2 June 2021 14:00",HERMES: WE attempted to deliver your PARCEL <DATE_TIME>. You can reschedule using the following link: https:<URL>,English,delivery,"authority,time/urgency",hermes,,88a4151d8fe494b4,0.43164780420542076,0
09:20,HSBC: A New Payee request was created from an unrecognised device. Please Approve or Cancel this request via:,English,banking,"authority,distraction,time/urgency",HSBC UK,,4bd21ac906e233f0,0.4318750066458444,0
"Friday, April 8, 2022 08:22","Dale We are interested in buying your home for cash, as-is, at or above any valid offer. Valid: 4/8",English,others,need and greed,,,ea3ffbf2f7736a46,0.4318810484493999,0
,"Package Tracking: Hi, your parcel with tracing number 2QI is waiting for you to confirm the shipment address:",English,delivery,"authority,time/urgency",,,fa41178c7d975956,0.43190577867437313,0
Gestern • 21:43,"Ledger Defi Online Wallet Launched Dear, <NAMED_ENTITY> Check our new serive <DATE_TIME> and get 100LGR(~1000 EUR) trading tokens",English,banking,"authority,need and greed",ledger defi,,d84a95a1047692b4,0.4321418352037552,0
"Tuesday, Oct 20 • 21:53","Ledger Defi Online Wallet Launched Dear, <NAMED_ENTITY> T Check our new serive <DATE_TIME> and get 100LGR(~1000 EUR) trading tokens",English,banking,"authority,need and greed",ledger,,6b9e09b447cfb7d0,0.4321418352037552,0
1:05 AM,Email proof of registration to <EMAIL_ADDRESS>. Add your ID number & institution name in the subject line of your <URL>bmit by <DATE_TIME>.NSFAS Dear Student. Our records reflect that you are registered at more than 1 institution. To correct this email proof of registration no later than 22 <DATE_TIME>.NSFAS,English,government,"authority,time/urgency",nsfas,,8d633648007bb956,0.4324674863959822,0
,"Please note: You're not to purchase any items, all work supplies have been booked by the department and awaiting payment! Do you have <NAMED_ENTITY>? You're to make a payment worth $719 to the <NAMED_ENTITY> information below and send confirmation of payment when completed.",English,others,"authority,distraction,need and greed",,,81404e4a6d4d2d3a,0.4324954537366977,0
,Please note: You're not to purchase any items all work supplies have been booked by the department and awaiting payment! Do you have <NAMED_ENTITY>? You're to make a payment worth $719 to the <NAMED_ENTITY> information below and send confirmation of payment when completed.,English,others,"authority,time/urgency",,,14985296af7a6546,0.4324954537366977,0
"Tuesday, May 16 16:10","Your Michigan Nurse Aide certification expires on <DATE_TIME>, <DATE_TIME>. Go to <URL> to learn how to renew.",English,government,"authority,time/urgency",michigan nurse aide,,fc2db917883544d1,0.43254151090674,0
7:42 AM,CHASE Alert ID#Zifb We are running site maintenance! Please Log in to restore: <URL>,English,banking,"authority,time/urgency",chase,,f6dd466c0688f65a,0.43284578517320016,0
5:49 PM,��v�1�� For your loyalty to CapitalOne Could you give us your Feedback & Enjoy $90,English,banking,"authority,kindness,need and greed",capitalone,,650fc8c0dec5496f,0.4329163380723162,0
2m,Thank For Being Part of Kilimall 2 Years! We invited U to Kilimall Anniversary Party! Free Shipping&Discount are prepared,English,others,"distraction,need and greed",kilimall,,1d472fc68203b53b,0.433034946624962,0
"Today, 7:51 PM","Dear HDFC Customer, You recently added a nominee. You can send funds now. To report this Log in <URL> and follow the instructions.",English,banking,"authority,distraction,time/urgency",HDFC Bank,cutt.ly,92bb60a2774fe71f,0.4331252062266474,0
Today 19:18,"Dear SBI Customer, You recently added nominee. You can send funds now. To report this Log in <URL> and follow the instructions.",English,banking,"authority,distraction,time/urgency",State Bank of India,cutt.ly,2281861ac83d2f82,0.4331252062266474,0
5:49 PM,This is your CRED verification OTP. The OTP will be valid for 10 min. Do not share this <NAMED_ENTITY> with anyone.,English,banking,"authority,time/urgency",cred,,f7ad9a548cbb5b9a,0.43324679139876304,0
Today 6:09 PM,[1001-e-TRANSFER] : YOU HAVE A PENDING DEPOSIT. Data rates may apply,English,banking,need and greed,,,6590fe76f23d956a,0.4335223717136293,0
Yesterday 19:42,"Lloyds Bank: You have successfully paired a NEW DEVICE on 13/11 at <DATE_TIME>. If this was NOT you, visit: https://",English,banking,"authority,distraction,time/urgency",Lloyds Bank,,6d1a2aab8ea1fa60,0.43356162363709105,0
30-Apr-2022 23:13,OUTSTANDING-VAT ON SMS ALERT CHARGE FOR <DATE_TIME>,English,others,,,,d4e27438fd12558a,0.433651526977329,0
25m,WhatsApp registration code was requested for your phone number,English,others,"authority,distraction",whatsapp,,bd850d27775d7433,0.43368616974961594,0
11:16 AM,"Hi! With regards to your DND-related complaint no. APR-<US_DRIVER_LICENSE>, we found that the SMS/Call received by you was not promotional in nature. We have hence closed your complaint. Just in case you arent happy with our resolution, you can appeal at 198 (Toll Free) within <DATE_TIME>.",English,others,authority,,,cc3784c25887efe2,0.433839865236638,0
2022.01.07 11:28:11,"Hello, your loan is due <DATE_TIME>. In order to avoid unnecessary effects due to overdue, please make sure to pay the loan <DATE_TIME>. Otherwise, you will not be protected by law. Remind you that maintaining a good reputation will help the system evaluate you, and the amount of borrowing again will increase. [Quick cash] Application and download: <URL> After the payment is successful, please upload the proof of payment to the background of the application, thank you.",English,banking,"authority,time/urgency",quick cash,bit.ly,a415558f722af315,0.43388285334748905,0
Yesterday 20:10,"From EE: To access the internet abroad you need to buy a roaming data add-on. You only pay for the add-on you buy so you'll always know exactly what you're spending. For an add-on that lasts <DATE_TIME>, reply to this text for free with the code 8MB (to get 8MB for £5), 20MB (20MB for £10). For an add-on that lasts <DATE_TIME> text 45MB7 (45MB for £25) or 110MB7 (110MB for £50).",English,telecom,"authority,need and greed",ee,,a6cb311d552e5ae8,0.43389420741394885,0
Today 6:00 PM,Alert Your <DATE_TIME> Reward Point got Expired Redeem Now <URL> Warm Regard HDFC MD Shiv Saran,English,banking,"authority,time/urgency",HDFC Bank,bit.ly,ef1b97434c130dce,0.4339780459136423,0
5:56,Please click here to pay at https://m.flash <URL>,English,others,time/urgency,,,cf30c9bccc82f308,0.43400255848869473,0
Today 17:30,"HSBC: A payment was attempted from a NEW DEVICE on 30/03 at 16:50PM. If this was NOT you, please visit: <URL>",English,banking,"authority,distraction,time/urgency",HSBC UK,,3d9fe212464eea83,0.434072568302636,0
Today 7:24 pm,A Voicemail message was left for you at 09:10 on <DATE_TIME>. Please visit <URL>,English,others,"distraction,time/urgency",,,d5dddbbcedd96c79,0.43429829786297613,0
Today 17:52,"Hermes: Your package has a £1.45 shipping fee, to pay this now visit <URL>. Package will be returned to the sender if unpaid.",English,delivery,"authority,distraction,time/urgency",hermes,,ce054f612ce75b5f,0.43431687916365164,0
"July,10, 2021",Your package CE165414494IE is waiting for delivery. Your package is waiting for delivery. Confirm payment of 2.99 EUR in the following link verification must be done online in <DATE_TIME> before it expires.,English,delivery,"distraction,time/urgency",,,05b4c6eae37c13fa,0.43432444636819817,0
Sunday 13:46,Post office- We regret to inform you that we are unable to deliver your package due to missing address. Details: <URL>,English,delivery,"authority,distraction,time/urgency",post office,,ea18061ff6d36fa3,0.434324877508943,0
"Monday, 17 January 2022 14:48","SANTANBANK: A payee has been added from an unrecognised device on 17/01. If you do NOT recognise this, visit: <URL>",English,banking,"authority,distraction,time/urgency",santanbank,,4d4326c001924f8d,0.4343365313901122,0
"10/20/20, 13:37","If your master line didn't receive any SMS notification for that, may provide a master line number and I will proceed with a report to get feedback from a Support Team.",English,others,authority,,,4090b8f088f0f87f,0.4345846772656589,0
,"Great news, you’re now getting a better My T-Mobile experience! Updated features make it easier to manage your account. Log in and verify your information at <URL>",English,telecom,"authority,distraction",T-Mobile,,bfb7dfc3dfe0f036,0.4346163811135461,0
20:31,HermesUK: Our driver was unable to deliver your item <DATE_TIME>. You can confirm your redelivery at <URL>,English,delivery,"authority,time/urgency",hermesuk,,f9afe204217256e8,0.43465295551559496,0
"Monday, 26 September 2022 11:13","GOVUK:We have identified you as eligible for the £400 energy bill discount to support households <DATE_TIME>. To apply, visit: <URL>",English,government,"authority,need and greed,time/urgency",govuk,,4e3684d0811e5a93,0.4346595870352706,0
2022-06-15,"RoyalMail: Sorry you have not accepted the 2.99 (GBP), Choose another delivery date: https:// $code lanfeT bata AC 1eh se AeA)",English,delivery,"authority,need and greed,time/urgency",royalmail,,c04887a0eb1ab02c,0.4347792931758375,0
12:49 PM,My name is Mrs. <NAMED_ENTITY> I want to transfer$3.5m Dollars to you for charity work in your country <LOCATION> contact for more details: Email: <EMAIL_ADDRESS>,English,others,"kindness,need and greed",mrs maria,,37733c000b71339e,0.43480864574090317,0
11:59,Hermes: Sorry that we missed your delivery <DATE_TIME>. Please visit <URL> to book a redelivery and pay the fee of £1.45. Your item will return to sender if unpaid.,English,delivery,"authority,time/urgency",hermes,,621c327a497e8ec4,0.43492570857747725,0
"Friday, 28 February 2020 23:14",Good News..!! Your Loan Amount for Rs.15000 Is Successfully Approved Check Your Loan Status Here,English,banking,"authority,need and greed",,,13f55da8fbb86525,0.4350374634937471,0
Sunday 1 March 2020 13:31,Good News...!! Your Loan Amount for Rs.15000 Is Successfully Approved Check Your Loan Status Here,English,others,"distraction,need and greed",,,8060c5b33e41faf1,0.4350374634937471,0
"07/09/20, 15:49","Kindly send HELP to 2442 to activate the Do Not Disturb Service, and thus stop the receipt of the AYOBA App SMS. Apologies. ^NA",English,telecom,authority,ayoba app,,06bcf03f13354df9,0.43507770159421294,0
Today 11:49 AM,U.S.P.S - The package has arrived at the warehouse and cannot be delivered due to incomplete address <URL>nfirm your address at the link.,English,delivery,"authority,time/urgency",USPS,,bba64e7c91718967,0.43511566506423904,0
"Today, 11:00","Hi Dear, your progress for purchasing Kotak Life e-Invest is saved under Quote ID '<US_DRIVER_LICENSE>'. Click here to continue. https://",English,banking,"authority,distraction,time/urgency",Kotak Mahindra Bank,,0a2f77394d1b4701,0.4351449529221711,0
6-9 5:41 PM,Flipkart Update: Sorry for taking longer than expected to resolve your issue with Raymond Home 104 TC Co.... Rest assured we will share an update by 10 Jun <DATE_TIME>. Track Issue:,English,others,"authority,time/urgency",flipkart,,0798885fb8f4fceb,0.43521360108351503,0
"Mon, May 1 at 9:43 AM","aid, button chairman click to a ,join, what-sapp://chat/?code=Du6Jp7K4Um-H8f7pi1rGeys t",English,others,,,,6e7a6c29c0fb897a,0.4353570405331614,0
"Today, 13:54","Hello , we have registered the Complaint related to Unsolicited Call/ SMS on your Airtel Number <PHONE_NUMBER>. Reference No. 31-<US_BANK_NUMBER>, dated <DATE_TIME>. Rest assured, we will work on the same and get back to you with an update by by <DATE_TIME>. Alternatively, you can also check the status of your Reference no. on Airtel Thanks App:",English,telecom,"authority,time/urgency",Airtel,,8af3560f4044fd10,0.43540757754436155,0
1:18 PM,"Hi, with reference to the Service Request <URL>RGP3DEL20221027569466 regarding DND issue on your Airtel Number, we have sent a warning and put a usage limit of <DATE_TIME> and 20 calls for <DATE_TIME> on the unregistered telemarketer number. Post investigation, appropriate action will be taken against the telemarketer as per the TCCCPR <DATE_TIME> guidelines.",English,telecom,authority,Airtel,,62c619a2c5f65d9e,0.4354110787763774,0
21 SEP 03:06,"1st txn on card ending <DATE_TIME>, SGD1.60 at <URL> IRL failed. Call <PHONE_NUMBER> if you did not use card.",English,banking,"authority,distraction,time/urgency",itunes.com,,a611098386255e65,0.4354544844669924,0
28-10 4:05 PM,"Do an Idea recharge on Google Pay above Rs 100, get a guaranteed stamp and a chance to earn upto Rs <URL>",English,telecom,"need and greed,time/urgency",Google Pay,,a1fda3de936e9a53,0.43546008073137127,0
Today 12:08 PM,To our survey tell City Hall is a public policy initiative of the van is in market research company. You can reach us at <EMAIL_ADDRESS> or at <UK_NHS>. Press one to receive a text link to our survey press nine if you do not wish to participate press one to receive a text link to our survey press nine if you do not wish to participate.,English,others,"authority,distraction"," van is in market research company,city hall",,73625af59f4e20ac,0.43551131846658603,0
,It may appear personal to you It may contain a link to a web page an email or phone number STAY GUARDDED DON’T CLICK DELETE TEXT! For More Information go to: <URL>,English,others,,cisa,,46a433a7e7c5f8e4,0.43557549920613303,0
12:48 p.m.,"Hi <NAMED_ENTITY> We tried to deliver your order CA 17xxxx19, but there is an unpaid customs-fee. Follow the instructions here: urina <URL>",English,delivery,"authority,distraction,time/urgency",,,c456830d09a4061d,0.43559270849138604,0
,CashAPPTransferNotice: Please confirm to accept:,English,banking,"authority,need and greed",cashapp,t.co,e21fd840627ce234,0.43560412023599715,0
5:32,"IRS: Your account is missing some info that we need to comply with financial regulations, login at <URL> With idme to keep your account activated. The mission of the IRS is to help <NRP> taxpayers understand and...",English,government,"authority,time/urgency",IRS,,b5acb57a8fd9d5c2,0.4357743712974843,0
11:17 AM,Legal action is imminent if ur VODACOM acc remains unpaid. Pls call MBD INC. on (011)560-4218 for a pmt plan. Ref: <US_BANK_NUMBER>,English,telecom,"authority,distraction,time/urgency",vodacom,,58137db4955ae20d,0.43598865403917675,0
Yesterday 20:20,"We need to review your recent activity, to prevent restrictions visit <LOCATION>",English,banking,"authority,time/urgency",Santander Bank,,9fb70981a3828e64,0.4360976119834152,0
"Friday, September 10, 2021 09:29","<NAMED_ENTITY>, just a friendly reminder that you are due for dental cleaning, would you like to schedule an appointment? Please reply YES or NO or give us a call back at <PHONE_NUMBER>. Thank you and have a great day. -Otay Lakes Dental",English,others,,otay lakes dental,,7b2d00c44669d0b2,0.4361170541234688,0
Today 6:03 PM,(DiscoverCard_Customer_Service#<PHONE_NUMBER>) You have a pending issue. please visit: <URL> to resolve it.,English,banking,"authority,time/urgency",discovercard,,4d160c0c9588335c,0.4361760953562334,0
Today 11:02 am,"Hi <NAMED_ENTITY>, we couldn’t process your <NRP> payment. You can update at <URL> Find out more <URL> Team Bupa",English,government,"authority,time/urgency",bupa,,0d1e341c0001c914,0.43622547798797756,0
3m,Governorship and State Assembly Election are on <DATE_TIME>. Make your vote count. Go out and vote. For enquiries call INEC on: 4632,English,government,authority,inec,,7848f2b9a54080b6,0.4363212852904147,0
2022-08-05,"Please confirm your shipment details, otherwise your item will be sent back to the sender: <URL>",English,delivery,"distraction,time/urgency",,,91423abb9dc04d6e,0.4363487703741664,0
24 Jun 22 10.58 AM,"Hi! Your Prepaid to Postpaid conversion request with reference no. MNG-<US_DRIVER_LICENSE> dated 24 Jun 22 <DATE_TIME> is processed. Thank you for showing interest in Postpaid, keep enjoying Postpaid benefits on same SIM. For any further assistance, dial 199. <US_DRIVER_LICENSE> recharged!Enjoy Unlimited Calls+1.5GB/Day Data+100 SMS/<URL>lid for 28 DaysYour Vi-exclusive Night & Weekend Data benefits activated, click",English,telecom,authority,vi,bit.ly,3e43b289f70ff5ae,0.43649204200382935,0
"Thu, Oct 6 at 1:03 AM",Your order was dropped off. Please refer to this photo your Dasher provided to see where it was left.,English,delivery,"authority,distraction",dasher,,3e3e1359f9938e49,0.4365164912490972,0
4:10 pm,<LOCATION> Police will never call you to ask about this code. Your <NAMED_ENTITY> is 54261. This code expires in <DATE_TIME>. DO NOT SHARE THIS CODE WITH ANYONE,English,government,"authority,time/urgency",dubai police,,bf5e3689bc5abbb3,0.4365180116462369,0
"Today, 11:13 AM",Out for pickup: Your Nike Sports Shoes is expected to be picked up <DATE_TIME> by our partner (Phone Number: <PHONE_NUMBER>; Pin: [redacted] if prompted). Please keep it ready in an unsealed packet. - Team Myntra.,English,delivery,"authority,distraction",myntra,,beab93ea02d7f3e2,0.43667768275253527,0
"Today, 11:13 AM",Out for pickup: Your Nike Sports Shoes is expected to be picked up <DATE_TIME> by our partner (Phone Number: <PHONE_NUMBER>; Pin: if prompted). Please keep it ready in an unsealed packet. - Team Myntra.,English,delivery,"authority,time/urgency",myntra,,d36838576fa9df4c,0.43667768275253527,0
Saturday 10:44,ACCOUNT-ID:agioitneop !,English,others,,,,017df09e5b85ed6a,0.4367126663174275,0
Today 20:44,Dear Subscriber Dues of Rs.<US_BANK_NUMBER> remain unpaid. Pl clear the same to enjoy uninterrupted services. Click to pay https:// <URL> - ACT Fibernet,English,telecom,"authority,time/urgency",act fibernet,,21cab8036c0dfb29,0.43675373298483333,0
12:46 AM,"IRS: Your account is missing some info that we need to comply with financial regulations , login at <URL> With idme to keep your account activated The mission of the IRS is to help <NRP> taxpayers understand and meet their tax obligations and to provide",English,government,"authority,time/urgency",IRS,,fe8bb507c6a9f06d,0.43682003851551954,0
8:07 AM,"IRS: Your account is missing some info that we need to comply with financial regulations , login at <URL> With idme to keep your account activated The mission of the IRS is to help <NRP> taxpayers understand and meet their tax obligations and to",English,government,"authority,time/urgency",IRS,,d13ac72ac0b119ce,0.43682003851551954,0
"Today, 6:49 PM",Instant redeem your Kotak credit card points before expiring by <DATE_TIME> worth INR 5670 visit here <URL>,English,banking,"authority,time/urgency",Kotak Mahindra Bank,,ed07326258e44402,0.4368877995436276,0
"Monday, March 7, 2022 2:08 PM",Instant redeem your Indusind Credit card points before expiring by <DATE_TIME> Worth 7279 INR. Visit here <URL> .RABAPA,English,banking,"authority,time/urgency",indusind credit,,8059cfa133400390,0.4368877995436276,0
"Monday, March 7, 2022 2:08 PM",Instant redeem your Indusind Credit card points before expiring by <DATE_TIME> Worth 7279 INR. Visit here <URL>,English,banking,"authority,time/urgency",indusind,,04aa150e722e0946,0.4368877995436276,0
Today 09:38,"FNB :-)You can change your ATM PIN using online banking go to my cards select view/change pin or Visit nearest FNB Branch or ATM Insert your card into the ATM and enter your current <URL> then select My Banking Options; select Change PIN Enter your Current PIN Enter New PIN,Confirm your New PIN Proceed:A Division of FRB Ltd.",English,banking,"authority,distraction,time/urgency",fnb,,7e61b10c8ffb3e85,0.43688841650930066,0
7:43 PM,Manage your small expenses in just 5-min. TrueBalance INSTANT LOAN in a few simple steps! Get cash up to Rs. 50k Now,English,banking,"need and greed,time/urgency",truebalance,,7dc5033d0ba8a4a2,0.43693312294598874,0
"Monday, January 29 2:44 PM","Your account is missing some info that we need to comply with financial regulations , login at <URL> /rU0Ik7?pvZ=<LOCATION> With idme to keep your account activated I-R-S team",English,government,"authority,time/urgency",IRS,,7487fa7e14733e16,0.43695402615329637,0
Today 1:40 AM,"Hi <NAMED_ENTITY>, this is <NAMED_ENTITY> from Amazon. I've tried to deliver your package twice, but have been unable to do so. Can you please schedule here:",English,delivery,"authority,distraction,time/urgency",Amazon,,dacc34625baa999b,0.43697243303021727,0
Today 1:42 pm,Your freedom is under threat. Watch Channel 9 between <LOCATION> on <DATE_TIME> for an important <DATE_TIME> announcement. Auth <URL>,English,others,"authority,time/urgency",channel 9,,b958614c4de125fd,0.4371247343483484,0
"Tue 11 Jan, 09:49","We have sent your DEBIT card replacement. If you did NOT request a new card, follow the steps via: <URL>",English,banking,"authority,distraction,time/urgency",Monzo,,cfa965626222d858,0.43712820364028104,0
6:25 AM,Dear valued Netflix user. The <DATE_TIME> automatic payment failed. To avoid services suspension and restore acces join us at : <URL>,English,others,"authority,time/urgency",Netflix,,aab382542324a52d,0.43715812034544715,0
Today 00:28,"Royal Mail: Your package Has A £2.99 shipping Fee, to pay this now please visit <URL>ya-mail-updateshp <URL>. Your package will be returned if fee is unpaid",English,delivery,"authority,distraction,time/urgency",royal mail,,b12d11dd5a66ff31,0.4372075118716179,0
Today 11:24,FNB:-)You must change your pin to the combination of your and date of birth. For example if your ID No start with 43 and your birthday is on <DATE_TIME> you will enter the following pin number: <DATE_TIME> or 4346 and 4304,English,banking,"authority,dishonesty,distraction",fnb,,83267015ecf19843,0.4372311269555474,0
18:26,<NRP>: You're a lucky winner! Enjoy One <DATE_TIME> online course with Shaw Academy. Visit <URL> to redeem before <DATE_TIME>. T&Cs apply,English,telecom,"authority,need and greed,time/urgency",vodacom,bit.ly,e0aa0cf02137a57a,0.4373091942968735,0
,"{ IRS } Your Tax Refund Was Rejected by ""IRS"",if this was done in an error? Kindly Visit here https:// <URL>ine/ to resolve it Now.",English,government,"authority,time/urgency",IRS,,b6ee4ce6a23477b5,0.4374149197291538,0
"Wed, Oct 19, 10:29 AM","Hi <NAMED_ENTITY>, this is <NAMED_ENTITY> with the CA Nurses Association, the largest union of nurses in our state. Nurses are supporting <NAMED_ENTITY> for State <NAMED_ENTITY> because she shares our values and has the expertise to get the job done. Can we count on your vote for <NAMED_ENTITY> for Controller on <DATE_TIME>? Stop2Quit",English,others,,ca nurses association,,e5db95faecaafc5b,0.4374743814237457,0
,"We will suspend your Netflix account <DATE_TIME>, because you failed to pay:",English,telecom,"authority,distraction,time/urgency",Netflix,,9e30368c71de3fb9,0.4376021559869043,0
2022-02-14,NHS: You've been near someone with the Omicron Variant. Apply for a Test Kit <DATE_TIME>: https://urgent-test- <URL>,English,government,"authority,time/urgency",nhs,,f39a7e0d0e15e6d2,0.43761570807135336,0
"Tue, 05/06/2018 11:43",Zoom in with The Flash complete <DATE_TIME> on iflix!Get iflix VIP ACCESS + FREE INTERNET (5GB streaming on iflix)for RM5/mth with Digi!Click <URL>,English,telecom,"distraction,need and greed,time/urgency",digi,,247aae790689ea5f,0.43778898029077007,0
3:51 PM,I need your partnership in an urgent trancstion from <LOCATION> to your country. Pls reply me at:<EMAIL_ADDRESS>,English,others,"distraction,kindness,time/urgency",,,f6017476ef10b316,0.437812742616399,0
"Saturday, 15 February 2020, 3:18 am",I need your partnership in an urgent transction from <LOCATION> to your country. Pls reply me at: <EMAIL_ADDRESS>,English,others,"need and greed,time/urgency",united kingdom,,059aa15f012cc3f3,0.437812742616399,0
,"<LOCATION> Recover : We are obliged to let you know that licence plate stickers have been erased from all of your cars. As a result, we are returning $120.00 CAD. Here it is : <URL> *Data rates may apply.",English,government,"authority,kindness,time/urgency",ontario recover,bit.ly,45da31d08bea62bb,0.43789470575114475,0
Today 06:09,Post reminder: Your package is awaiting pick-up at the postal station. Log on to <URL> to schedule a second delivery attempt.,English,delivery,"authority,time/urgency",australia post,,ff8df03271885e6e,0.43791817737936856,0
Yesterday 11:46 pm,New message fxom serviue provider: <URL>,English,others,distraction,,,7f8f38af320235d0,0.4379403850969813,0
,"You have been in close contact with a confirmed Omicron case. Proceed to get a PCR test to protect yourself and others, by visiting: <URL>",English,government,"authority,distraction,time/urgency",national health uk,,cc90be4d251f1414,0.43797483451673835,0
Today 3:23 am,[Telstra Plus] Some of your points are about to expire please redeem them immediately they will be voided afterwards.,English,telecom,"authority,time/urgency",telstra,cutt.ly,588d594922fc09bf,0.43798746884198364,0
18:47 Thursday 04 May 2023,Post office- We regret to inform you that we are unable to deliver your package due to missing address. Details:,English,delivery,"authority,time/urgency",post office,rebrand.ly,9455733e553fa387,0.438054727564001,0
4:35 am,Your registration for UPI app has started. If it...,English,banking,"authority,time/urgency",upi app,,949f95eca48c8137,0.43808241323238184,0
Today 11:36 am,Welcome to the Victorian Electoral Commission VoterAlert service. The roll for <DATE_TIME> State election closes <DATE_TIME>,English,government,"authority,time/urgency",victorian electoral commission,,c1d3661ba7b25607,0.4381099856283206,0
"Wed, Dec 7 at 8:07 AM",Your package is on hold for an invalid recipient address. Fill in the correct address info by the link.,English,delivery,time/urgency,,,9dc92fd5eff63845,0.4381551890086666,0
19:39,You have sent <NAMED_ENTITY> a payment of $22.00 USD. You can view or cancel this payment at:<URL> PP-ID-#STRING-#,English,banking,"authority,distraction,time/urgency",PayPal,bit.ly,21ef4a4ac0532b20,0.4381561210089987,0
04:16 PM,Hi! Thanks for showing interest in availing a Higher credit limit on HDFC Bank Credit Card. Here's a link to avail it for FREE: <URL>,English,banking,"authority,need and greed,time/urgency",HDFC Bank,,1e56810ad4d88540,0.43822537254319066,0
"Tuesday, 27 September 2022 1:05 pm","You've missed a delivery on the <DATE_TIME>, please visit: <URL>",English,delivery,"distraction,time/urgency",,,88b235548ae727a0,0.4383152995522482,0
Today 12:52 pm,Payment submitted on 25/04 to H Charles. NOT you? Immediately visit: <URL>,English,banking,"authority,distraction,time/urgency",westpac,,a73c1bf113783c04,0.438424240531331,0
"10:40, Mon, 4 May",SHARE <US_DRIVER_LICENSE> is the <NAMED_ENTITY> for your OlaMo...,English,others,authority,olamo,,c8a2b6fc2bc7397b,0.43844784326213304,0
"11.17, 8 jul.","Hi <NAMED_ENTITY>, As requested, we've funded your <URL> portfolio with 15.505 BTC current market value should be about (€458,215) We performed detailed accounting to ensure it doesn't show up on your taxes as you explicitly requested, <NAMED_ENTITY> are your new login details and remember, access is unchanged. <URL> Customer ID: <US_BANK_NUMBER> Password: hp34xk2g Regards, Coins45team",English,banking,"authority,distraction",coins45.com,,5f9e37a27c7e124f,0.43865152327400797,0
Today 3:59 pm,"<URL>sit your SBI Branch with PAN,AADHAR(orig&xerox),photo for KYC-AOF updation immediately,else account will be kept on <URL>s ignore if already submitted.",English,banking,"authority,time/urgency",State Bank of India,,44e25c2c8efe1c70,0.4386621587604412,0
,<US_DRIVER_LICENSE>: We were not able to process your most recent bill. Your <US_DRIVER_LICENSE> services will be disabled unless your details are updated via: <URL>,English,telecom,"authority,time/urgency",O2,,aea8bb8599f7c976,0.43872245116612746,0
Today 16:37,EE: We were not able to process your most recent bill. Your EE services will be disabled unless your details are updated via: <URL>,English,telecom,"authority,distraction,time/urgency",ee,,d88c4aaa18645106,0.43872245116612746,0
,Dear Your profile is match in our company for a Job. To Download Interview Letter Click Here- <URL> Thanks,English,others,"authority,need and greed,time/urgency",tata,,1745efb1b04637e4,0.43878650850398787,0
15:09,Your subscription for your (LuxTrust certificate) will expire in <DATE_TIME>. We invite you to renew it: <URL>,English,others,"authority,time/urgency",luxtrust,t.co,bf24d7c8b2a0f503,0.4387987634546777,0
3:22 PM,<NAMED_ENTITY> added you as reference on GalaxyCard. Call them on <PHONE_NUMBER> to stop <NAMED_ENTITY> against them. If you don't know them click here: <URL>,English,others,"authority,distraction,time/urgency",galaxycard,,e0a175ac0851aba5,0.4389651377152857,0
Today 18:11,All your transactions are suspended. You must confirm your device immediately. Follow <LOCATION>,English,banking,"authority,distraction,time/urgency",dbs bank,,801b29a4eec94fa2,0.43906342000380993,0
8:24 PM,You are qualified! Now send me your bank account number and name and the merchant will pay you please pay attention to check Name: Bank Account: Bank name: IFSC: Your salary is being process now by our accounting if you haven't receive it within <DATE_TIME> message me I'll do my very best to follow up sir/ma'am thank you! If you have receive your salary kindly send me screenshot for me so I can confirm thank you!,English,others,"authority,need and greed,time/urgency",,,6498575343fc9f2b,0.43913677741485946,0
"Tue, Mar 1, 7:13 PM","Citi Alert: You recently requested a transfer to a new external account (CHK ACC : XXXX7433), if this was NOT you. Cancel immediately at: <URL>",English,banking,"authority,time/urgency",Citi,,481fa701f8e1069c,0.43927108117113783,0
"Sunday, April 10, 2022 4:43 PM",citi bank: Please visit here and complete your debit pin again: <URL>,English,banking,"authority,time/urgency",Citi,bit.ly,f2c34f77536b9757,0.43929282197692954,0
"Friday, January 19","IRS: Your account is missing some info that we need to comply with financial regulations , login at <URL> With idme to keep your account activated. The mission of the IRS is to help <NRP> taxpayers understand and meet their tax obligations.",English,government,"authority,time/urgency",IRS,,aaa8c069f965a57c,0.43947469679136175,0
4:14,"IRS: Your account is missing some info that we need to comply with financial regulations, login at <URL> With idme to keep your account activated The mission of the IRS is to help <NRP> taxpayers understand and meet their tax",English,government,"authority,time/urgency",IRS,,9e9a32e9ed794a60,0.43947469679136175,0
7/23/2020 1:27:45 p.m.,Please follow: <URL>,English,others,distraction,,,276a7567abd4c5b3,0.43958760172648803,0
26/10/18,You are to appear before the high court on <DATE_TIME>. Please view the case documents on <URL> for more information. Kind Regards <NAMED_ENTITY> Attorneys,English,government,"authority,distraction,time/urgency",pierre attorneys,bit.do,ddc952a04ace85a8,0.43973992439309106,0
"Saturday, January 1, 2022",[-]Mobile / Please take this brief <DATE_TIME> survey about T-mobile and we'll offer you 100 bucks <DATE_TIME> gift : <NRP>,English,telecom,need and greed,T-Mobile,,7fe258a41a2d8648,0.4397575621959698,0
"Sun, 3 Nov, 9:08 PM",Your A/c <US_DRIVER_LICENSE> is debited with Rs 950.89 on <DATE_TIME> 15:38:43 at PUR/IRCTC/NOIDA.Avbl Bal is Rs <URL>ll <US_BANK_NUMBER> for dispute,English,banking,"authority,distraction",irctc,,939cb29d2466cba3,0.43980388435848744,0
Today 1:02 pm,"You have a high-risk eBay purchase, please cancel immediately.",English,others,"authority,distraction,time/urgency",ebay,,51624b580302c759,0.4398445825190883,0
Today 11:01 PM,Interac Payment. You have a pending payment from: Ontario Government to hlp families in need of the Catch Up payments. Reply YES to deposit.,English,government,"authority,need and greed",ontario government,,584ad995d36cf9a6,0.440051056868834,0
"Wednesday, 27 January 2021 15:28","HSBC: You have authorised a payment of £240.00. If this was not you, please cancel via: <URL>curity.hs-auth <URL>",English,banking,"authority,distraction,time/urgency",HSBC UK,,6334fb08887525b7,0.4400603209305709,0
"Monday, 26 October 2020, 21:40PM","HALIFAX ALERT: You have successfully paired a NEW DEVICE on 26/10 at 21:40PM. If this was NOT you, visit:",English,banking,"authority,distraction,time/urgency",halifax,,cff540bc6ff97111,0.4401015277172484,0
,Hi Its a bit embarrassing for me to contact you by email direct Its to ask Are you in a position in wanting to become a share holder in $500.00.00 venture (short term) It requires a small injection of funds to enter This offer is backed by the supreme court of guarantee legitimate If your interested and want to know more reply or phone me,English,others,"authority,distraction,need and greed",,,fc9fb3ca5186b560,0.44013692718294756,0
"November 2, 9:06 AM",The California Public Utilities Commission will hold hearings on <DATE_TIME> regarding new rules for a federal broadband grant program. Please visit cpu <URL> for more information.,English,government,authority,california public utilities commission,,a79eb9ec8933f481,0.4402722985638175,0
11:00 AM,Hi <NAMED_ENTITY> this is Sofy. I'm sorry for the delayed response due to high chat volume at the moment. I see you are chatting about the SMS received. We are currently investigating the matter as this SMS has been sent wrongly. Kindly ignore and allow us to quickly resolve the matter. We truly appreciate your patience towards us.,English,others,,,,1d95c6bae3670093,0.4404799881486909,0
"Wed, 29 Mar at 5:27 am",Action Required: Your account has an overdue toll notice. Take action at <URL> before <DATE_TIME>.,English,others,"distraction,time/urgency",,,137f4c8fb53d5844,0.4406340584189278,0
Today 10:24,Evri: Your order 2A7178<LOCATION> is at your local depot since nobody answered. Book via:,English,delivery,"authority,distraction,time/urgency",evri,,c1cf4a1eca05834b,0.4406732392993221,0
22:22,GOOD news! Your parcel is on board for DELIVERY: <URL>,English,delivery,"authority,time/urgency",,,06e8608382d9f015,0.4407349081048543,0
"Tues 21st Sept, 07:00 AM",Your parcel has been left at your local drop off point! You can track it here.,English,delivery,"authority,distraction",,,bce8cd4fb5787b8f,0.44076501997545764,0
12:12,We received a request to delete your Telegram account all data will be wiped if it is not you please log in <URL> to cancel this request.,English,others,"authority,time/urgency",telegram,,d163cb87246b2578,0.440812660739086,0
"Tue, Oct 18, 7:14 PM","T-MO: Here is a gift to show ""thank you"" for your outstanding payment history. Congrats! <URL>",English,telecom,"authority,need and greed",t-mo,,a0bb34b1681ab872,0.440845048561021,0
Yesterday 11:19,"<LOCATION> POLICE, please contact Water Plus regarding an important matter by calling us on <DATE_TIME> quoting Acc No. <PHONE_NUMBER>",English,government,"authority,time/urgency",staffordshire police,,048ad910ac236657,0.44092510694854264,0
Monday 9:30 PM,"<NAMED_ENTITY>* We know how important it is for our customers to stay connected. We are aware of the damage caused by our shameful server outage that happened on <DATE_TIME>. As an outcome, please accept this $90.00 compensation. Get it below:",English,telecom,"authority,kindness,need and greed",fido mms,bit.ly,4842d770b9909f72,0.4410837065812645,0
Today 4:20 PM,Flipkart Refund Unsuccessful: Rs. 699.0 could not be refunded based on bank account details shared. Refund will be done within <DATE_TIME> once you update bank account details here: <URL>,English,others,"authority,time/urgency",flipkart,,e3cd061f45b8c0b1,0.4411096559932022,0
Today 9:00 PM,"Can you believe there are items without any bids? Please check out these bargains The Silent Auction will be closing at <DATE_TIME> Get your <DATE_TIME> bids in now: Thank you again for your contribution, we appreciate your support! Please click here to pay your remaining balance",English,others,"distraction,need and greed,time/urgency",,,5bd8aeb8804b3c8a,0.44119383642455073,0
"Today, 12:55 PM","Congratulations, Your A/C no. <NAMED_ENTITY> can be credited with Rs 95380. Register now to get the amount",English,banking,"authority,need and greed",,,516560b6e3b977ed,0.44133187364968557,0
4:58 pm,"F.C Ltd invites you for Career Chat by 9:00am on Wed. <DATE_TIME>; 192 Ikorodu Rd,beside FirstBank, <NRP>,Lagos.<PHONE_NUMBER> ID No:FC/87/NBG",English,others,"authority,distraction",fc ltd,,d2e52778d400665e,0.44144285889564383,0
11:25,Dear Please visit <URL> site to update Ledger firmware as the old one has a bug with the risk of losing assets,English,others,"authority,distraction,time/urgency",ledger,,9b41ef15a9839ea2,0.44145037332157655,0
Apr 20 2023 9:09 AM,Break Free from Tuition Fee Anxiety!! We have granted you PHP10000 one time courtesy microloan approval!! As per request to give way for financial stability! REF#<US_BANK_NUMBER>,English,others,"need and greed,time/urgency",,,945e0ee69aeae7ab,0.4414715762618847,0
22 June,Hermes: We attempted to deliver your parcel <DATE_TIME> but was unsuccessful. To reschedule please visit: <URL>,English,delivery,"authority,time/urgency",hermes,,7cd8fa42891c1623,0.4415793213109754,0
,Dear Consumer Your Electricity Power Will Be Disconnected. at <DATE_TIME> at 10:00Pm Form Electricity Mobile No Was Not Updated. And Update Your Electricity Officer Thank You...,English,others,"authority,time/urgency",,,e970f2db2d6b3f53,0.44167026370546153,0
12:41 PM,<NAMED_ENTITY> for online purchase of Rs. 1.00 at Yes Pay thru State Bank Debit Card 4591*****19 is <US_DRIVER_LICENSE>. Do not share this with anyone.,English,banking,"authority,time/urgency",state bank,,fa4e324ddea85ae4,0.44186520561973563,0
"Saturday, Nov 4 • 1:29 p.m.",Canada Post - The package has arrived at the warehouse and cannot be delivered due to incomplete address information. Please confirm your address at the link. <URL>?token=kLiSsmaTxrkYPhNN The Canada Post team wishes you a great day!,English,delivery,"authority,distraction,time/urgency",canada post,,5e82fc01fd82041a,0.4418716797322856,0
Today 3:48 PM,Dear CustomerYour HDFC Bank Credit Card Reward Point Rs.5899 Expire <DATE_TIME>. Kindly Redeem Point In Cashback By Clicking On Link <URL>,English,banking,"authority,need and greed,time/urgency",HDFC Bank,bit.ly,e86aeda2ffc8d360,0.4419394804816077,0
Today 8:51 AM,"Blockchain: A withdrawal has been requested from the IP address (<IP_ADDRESS>). If this was not you, follow the steps here:",English,banking,"authority,distraction,time/urgency",blockchain,,bb113e38e872c723,0.4422462165640791,0
20:46,"Due to the face verification update, you must complete a face scan verification or Singpass will be deactivated: [<URL>",English,government,"authority,distraction,time/urgency",singpass,,07945ab1c938cdc5,0.44236684073293864,0
"Friday, 31 July 2020, 16:53","MISS *** Woolies Store Card purchase of <US_DRIVER_LICENSE>.69 on <US_BANK_NUMBER> at MAGALIES VIEW R BURG store. If you did not make this purchase, call us on <DATE_TIME>.",English,banking,"authority,time/urgency",woolies store,,94b57d2de023cfa6,0.4424509383270815,0
Today 6:08 PM,"Alert Notification - #U56A4 Frm :IRS Government MSG : IR-2018-616, <DATE_TIME> February,2024 - Many taxpayers, at risk for having too little tax withheld from their pay, can avoid a surprise <DATE_TIME> tax bill by quickly updating the withholding from they give to their employer, according to the IRS Please get your tax return Transcript",English,government,"authority,time/urgency",IRS,,68a55430f6841cb2,0.44250844878479906,0
"Wednesday, 25 November 2020 21:31","GOV_UK: Our records show that you are eligible for a COVID-19 Support Grant. To see what you could be entitled too, please visit:",English,government,"authority,need and greed,time/urgency",govuk,,57a7a218b1bfd07d,0.4426239233742569,0
8:35 PM,"We hate to keep you waiting. Unfortunately, it's taking us a bit longer due to heavy rush. <NAMED_ENTITY>'s Safe Delivery Expert will deliver your Order soon. Track your Order live here:<NAMED_ENTITY> cvb",English,delivery,"authority,distraction,time/urgency",dominos,bit.ly,7fba354e90479742,0.4426834222468989,0
4:30,"IRS: Your account is missing some info that we need to comply with financial regulations , login at <URL> /MManpQ?KiY= Tccvidcmp With idme to keep your account activated",English,government,"authority,time/urgency",IRS,,8d7abe915837fedd,0.44268771721965605,0
"Wednesday, January 17 12:46 PM","IRS: Your account is missing some info that we need to comply with financial regulations , login at <URL> With idme to keep your account activated",English,government,"authority,time/urgency",IRS,,72de8b5bea4f9162,0.44268771721965605,0
"Sat, Nov 5, 4:09 PM","<NAMED_ENTITY> is running against <NAMED_ENTITY>. Change is possible in CA, but only if you vote! If you're sick of the high cost of living and rampant crime, vote <NAMED_ENTITY> OUT and ELECT <NAMED_ENTITY> Governor. Whether in person, by mail, or ballot drop off, encourage your friends & family to vote <DATE_TIME>! Reply ""STOP"" to opt out.",English,others,"distraction,need and greed,time/urgency"," newsom,brian dahle",,2d70498acf22d0ff,0.4427274680240648,0
1:35 PM,"Tickets not booked: One of your bookings was unsuccessful as your payment failed. If you were charged, a full refund will be initiated automatically. Failed booking info: Badhaai Do (UA) at PVR: <NAMED_ENTITY>, Faridabad (AUDI 01) Seats: CLASS PL - <US_DRIVER_LICENSE>, <US_DRIVER_LICENSE> Transaction Time: <DATE_TIME> Note: If you have made multiple bookings, please check your purchase history to view confirmed tickets.",English,others,"authority,distraction,time/urgency",pvr,,39472b153885376b,0.44273046633552016,0
2021-04-21T10:38:00,"Hermes: Sorry we missed you earlier, we have your parcel, to book a redelivery follow the link <URL>",English,delivery,"authority,time/urgency",hermes,,5da9d087f19474a6,0.44278685706204024,0
Today 12:35 PM,You just received [redacted] from [redacted](Komo PH). Your updated balance is [redacted].,English,others,authority,komo ph,,f8602735b4ac7eaa,0.4428254882492228,0
Today 19:33,"Virgin Active: Debit orders will run as planned <DATE_TIME>, but you are entitled to claim a full credit for the closure period. Do so here: https://",English,others,"authority,time/urgency",virgin active,,a1ec4f68ad2806db,0.44291294005483683,0
Yesterday 4:37 PM,New version available: Update your MobileBanking App now as the old version will be discontinued by 15thOct'20 Click: <URL> Ignore if already updated,English,banking,"authority,distraction,time/urgency",mobilebanking app,,a5a61958976387af,0.4430273201174304,0
10:06 AM,"For being a valued Globe Prepaid customer all <DATE_TIME>, here's a surprise treat for you t...",English,telecom,"authority,need and greed",globe prepaid,,17fe8f94d6dfbf89,0.44302901896354596,0
"Saturday, 7 May 13:17","Hi <NAMED_ENTITY> , Your donation of INR 5 towards BJP was successful. We thank you for your support. -from NMAPPS",English,others,authority,bjp,,080e20cc9cfcc455,0.4430321232692065,0
2017-12-17T17:27:05,"<NAMED_ENTITY> was spent on ur HDFCBank CREDIT Card ending ... at KFC RESTAURANTS..Avl bal - Rs. <PHONE_NUMBER>.04, curr o/s - Rs.57118.96",English,banking,"authority,distraction",HDFC Bank,,5db990bcb28b06c0,0.44308650499231944,0
10:49 AM,"comply with financial regulations , login at <URL> With idme to keep your account activated The mission of the IRS is to help <NRP> taxpayers understand and meet their tax obligations and to provide them",English,government,"authority,time/urgency",IRS,,ee66090f2cb7ba1d,0.4431092430944934,0
Yesterday 7:59 PM,"<NAMED_ENTITY>. I have just completed designs, please give your feedback.",English,wrong number,,,,b9ad6a97b8a0e4a6,0.44311269571277395,0
Today 14:17,Delayed at Customs: Your package is being processed by Customs officials. UPS may require additional information from you. More info at,English,delivery,"authority,time/urgency",UPS,,9515507324788c7f,0.4431287425661113,0
"February 28th, 2020",SMS Alert Fee-24/01-23/02...,English,banking,authority,,,b7501a216513f30b,0.4431360041696565,0
Yesterday 4:36 PM,Illinois Department of Transportation (IDOT) Driver License Waiver Validation. Validate Your Details Below:,English,government,"authority,time/urgency",illinois department of transportation idot,tinyurl.com,40db70a3a1a3da3c,0.44316639596019053,0
29-04-2021 10:48,"ALAT Credit NGN1,000.00 Acct No:0246****47 Desc.: NIP:<NAMED_ENTITY>/ussd/IFT114413 Bal: 641.42",English,banking,authority,alat credit,,8f0e850aa1fe6038,0.443194116086114,0
18:03,"LLOYDS: A payment was attempted from a new device on 13/02 at 17:37PM. If this was not you, please visit: <URL>",English,banking,"authority,time/urgency",Lloyds Bank,,6022adcd4f537098,0.4432150908262286,0
Today 7:35 PM,"ROGERS WIRELESS INC.*** As you know, <DATE_TIME> there was a huge outage on our mobile services. To make up for our mistake, we are offering you a credit of $50.00 CAD. Sorry for the inconvenience. Get hold of it here :",English,telecom,"authority,distraction,need and greed",rogers wireless inc,,7012caff5e3b5777,0.4432325187101841,0
12:23,Dear SBI USER A/C will be blocked Update PANCARD for KYC verification login with <URL> here,English,banking,"authority,time/urgency",State Bank of India,,7888b86baf0b1bf7,0.4432507963195305,0
Today 18:19,Dear SBI USER A/C will be blocked Update PANCARD for KYC Verification login with <NAMED_ENTITY> here <URL>,English,banking,"authority,time/urgency",State Bank of India,,8685aef9d64a50fc,0.4432507963195305,0
12:09,EASYWEB TRUST Reply [ D ] to view details resolved.,English,banking,authority,easyweb trust,,e22b99271ee79b7d,0.443256836224297,0
50m ago,Action Required: Please view your overdue toll at <URL> ASAP.,English,others,time/urgency,,,2eef78548dfd837a,0.44336858613017577,0
10:29 am,Your JB Hi-Fi digital receipt is ready. Visit the link to get your receipt.,English,others,,jb hi-fi,,5f857956a6fe4509,0.44337281137506607,0
10:36 AM,"New login < <URL> > New account: Abtin816, psw: atn197808, current balance: 1,498,446.68U, please do not share this information with anyone",English,banking,"authority,dishonesty",web.yourtr3.com,,70d614621944d5a1,0.4433808156191893,0
15:10,"BINANCE: We have received a withdrawal request from an unknown IP address. If this was NOT you, please click here to cancel transaction: <URL>",English,banking,"authority,distraction,time/urgency",Binance,tinyurl.com,2ea7a646626e08fc,0.4434653162445616,0
Tuesday 21 February 2023 13:05,Vote the man that understands our suffering and will eradicate our pains. Find out who. Watch free of charge <URL>,English,others,"need and greed,time/urgency",,,a135aa54bed57735,0.44356144790590624,0
Today 11:42 AM,Dear CustomerYour HDFC Bank Credit Card Reward Point Worth Rs.5899 Will Expire <DATE_TIME>. Kindly Redeem Point In Cashback By Clicking On Link <URL>,English,banking,"authority,need and greed,time/urgency",HDFC Bank,bit.ly,9057e5c7cbd70f13,0.4436063009099811,0
"Today, 11:17","INR 65,000 is credited to you A/C No.<US_DRIVER_LICENSE> on <DATE_TIME> through NEFT <US_DRIVER_LICENSE>. Check your balance.",English,banking,"authority,distraction,need and greed",,,2145685a04d02ede,0.4437547019522615,0
2021-11-21,"You received an e-Transfer. Reply ""info"" for more details.",English,banking,"need and greed,time/urgency",,,5e8970770e1656c2,0.443780133872593,0
,before 9 Jan & receive an upgrade to <NAMED_ENTITY> in <DATE_TIME> for <DATE_TIME> at no extra cost! T&Cs apply,English,others,"need and greed,time/urgency",gotv,,51034e76ab3fb2a5,0.44379277613527385,0
08:30,You will need to re-submit material to finish your asset retrieving request. Please kindly reach to below link for the detail,English,others,"distraction,time/urgency",,,6e94c5cde664bc5a,0.44389738996992867,0
6 Nov,Dear SBI user your A/c will be closed <DATE_TIME>. Click here on the l...,English,banking,"authority,time/urgency",State Bank of India,,908bbdaee30f83a9,0.4440913783126491,0
4/19/22 13:07,INR 117.00 debited to HDFC Bank A/C No XXXXXXXXXXXX4790 towards BAJAJ FINANACE LIMITED with UMRN HD<MEDICAL_LICENSE>011252771,English,banking,authority," bajaj finanace limited,HDFC Bank",,2d3c63efc88106e0,0.44419043237941697,0
"24 Aug, 16:38",We have received your SBI Card Application. Pls give us <DATE_TIME> to process your <URL>. <US_BANK_NUMBER>. The <DATE_TIME> fee on SBI Card PRIME is INR 2999. You can track your application status online at <URL>.,English,banking,authority,State Bank of India,,79dc4c1c4be7f932,0.4444663726603384,0
"Monday, Aug 16, 2021 • 5:47 PM",adidas code: 3944. Valid for <DATE_TIME>.,English,others,time/urgency,adidas,,767dfdcc63a29d56,0.4444818909376774,0
Today 10:23,"FNB:) CS NGOBENI Sent <US_DRIVER_LICENSE>.00 At FNB ATM, press procedd, select ewallet services. Pin 72069 is valid for 16hrs if expired dial *120*277# for new pin",English,banking,"authority,time/urgency",fnb,,253e1be2a5cf546e,0.44450198892556886,0
15:13,HSBC: You have authorised a payment of £240.00 to Mr C Jones. If this was not...,English,banking,"authority,distraction",HSBC UK,,e22ebb9ecace148d,0.44456097668309635,0
03/11/2022 13:55,Package Label Has Been Damaged And Requires A Victims Personal And Financial Details To Confirm.,English,delivery,"distraction,need and greed",,,48610a498163ae24,0.4445900831469644,0
"Sun., Apr. 18 2:00 p.m.",hey <NAMED_ENTITY> order IPS is withheld in the duty center . Go to the web to find your product: <URL> evoQey,English,delivery,"distraction,time/urgency",,,4bb026779d6adae4,0.44465832750523077,0
"Fri, 20 Apr, 6:01 am",ALERT : You sent $150 to <EMAIL_ADDRESS> Transaction ID : 16G7741T90521A . To cancel click here : <URL>,English,others,"authority,distraction,time/urgency",kogan,,060ae2c52468e9ac,0.44472652068154644,0
"Thursday, 28 October 2021 15:35",Your card <DATE_TIME> **** is temporarily blocked. Unlock following the procedure at the following link:,English,banking,"distraction,time/urgency",,,4f63576224d58178,0.44491994728988127,0
11:16 PM,DHL : The delivery of your package <US_BANK_NUMBER> is currently blocked at the customs center. Please note the shipping costs. Visit :,English,delivery,"authority,time/urgency",DHL,,cfff4ea1529f37b9,0.44503983381201667,0
22:22,[TrustWallet] A withdrawal has been requested from an unknown device. If this was not you follow the steps here: <URL>,English,banking,"authority,time/urgency",trustwallet,,376216bf14eca7d1,0.44544185821723575,0
,"We are currently approving all sort of loans with low interest rates & flexible repayments. To apply, Pls contact us at: <EMAIL_ADDRESS>",English,banking,"authority,need and greed",prudent financial service,,c398a6e76557de97,0.44548279474025737,0
Today 9:13 am,"We are currently approving all sort of loans with low interest rates & flexible repayments. To apply, Pls contact us at:",English,banking,need and greed,,,cb5165613345da3a,0.44548279474025737,0
12:30 PM Today,"Rs.<US_DRIVER_LICENSE>, Account Transfer Is Approved For You, Complete Few Details To Get Money In Account. Easy Approvals, Click To Get <URL>",English,others,"need and greed,time/urgency",,,c1114d099319af98,0.4456886739090394,0
,Y'ello. You are buying airtime worth UGX 100 for <US_BANK_NUMBER> <US_PASSPORT> <US_BANK_NUMBER> at a fee of UGX 0.0. Enter PIN to confirm:,English,telecom,"authority,distraction",,,79b6b9594eb62dba,0.4458798532960995,0
"11:46 AM, Jan 22","A ONE-TIME PAYMENT OF $38700 OR AN ADDITIONAL $1400 PER WEEK IS AVAILABLE TO YOU THROUGH THE INTERNAL REVENUE SERVICE. The support is intended to assist in eradicating the pandemic's effects within <LOCATION> while also assisting disabled people, communities, and individuals in maintaining their standard of living. YOU ARE NOT REQUIRED TO PAY FOR IT OR PAY BACK. VISIT <URL> TO COMPLETE THE REQUIRED PROCEDURE",English,government,"authority,need and greed,time/urgency",internal revenue service,,c257f3a8977f29a5,0.4459742364577738,0
"Friday, August 14, 2020 9:30 AM",We've sent you a reminder regarding your item(lazada03) from our July-Draw(22/07).It's ready to be collected by you:,English,delivery,"authority,distraction,need and greed,time/urgency",lazada,,8567020cfebb72cf,0.44599596883549664,0
02/05/2023 at 16:12,On <DATE_TIME> at 16:12 you tried to add 'K Lauren' as a payee. Don't recognise this? Please visit:,English,banking,"authority,time/urgency",,,57b07e4b533e16a6,0.44601139095869663,0
Sun 12:27,Dear consumer your electricity Power willbe disconnected,English,others,"authority,time/urgency",,,3b5f4fd1ac363669,0.44602102974976154,0
"Friday, Today, 12:04 PM","It’s D-DAY, Sub-county school selection results are out! To get the results, send index number to short code <DATE_TIME>. This service costs Ksh 25 per SMS. Thank you",English,government,"authority,time/urgency",sub-county school,,4bd63e0bce396adf,0.44604572812958027,0
4:00 PM,"Your Apple-ID will be disabled for security reasons. to avoid it, You should see more details and follow the next steps at:<URL> MSG-ID:CSL9BQ",English,others,"authority,time/urgency",apple,bit.ly,03c5345e6ef7bae2,0.4462248103594443,0
"10:00am, 15th January 2019","Dear Applicant De Souza Direct hereby acknowledge receipt of your application online. May we take this opportunity to thank you for the time taken to send your application. We sincerely appreciate your interest in our organisation. We would like to invite you for an interview Date :<DATE_TIME> Time :10:00am Address :261 <NAMED_ENTITY>.Power Place Building(Opposite the small multichoice) Please come dressed in formal, bring a copy of your CV with certified documents and ask for Noeleen at the reception. For More Info Contact: <DATE_TIME>",English,others,authority,de souza direct,,ea893c3b9f613a9f,0.44628810170702166,0
,Total cost of <DATE_TIME> sent was 4.00 and new account balance is 4290.49.Dial *123*2*<DATE_TIME> to get 200% Bonus on all Recharge,English,telecom,"distraction,need and greed",,,21746dff0355bdf8,0.44642896653276426,0
14:22 Saturday 7 January,LTA: Your vehicle has an illegal bill in <DATE_TIME> and will be fined. Please check and complete the payment: <URL>,English,government,"authority,time/urgency",lta,,8e776688b4d1eac6,0.4464398199670267,0
Today 10:45,Your Sports Direct parcel is out for delivery. Delivery will be attempted <DATE_TIME>. Track & divert: <URL> Your Sports Direct parcel is out for delivery. Delivery will be attempted <DATE_TIME>. Track & divert: <URL>,English,delivery,"distraction,time/urgency",sports direct,,fe33f602e0ec3a50,0.44656182908287717,0
02/10/22 14:17:39,You Paid Rs.50 at <LOCATION> of PB03V3325 on <DATE_TIME> 14:17:39. <NAMED_ENTITY> Rs.989.68 Txn ID: FT222751466 <US_DRIVER_LICENSE>.#FirsTAGyourseatbelt,English,others,,,,5166807ce2e0a7a5,0.4465668160019532,0
"Monday, 27 June 2022",Hi <NAMED_ENTITY> confirm your credentials <DATE_TIME> otherwise your order will be returned to the sender,English,delivery,time/urgency,,,5d03d8d3f0e701a8,0.4466737159309704,0
Saturday • 11:42,Thank you for shopping with <NAMED_ENTITY> Do share your feedback and get a Rs 500 voucher. Ignore if already shared. Click <URL>,English,others,need and greed,hamleys,,a6a993d8713adc9d,0.4466875524321348,0
"Tuesday, 22 Dec 2020","Order for Cons No 2065 is registered with Ref No.2-<US_BANK_NUMBER>. Refill expected delivery:0 days. Pay online at <URL> Indane invoice generated for Rs. <URL>are DAC 8826 at delivery. Download elnvocie <URL> Dear , Your booking could not be created due to Refill order can not be created as open order already exists for the Consumer. Your cyl is delivered with invoice no. 5-<US_BANK_NUMBER>. Download elnvocie & give feedback <URL>",English,delivery,"authority,distraction,time/urgency",indane,,13eb0a39af740647,0.4468619124513463,0
Mon 11:04,"Dear Client, Action Required About Your (US-Postal) Package Delivery, Please Check Here",English,delivery,"authority,time/urgency",us-postal,,f03147e85e1e81f6,0.44688630036469534,0
12:18 pm,<US_DRIVER_LICENSE> is the One Time Password (OTP) for your Credit Card Application. Click on <URL> to enter the <NAMED_ENTITY> and complete your application. This OTP is usable only once and is valid for <DATE_TIME>. Pls do not share OTP with anyone. Ref No. <US_DRIVER_LICENSE> - IndusInd Bank,English,banking,"authority,time/urgency",indusind bank,,5f2cc7b897374695,0.44717265080738816,0
31-12-2019 12:48PM,Special Offer just for you! Pay for your <LOCATION> account before 9 Jan &,English,telecom,"distraction,time/urgency",gotv,,07fa859c941cc888,0.44727412445453507,0
Today 3:22 PM,SYSTEM FAILURE: (3) Extremely malicious files have accessed your data. Delete files NOW to keep your data,English,others,time/urgency,,,eb290bd0fd0c1b77,0.4472905950335127,0
18:14,<NAMED_ENTITY>: Did you just access your account from a new device or location? Let us know: <URL>,English,others,"authority,distraction,time/urgency",gmail,,1d1e4541454d1e31,0.44737952800360675,0
Today 12:09 PM,msg:usps your package not to be delivered on a scheduled we've a problem at your adress please check and update again your adress detail at : <LOCATION>,English,delivery,"authority,time/urgency",USPS,,f71cc6fdb4007111,0.4475420418384558,0
Today 15:17,"SANTAN-FRAUD: A transaction has been attempted on 27/06 at 15:07. If this was not you, proceed at: <URL>",English,banking,"authority,distraction,time/urgency",santan,,b9f3ce24740cadc4,0.447573531398028,0
Today 05:21,Hey!This is to remind you that your toll bill payment of $6.95 will be due by <DATE_TIME><URL> pay visit our website at <URL>,English,others,time/urgency,,,9839ae3eda902b3a,0.44761664240278154,0
12:18 PM,Here is your Winner ID: M52s239S857 Send a message to the delivery company they will guide you through the process.,English,delivery,"herd,need and greed",,,764fcaff2a81392f,0.4476818135749707,0
21/03 at 08:33,Your One Time Passcode (OTP) phone number has been changed on 21/03 at 08:33. Visit <URL> If this was NOT you.,English,banking,"authority,time/urgency",,,87d34dfdc4b94b1a,0.4476960947490414,0
"Friday, 9 September 1:09 pm","Please check as soon as possible, your courier is undeliverable. Please correct your correct shipping address. <URL>",English,delivery,"distraction,need and greed,time/urgency",,cutt.ly,b6e6bf42e5403d81,0.4477286431436241,0
,"ALDI is giving away $500 Free Voucher to everyone, To Celebrate it's 16th anniversary, Click here to get it.",English,others,"authority,need and greed,time/urgency",aldi,,f954087df4a30968,0.4477864382342451,0
02/08/2022 20:26,Review attempts made at <DATE_TIME>. <NAMED_ENTITY> Failure to review may lead to hold on account.,English,banking,"distraction,time/urgency",,,ed495ed3e2a9e26d,0.4479260795919092,0
"Thursday, 18 March 2021, 13:34PM","HSBC: A payment was attempted from a NEW DEVICE on 18/03 at 13:34PM. If this was NOT you, please visit: <URL>",English,banking,"authority,time/urgency",HSBC UK,,7922dbf4e845a1ea,0.44793046474611975,0
"Saturday, July 23, 2022 10:29 AM",(PayPal-Service : Account restricted. About your case check at <URL> ~),English,banking,"authority,time/urgency",PayPal,,f8c84d5f33ec4f32,0.4479428162549033,0
2021-12-02,C.R.A. - Your tax return is Now available. Proceed here :,English,government,authority,cra,,5a00da6b4077acaa,0.4480684255616683,0
17:45,LLOYDS: A new payee was set up on 20/02 at 17:40 from your A/C. If this was NOT you please proceed to <URL>,English,banking,"authority,time/urgency",Lloyds Bank,,c799d6d365fa9ea5,0.4481339825384604,0
Yesterday 20:45,"StandardB: A new device has been added successfully. If this was NOT you, please visit: <URL>",English,banking,"authority,distraction,time/urgency",standard bank,,43a2c263b4cf8a12,0.4482798840683333,0
Today 16:32,You received (1) new PH0T0 message:,English,others,time/urgency,,,eda638ef752ed33b,0.4483037725500637,0
Today 15:58,"PTSB: You have an outgoing payment of €179.99 to the online merchant ""Hickleys"". If this was not you please verify yourself at : <URL>",English,banking,"authority,distraction,time/urgency",ptsb,,13cd09d31b70a8a2,0.4483668671583235,0
15:05,"Standard Bank: We are aware that there were transactions debited on your account more than once. We have reversed those transactions and are in the process of reversing any related fees which will be completed by <DATE_TIME> at the latest. For the frustration this has caused, we sincerely apologise. Please follow us on @StandardBankZA for updates.",English,banking,"authority,distraction",standard bank,,f7c5e359e153992e,0.44845701882936956,0
"Monday, 10 October 2022","Thank you for registering with <NAMED_ENTITY>. Your Login details are as below, Login using your PC/ Laptop: URL: <URL> Username: JT202210101328817 Password: Please check your E-Mail for details. CAREER KORNER",English,others,authority,jobs bucket,,25457cde71ca2d21,0.4485279857168787,0
Today 20:21,"Your email address is no longer verified, to avoid restrictions, follow instructions at the following link: <URL>",English,banking,"authority,distraction,time/urgency",Monzo,,15ac6cd0a3ec70c4,0.44868237183615267,0
"Apr 19th, 2021","I found this property on marketpleace, is still available? http",English,wrong number,,,,ed6951e7e1037c41,0.4487472012868048,0
"Thursday, January 13, 2022, 7:04 PM","T---[I]Mobile / We're all ears, help us to improve the T-Mobile experience for you affiliation .software/agri euro /<US_DRIVER_LICENSE>-98571?url=https://lst <URL> u",English,telecom,"authority,distraction",T-Mobile,,a24a564ad41d27a7,0.4488305040476286,0
02-Jun-23 12:18 pm,Alert! Incoming services on Airtel No. [redacted] will stop on <DATE_TIME>. Recharge with your favorite Unlimited Pack <DATE_TIME> <URL> Ignore if recharged,English,telecom,"authority,time/urgency",Airtel,,9b3ec515a04949de,0.44884622514094885,0
"17:46, 8 October 2021","Dear Customer Mr./Ms. FLKT urgently recruits Part-job. <NAMED_ENTITY> <DATE_TIME> salary about 10,000 rs. <DATE_TIME> and above. Accept WA job: <URL>",English,others,need and greed,,wa.me,1564632914f31e51,0.44887514386032334,0
12:42 PM,IRS:-Your Tax return was rejected by the IRS. kindly fix this by follow https:// <URL>ine now,English,government,"authority,time/urgency",IRS,,11e624ac0727cfc1,0.4491571509232371,0
Today 22:00,Alert! ScotiaBank Account temporarily suspended: <URL>,English,banking,"authority,time/urgency",scotiabank,,47845bda0f868625,0.44917708007410156,0
8:44 a.m.,Beware of misleading calls reg. deletion from Voter List. Check ur name <DATE_TIME> or send SMS <EPIC> SPACE EPIC No. to <PHONE_NUMBER>. To enrol visit <URL>.,English,government,"authority,distraction,time/urgency",,,b8d640a9884f0459,0.44924570834867833,0
19:51,register your account first then screenshot if done,English,others,distraction,,,bf4e0771749528d0,0.4492908672709797,0
Today 2:49 am,LinKt reminder: You have an unpaid toll bill $6.95. Please pay on <URL>,English,others,time/urgency,,,a1639fa207d2cb7b,0.44931442896883866,0
"12:45 PM, Saturday, September 23",The USPS package has arrived at the warehouse and cannot be delivered due to incomplete address information. Please confirm your address in the link. <URL>op The USPS team wishes you a great day!,English,delivery,"authority,distraction,time/urgency",USPS,,5d936739b231fb04,0.4493215905037869,0
"Oct 8, 11:48","Hi! Your current Airtel plan on valid from <DATE_TIME> . So that you continue to enjoy Airtel Services, we are upgrading you to Rs.199 Unlimited calling plan. You also get 10<LOCATION> data & 100 SMS/day . To choose any other plan, click <URL>",English,telecom,"authority,distraction,time/urgency",Airtel,,6acd869237d7b376,0.4493806144381576,0
"Oct 8, 11:48","Hi! Your current Airtel plan on valid from <DATE_TIME>. So that you continue to enjoy Airtel Services, we are upgrading you to Rs.199 Unlimited calling plan. You also get 10<LOCATION> data & 100 SMS/day. To choose any other plan, click <URL>",English,telecom,"authority,distraction,need and greed",Airtel,,f0bee7641c656a5e,0.4493806144381576,0
03/11 19:37PM,"HALIFAX: A payment was attempted from a NEW DEVICE on <DATE_TIME> at 19:37PM. If this was NOT you, please visit: <URL>",English,banking,"authority,distraction,time/urgency",halifax,,7f474960be90fc59,0.4494079638337258,0
07:25 PM 04 Jun 2023,Money Paid ₹1599 Rupees One Thousand Five Hundred Ninety Nine Only To Flipkart From Pradeep Prasad Paytm Wallet Closing Balance: ₹145 Order ID: PZT23060419252FWPZ01 Wallet Ref No: <US_BANK_NUMBER>,English,others,authority,flipkart,,f9a8b44f875371b8,0.4495550635673676,0
"Mar 10, Tuesday 14:18","Your 2ND place C U R R Y PC World reward is still waiting, <NAMED_ENTITY>. Collect within <DATE_TIME>: <URL>",English,others,"authority,time/urgency",c u r r y pc world,,9cdfc01401470e11,0.4496000947035679,0
10:33 PM,"Direct Deposit $1,000.00",English,others,need and greed,,,753f6c0a61d92a71,0.4496093414396854,0
"Thursday, Jun 23 • 1:45 PM",Tap link to register for Wi-Fi calling:<URL>,English,telecom,authority,tracfone,,e7a4224574523f7b,0.4496365849143806,0
Mon 1/23/2023 2:41 PM,Please send me your mobile number right away.,English,wrong number,,,,11299d96b84ad3ca,0.449697193750834,0
Today 00:32,"GOV-UK: Due to the Energy Bill Support Scheme, you are owed £400 under the discounted energy bill. You can apply here: <URL>",English,government,"authority,need and greed,time/urgency",gov-uk,,2975687ccbecce0c,0.4497086853421251,0
Yesterday • 7:25 PM,"Deposit at least <NRP> on <LOCATION> and win 10,000 SHIB. The offer is valid till <DATE_TIME>. You can use this link to enter: <URL>",English,banking,"need and greed,time/urgency",bundle,bit.ly,7e8aa8cdf1ec6d7e,0.44974361982695965,0
"Aug 10, 4:07 PM",<NAMED_ENTITY> rider <PHONE_NUMBER> PIN 4570 will deliver your AJIO order AWB SF284967396AJI <DATE_TIME>. Attempt code 2288 Visit <URL>,English,delivery,"authority,time/urgency",shadowfax,,08127566462e005b,0.4497795723093666,0
"Aug 13, 11:33 AM",<NAMED_ENTITY> rider <PHONE_NUMBER> PIN 4107 will deliver your AJIO order AWB SF284967396AJI <DATE_TIME>. Attempt code 2565 Visit <URL>,English,delivery,"authority,distraction,time/urgency",Jio,,4822f1803efcb4d2,0.4497795723093666,0
11:52 AM,Hi this is DoorDash connecting you to your <NAMED_ENTITY> for updates about your order. I'm at the gate Open it,English,others,authority,doordash,,4d2c4579788ec0ac,0.44981656266843134,0
"Thursday, 3 September, 2020 12:11",Congratulations! We are upgrading your current JioFiber plan with UNLIMITED INTERNET @ 300 Mbps (download speed = upload speed) on 5th Sep. <NAMED_ENTITY>,English,telecom,"authority,need and greed",Jio,,377c740d66d407e7,0.4498269594978901,0
3:54 am,MEDICARE: We have been notified you have been in close contact with a confirmed Omicron case. You must book a PCR test kit: <URL>,English,government,"authority,time/urgency",medicare,,a82b64c3d09669f4,0.4498732543741801,0
19 November 2020 15:42,"LLOYDS BANK: You have successfully paired a NEW DEVICE on 19/11 at 15:35PM. If this was NOT you, visit:",English,banking,"authority,distraction,time/urgency",Lloyds Bank,,ed843d97b13b56f6,0.4499670992480116,0
"23 Apr, 12:24 pm",MSEDC Mahavitartan Bill Due! Your bill of Rs.530 is due soon. Pay instantly with PhonePe <URL> .Please ignore if already paid.,English,others,"authority,time/urgency","PhonePe,msedc mahavitartan",,fe8901003994d8de,0.4499918231914891,0
"Friday, Apr 30,  9:07 PM","Amazon: Congratulations <NAMED_ENTITY>, you came 2nd in <DATE_TIME>'s Amazon pods raffle! Follow this link to :",English,delivery,"need and greed,time/urgency",Amazon,,0bd3522644fd1cdf,0.45003351937116615,0
Today 7:41 AM,Your account got suspended. Log in to unblock it.,English,others,"distraction,time/urgency",,,da4b1e37fd0e1a6a,0.450051403094617,0
Today 6:02 pm,Election called! Join World Animal Protection and ask <DATE_TIME> to ban live animal exports <URL> uns Petition SMS reply STOP,English,others,need and greed,world animal protection,bit.ly,8ea1ff8432c3695d,0.450059447380904,0
2:28 PM,You are just a step away from getting an instant ICICI Bank Credit Card. Generate your Credit Card by using Debit Card credentials at <URL> ?<NAMED_ENTITY>=ADP02864518 . T&C apply.,English,banking,"authority,time/urgency",ICICI Bank,,f340c9faa6683de7,0.45010642223442227,0
"Today, 9:50 AM",We've been trying to get in touch with you as requested but were unable to reach you. You can always call us on our toll free number <PHONE_NUMBER> for further assistance.,English,others,distraction,,,d03c25d6565065d1,0.4501175913816232,0
Today 11:14,Your vehicle has entered within the ULEZ charge zone. Please pay the charge by visit: <LOCATION>,English,others,"authority,time/urgency",,cutt.ly,7caeb822a3231bc7,0.450322436340257,0
16-Dec-21 00:02,"90% <DATE_TIME> data quota used as on <DATE_TIME> 00:02. <NAMED_ENTITY> Number : 81XXXXXXXX. For tips on how to manage data quota effectively, click <URL> If you do not have any other data plan, your internet speed will be reduced on consumption of 1.50 GB. To continue enjoying high speed internet, click <URL> and recharge. Dial <DATE_TIME>, to know your current balance, validity, plan details and for exciting recharge plans.",English,telecom,"authority,time/urgency",Jio,,9c7dbd6786a051ad,0.4504261040423035,0
"Aug 24, 2022 at 7:08 PM","National Retail Federation® is hiring individuals to conduct surveys across ANY of the following retail outlets in the <LOCATION>: CVS, PUBLIX, HOME DEPOT, WALMART, KROGER and BEST BUY. Each task requires <DATE_TIME> at any of these stores to shop, evaluate and post your survey report. Pay is $400/ assignment. Follow the link below for more info & registration",English,others,"authority,need and greed",national retail federation,,8a3b4e14c72aa61e,0.45046338806528524,0
"Tue, Nov 29, 6:42 AM",Your package cannot be delivered due to incorrect house number. Please fill in the correct address online for re-deliver: <URL>,English,delivery,"authority,distraction,time/urgency",,,191aacd9f4fefd5f,0.45049782003136396,0
Today 3:46 pm,"The account is locked, log in to the account for verificacion.",English,others,"distraction,need and greed,time/urgency",,,544c78dfc3283608,0.4505597286989389,0
11:47,"The account is locked, log in to the account for verivication.",English,others,"distraction,time/urgency",,,b5539de473a1334f,0.4505597286989389,0
"Fri, Mar 31 at 8:51 AM","(Someone sign in to your account form <LOCATION>,<LOCATION>. Tap to respond <URL>troubleamzcustomer.u/?<US_DRIVER_LICENSE> ~) 79F6O",English,others,"authority,time/urgency",,,6772dc6484b52667,0.4506380785845373,0
Yesterday 08:54,"Hi, my name is <NAMED_ENTITY> from KT Constr: & Projects. Can you provide us with catering for 60 People on the 16th/<DATE_TIME> our Menu: 30 X Beef stew and rice, 30 X Chicken stew and rice, 2 X Salads 2 X Veggies, 60 X Still water 500ml, 60 X 100% Pure fruit 60 X Assorted soft drinks, and the event will be in <LOCATION> . Send Quotation to <EMAIL_ADDRESS>. Fax: <PHONE_NUMBER>, It will be our pleasure to have your service. Call <NAMED_ENTITY> thank you.",English,others,authority,kt constr: & projects,,8f9afe74033a90da,0.4508407417385217,0
Today 2:36 PM,"Automatic Message - #9V0CJ Frm : IRS Government MSG : IR-2018-616, <DATE_TIME> - Many taxpayers, at risk for having too little tax withheld from their pay, can avoid a surprise <DATE_TIME> tax bill by quickly updating the withholding from they give to their employer, according to the IRS Please get your tax return Transcript Copyright <DATE_TIME> IRS Team. All Rights Reserved.",English,government,"authority,time/urgency",IRS,qrcc.me,9cd8b9fe4b580cb9,0.4508774393586413,0
Today 11:38 AM,Dear user your electriCity power will be disconnected <DATE_TIME>:pm reason <DATE_TIME> bill was not update contact electri'city office no <UK_NHS>,English,others,time/urgency,,,07019d5748a8d795,0.45097520774193944,0
Today 18:11,All your transactions are suspended. You must confirm your device immediately. Follow <URL>,English,banking,"authority,time/urgency",posb,,bafd0b430bc8f3d5,0.45109407928088674,0
Today 18:11,"All your transactions are suspended. You must confirm your device immediately. Follow <URL>"",",English,banking,"authority,time/urgency",dbs,,ae07850bfee630ea,0.45109407928088674,0
Yesterday 12:37,Update! INR 139.00 deposited in HDFC Bank A/c <US_DRIVER_LICENSE> on <DATE_TIME> for Credit Interest Capitalised.Avl bal INR 16729.13. Cheque deposits in A/C are subject to clearing,English,banking,authority,HDFC Bank,,f4e7413fc25363a6,0.4512495010920673,0
21:01,"i kidnap your daughter . if you want your daughter safe . bank in $<US_DRIVER_LICENSE> to my account now . if you report police, i will rape your dauhter .",English,others,"distraction,time/urgency",,,f1c84d1e62ca5640,0.45133176694149957,0
"5:21 PM, Jan 14","IRS: Your account is missing some info that we need to comply with financial regulations , login at <URL> With idme to keep your account activated The mission of the IRS is to help <NRP> taxpayers understand and meet their tax obligations and to provide them with the highest quality service.",English,government,"authority,time/urgency",IRS,,5a14488b088ff54f,0.4513382871428636,0
11:14 am,"IMPORTANT!!! Dear customer, The #NotAScam Sale is going live soon. Click on the link below and get boAt products at just Rs. 99. <URL>",English,others,"distraction,need and greed,time/urgency",boat,bit.ly,b7bdfe223585c8f9,0.4514592191794691,0
Today 20:22,*NAB ALERT* Your NAB acces S will be locked if you do not A uthorise your device. To restore:,English,banking,"authority,time/urgency",nab,,4e2ab5be722c8e40,0.4515368510464982,0
2023-03-23T17:31:00,Repair <URL> for your car is JC22001162 opened on 23/MAR/2023 17:22hrsETD of your car is 23/MAR/2023 17:30hrs and <URL> amt is <URL> download MSR App please click <URL> RgdsMAYUR MOTORS,English,others,,mayur motors,,2748a36bbbb4362f,0.4516632305559887,0
"Monday, 27 September 2021 18:24","Hi 93362XXXXXX,Now open a Zero Balance Savings account with no maintenance fees from your home. Open 811 A/C now: <URL> .T&C -KotakBank",English,banking,"authority,distraction,need and greed,time/urgency",Kotak Mahindra Bank,,6efd48b475521f64,0.4517050537074909,0
20:53,"(OCBC) Someone has logged in to your account remotely, If it is not the person, please deal with it immediately",English,banking,"authority,distraction,time/urgency",ocbc,bit.ly,e7bfd7babb5939a7,0.4517613213541685,0
"Today, 11:11 AM",Thank you for submitting your documents. Your Flipkart Axis Bank credit card application is being processed. We will inform you of the status shortly!,English,banking,authority,Axis Bank,,dbcfca24f65dce4c,0.45177245371345426,0
22:47,"Important message! In order to complete the delivery as soon as possible, please confirm the payment. (6,38 QAR) The online confirmation must be sent within <DATE_TIME> before it expires.",English,delivery,time/urgency,,,28eae7744afaa402,0.45178328173525734,0
"Monday, December 28th, 2020",SMS Alert Fee-24/11-<DATE_TIME>,English,others,,,,d99ecf2f73f8349d,0.45182650015533393,0
Today 7:21 pm,Hello U want to see my nudes?😻 Please follow to link. Register on the web site Then confirm your e-mail. Send me screenshot and i take my nudes or my number for videocall CLICK HERE TO SEE PRIVATE VIDEO Click and send to watch my sexy videos free ;),English,others,"distraction,need and greed",,,148737ecb97dfc0a,0.4518995391171724,0
Yesterday - 11:42,"#<NRP> Hi, Just checking in. Please update us on your employment status by clicking the link below and answering the questions.",English,others,"distraction,time/urgency",harambee,,023500af7e063af8,0.45190978123805636,0
Today 12:13 PM,Please enter this One Time PIN to log onto your Safaricom World account. DO NOT SHARE THIS PIN.,English,telecom,"authority,time/urgency",safaricom,,a002c29b07f668da,0.45208927775584756,0
22 November 10:28,Please enter this One Time PIN: **** to log onto your Safaricom World account. DO NOT SHARE THIS PIN.,English,telecom,"authority,time/urgency",safaricom,,31ee530af0b1bf38,0.45208927775584756,0
7:49 p.m.,This matter requires your immediate attention/response. <NAMED_ENTITY> me Via ( <EMAIL_ADDRESS> ) It's urgent please.,English,others,time/urgency,,,19b39fcc118c67cd,0.4522281671927467,0
"Saturday, 17 October 2020",Dear Candidate Your profile is match in our company for a job. To Download Interview Letter Click Here- <URL> Thanks TATA,English,others,"authority,need and greed,time/urgency",tata,,f928e5942cf51d98,0.452334942415734,0
13:09,Here is your OTP <US_DRIVER_LICENSE>. Use it to confirm 979.99AUD to Becker LTD. If you do not recognise this Contact us via: <PHONE_NUMBER> ASAP.,English,banking,"authority,time/urgency",becker ltd,,e0293fbf4b96f25b,0.4524340423347164,0
Friday 7:07 AM,"Your account is late on a payment and you will lose power to your home if you do not take action. To pay your bill, go to <URL>",English,others,"distraction,time/urgency",,,e71faa4fe6b4a1e2,0.4527160180854155,0
7:24 PM,"Coinbase: A withdrawal has been requested from an unknown IP address. If this was not you, follow the steps here: <URL>",English,banking,"authority,distraction,time/urgency",Coinbase,bit.ly,ce93223eaff542c4,0.45289137358391873,0
Today 19:57,"BINANCE: A withdrawal has been requested from an unknown IP address. If this was not you, follow the steps here: <URL>",English,banking,"authority,time/urgency",Binance,,c1d478873dc7cdf1,0.45289137358391873,0
Today 23:27,"[BINANCE] A withdrawal has been requested from an unknown IP address. If this was not you, follow the steps here: <URL>",English,banking,"authority,distraction,time/urgency",Binance,,25e7d9538a60ba81,0.45289137358391873,0
Today 4:11 pm,"[Binance]A withdrawal has been requested from an unknown IP address. If this was not you, follow the steps here: <URL>",English,banking,"authority,time/urgency",Binance,,3476101b31b3f6f8,0.45289137358391873,0
,[BINANCE] A withdrawal has been requested from an unknown IP address. If this was not you follow the steps here: <URL>,English,banking,"distraction,time/urgency",Binance,,085b564b82998ab3,0.45289137358391873,0
Today 4:11 pm,"A withdrawal has been requested from an unknown IP address. If this was not you, follow the steps here: <URL>",English,banking,"authority,distraction,time/urgency",Binance,,f2c4e0b85ec8b883,0.45289137358391873,0
"Tuesday, 30 March 2021","A transfer of 1000 euros has been set up, this will be processed within <DATE_TIME>. IF YOU DID NOT MAKE THIS TRANSACTION continue to: <URL>",English,banking,"distraction,need and greed,time/urgency",,,8f6dc6a49fa79acf,0.4529096668914243,0
Today 4:59 PM,e-transfers: You have 132.99CAD that has not yet been deposited. Unclaimed e-transfers can result in a ban from our services since they have to be manually resent by Interac. <URL> .Fees may apply.,English,banking,"authority,need and greed,time/urgency",interac,,1f59053cf5964a32,0.45300797824566263,0
27/05/2022 21:19,"Evri: Our driver <NAMED_ENTITY> attempted to deliver your package <DATE_TIME>, but was unsuccessful. To arrange a redelivery, please visit: <URL>",English,delivery,"authority,time/urgency",evri,,66c83b4f4aa4a037,0.45311238995827935,0
"Thursday, 22 September 15:47",Your HSRP for vehicle number OD14M8600 is delivered at dealer point. Please bring your vehicle at Dealer Fitment point on your fitment date. Thanks for using Real Mazon,English,others,distraction,real mazon,,3714877c8358466e,0.45313328085052135,0
"Sunday, 15 March 2020 15:00",<DATE_TIME> is your Facebook login code.,English,others,authority,facebook,,7bf9bd59f6f09a0d,0.4531794563930657,0
1:18 PM,"Now you need to sign up for an account first. 60Rs will be rewarded after successful registration. Then use that account to work part-time at the mall. Part-time wages and commissions will be sent to this account. You can withdraw funds to UPI or a bank account at any time. Store account registration link : <URL> Invitation code (required): <US_DRIVER_LICENSE> After registration is complete, please send me a screenshot of your username. I will apply for a part-time job for you.",English,others,"authority,need and greed,time/urgency",,,0b5ee3c7ff168f09,0.4532379051174305,0
2:19 PM,This is a Final Reminder That We Have Not yet Received a Payment For Electricity Bill. Power Disconnected Today For More Information Call <UK_NHS> -VIJAYS,English,others,"distraction,time/urgency",,,c7226a0f0d481c34,0.45347212118630525,0
Yesterday 20:19,"Netflix: <NAMED_ENTITY>, your Netflix subscription is expiring. Renew <DATE_TIME> for just $1 <URL>",English,others,"need and greed,time/urgency",Netflix,,063f49671766d321,0.4535093904239355,0
"Tuesday, today","HSBC: Confirmation of new payee added from mobile banking on 18/08. If you DON'T recognise this, visit: <URL>",English,banking,"authority,time/urgency",HSBC UK,,9640faf47f6d63bb,0.4535918110952539,0
Tuesday,Your order is / already on the way to you! https://piff.e-...,English,delivery,time/urgency,,,cf7a005c0f8e9072,0.4537772617793378,0
Today 4:39 p.m.,"There has been a login attempted from a new device. If this was not you, follow the steps here: <URL> There has been a login attempted from a new device. If this was not you, follow the steps here: <URL> There has been a login attempted from a new device. If this was not you, follow the steps here: <URL>",English,banking,"distraction,time/urgency",bank of ireland,,84c119e02e941a0e,0.4537777160230323,0
"February 16, 2018 23:03",This is a Notification for your PC MasterCard: <URL>,English,banking,authority,pc mastercard,bit.ly,b93f477114816605,0.45383596923341724,0
,Dear Consumer Your Electricity Power Will Be Disconnected. at Tonight 07:00Pm from Electricity Office cause of low Mobile Bill Was not Updated And Update You With Our Electricity Officer Thank You...,English,others,"authority,time/urgency",electricity office,,ba2b12cad3d21a13,0.4538576268736569,0
10:52,<US_DRIVER_LICENSE> recharged! Your Roaming 695 pack is now active valid for <DATE_TIME>. Visit <URL> to know pack benefits in your country of travel.,English,telecom,authority,,bit.ly,c21b30751ff6169e,0.4541192410705914,0
09:27,"Royal Mail: Your Package Has A £2.99 Unpaid Shipping Fee, To Pay This Now Please Visit <URL> If You Do Not Pay This Your Package Will Be Returned To Sender",English,delivery,"authority,distraction,time/urgency",royal mail,,a6a20ef1c55b7f81,0.45412215092525077,0
1:55,"Hi, <NAMED_ENTITY> Your automatic payment to Xfinity has success-fully processed. You're good to go! Thanks for your payment. To review your bill and payment details, or to sign up for paperless billing, you can go here: <URL> TxtHelpOrStop Msg&DataRatesMayAp-ply",English,telecom,authority,xfinity,,6e8013d341d6f20f,0.4543126099227775,0
Today 08:52,HSBC: A New Payee request was created from an unrecognised device. Please Verify or Cancel this request via:,English,banking,"authority,distraction,time/urgency",HSBC UK,,855c873b003000b1,0.4543472178416925,0
17:57,<NAMED_ENTITY>: Your friend added to their Story! Tap to view: <URL> To unsubscribe: <URL>,English,others,,snapchat,,db66ef71e8b29a0d,0.45452186191356586,0
"12:11 PM, 02:01 PM","Hi, Your account can be credited with Rs.76282/- on successful verification",English,banking,"authority,need and greed",,bit.ly,9e9576bd4e05a1db,0.45459108568322626,0
"Today, 12:02 PM","Hi, Your account can be credited with Rs.76244/- on successful verification",English,banking,"distraction,need and greed",,bit.ly,e5ef4b914cb5cf3f,0.45459108568322626,0
2023-03-13 20:27:16,Toll Paid Rs. 40 At: Nashik Sinner Tollways Limited On: <DATE_TIME> 20:27:16 Vehicle No: MH14T50557 Via HDFC Bank NETC FASTag <NAMED_ENTITY>: Rs 180.5 Reload via <NAMED_ENTITY>: <URL> #FirsTAGyourseatbelt,English,others,,HDFC Bank,,421ecf371430186d,0.4546280415013164,0
2023-03-13 20:27:16,Toll Paid Rs. 40 At: Nashik Sinner Tollways Limited On: <DATE_TIME> 20:27:16 Vehicle No: MH14 ET 5057 Via HDFC Bank NETC FASTag <NAMED_ENTITY>: Rs 180.5 Reload via <NAMED_ENTITY>: <URL> #FirsTAGyourseatbelt,English,others,,HDFC Bank,,7f4a149ce4f9cb34,0.4546280415013164,0
10:44 PM,Your account got suspend-ed. Log in to verify it. <URL>,English,banking,"authority,time/urgency",nab,,f1a071d157c130b4,0.4547267431526629,0
23/10/2021,"Hi ABHISHEK, Your order <DATE_TIME> is now out for delivery and will be delivered by <DATE_TIME>. You can track your order here: <URL> Thank you, Decathlon Sports India",English,delivery,time/urgency,decathlon sports india,,f93e2e1197c893f0,0.45479115440250645,0
7:15 PM,NOTICE!! <NAMED_ENTITY> from <DATE_TIME><DATE_TIME>) <DATE_TIME> all rent payments are paid to our mpesa Till number account below TILL: <US_DRIVER_LICENSE> NAME: <NAMED_ENTITY> Agencies Cash or any other mode of payment will not be accepted. Kindly comply and pay as soon as possible Regards Management.,English,others,"authority,time/urgency",grandsky agencies,,02dcc4a941a9f557,0.45481504899975755,0
20 April 2020 20:06,"From giffgaff: To keep your giffgaff services running, sign in below and follow the steps immediately.",English,telecom,"authority,time/urgency",giffgaff,,a368bcbb1920b900,0.45485926461153486,0
"9:38 PM, Wednesday, June 14, 2023","<NAMED_ENTITY> here! NEVER share this code via call/text. ONLY YOU should enter the code. BEWARE: If someone asks for the code, it's a scam. Code: Sign-in Detected ! Location : Near , <LOCATION> (CA) US -iPhone. <DATE_TIME>, <DATE_TIME>, <DATE_TIME> Not you? Tap the link to sign-in now !",English,banking,"authority,time/urgency",venmo,,bc1be6abe6ef47e3,0.4549084762804376,0
Yesterday 12:20,<#> SECURITY WARNING. PLEASE DON'T SHARE. Your MTN App log in <NAMED_ENTITY> is :8173; MTN is not liable for incidents that result from sharing your <NAMED_ENTITY>.,English,telecom,"authority,distraction,time/urgency",MTN,,b7a7f2db51f89ebe,0.4549225549880826,0
02/03/2022 09:57 PM,You have received U,English,others,,,,98754392e9645aa8,0.4549890829139285,0
19-10 10:32 PM,Your <NAMED_ENTITY> to escalate your interaction is <US_DRIVER_LICENSE>. This password is valid for one transaction or 30 mins whichever is earlier. Do not share it with anyone.,English,others,time/urgency,,,9cb7e3d87764635b,0.45499591793351996,0
,"Due to the face verification update, you must complete a face scan verification or Singpass will be deactivated:",English,government,"authority,distraction,time/urgency",singpass,,6228b69cbc8b40c9,0.4550234362619334,0
Today 13:10,"Delivery Due- Please pay specified amount to release your package <URL> If not completed, package may be returned.",English,delivery,time/urgency,unspecified,,e14345095ba799d9,0.45528477163601827,0
02-04-2022 01:41,GeNS Transaction Alert [Debit: NGN 332.00],English,banking,authority,gens,,a4f11513ae07f195,0.4553162853354933,0
02-04-2022 01:41,GeNS Transaction Alert [Debit: NGN 320.00],English,banking,"authority,distraction",,,45526502926db2c2,0.4553162853354933,0
Today 18:56,"WELLS FARGO: A transaction of $1178.89 at WALMART#928 in <LOCATION> CA on debit 4**** reference-(<US_DRIVER_LICENSE>) Reply ""YES"" to approve Not you? reply ""CANCEL"" and follow the link to cancel",English,banking,"authority,time/urgency",wells fargo,,82e7557363e7bb87,0.455322702945116,0
Today 10:34 AM,"You have an item that was blocked due to unpaid duty, please pay as soon as possible.",English,delivery,time/urgency,,,a4ccd6ecbe1fbaa2,0.45539320780655573,0
Friday 02:20,UPS: <US_DRIVER_LICENSE> is subject to customs duties. Please visit <URL> to arrange for return shipment.,English,delivery,"authority,time/urgency",UPS,,eb9f3b5e070b2d32,0.455513005378118,0
"Wednesday, April 27, 2022, 5:36 PM","Did you attempt a purchase of $200.00 at SHELL*. Access Card 4724** restricted. Reply N to protect you card if it wasn't you. Otherwise, no further action is required. TD ALERT",English,banking,"authority,distraction,time/urgency",td,,e0efb33476850e79,0.45555390480500785,0
Today 8:26 AM,Rs 255.0 spent on card ending 5109 at FUEL JUNCTION on <DATE_TIME> towards fuel. Expect a refund of Rs 1.91 shortly.,English,banking,"authority,distraction,time/urgency",fuel junction,,214b6463b7fad13b,0.4556025288467374,0
Thursday 26 January 14:25,Dear <NAMED_ENTITY> Your office Return has yet to be filed and needs it urgent attention. Respond <URL> with work email to act as stated on the Page.,English,government,"authority,time/urgency",taxpayer,t.ly,593793f26c834bb3,0.45560435446574893,0
Today 11:45,Contact me on this email (<EMAIL_ADDRESS>) for an urgent matter on donation,English,others,time/urgency,,,172c19df63c42407,0.4556575572127516,0
Today 11:06 am,"The account has been deactivated, please update the information in time and reactivate it so as not to affect normal travel. <URL>",English,others,"distraction,time/urgency",,bit.ly,93fd73deda27eb58,0.4557242839473369,0
2 min,"UPS - We cannot deliver your package due to incomplete house number, please modify the address information in time.",English,delivery,"authority,distraction,time/urgency",UPS,,5a65f021f581ed7f,0.45582247798843084,0
"Tuesday, 25 May 2021 16:08","HSBC: A payment was attempted from a NEW DEVICE on 25/05 at 16:08. If this was NOT you, please visit: <URL>",English,banking,"authority,distraction,time/urgency",HSBC UK,,af1e08d4d73a654e,0.45587179194997995,0
"Mar 25th, 2021",FB Company #The facebook page you are managing has been reported. #For more info,English,others,"authority,time/urgency",facebook,bit.ly,692806c2bd318274,0.45609843956166196,0
10. Apr,The delivery of your package <DATE_TIME> is currently blocked at the customs center. Please no...,English,delivery,time/urgency,,,0f2c527c1ca12739,0.45614923335034435,0
07/04/2023 10:02:02 12/04/2023 09:21:15 12/04/2023 21:14 12/04/2023 10:24:28,['Article No:LI366390812IN (Inland Speed Post) has been booked on <DATE_TIME>. Track your Article @ <URL>' 'Article No:LI366390809IN received @ <NAMED_ENTITY> H.O on <DATE_TIME> 09:21:15. Track @ <URL>' 'Article No:LI366390812IN received @ <NAMED_ENTITY> H.O on <DATE_TIME> 09:21:15. Track @ <URL>' 'Article No:LI366390809IN despatched to Tidiasar B.O on <DATE_TIME>. Track @ <URL>'],English,delivery,"authority,time/urgency",india post,,555362e51c445ed1,0.45621376719890433,0
"Today, 12:22","Congratulation! Nykaa Fashion Private Limited, You've Won PtmCashback reward Rs.496, Click Now and Withdraw it.",English,others,"authority,need and greed",nykaa fashion private limited,,9aa610019e3ab6c6,0.45649084751982044,0
Monday May 15  6:01 PM,Congratulations! Your ICICI Pru GIFT Long Term policy no. <US_DRIVER_LICENSE> is Issued and your Insurance Cover has Started. To view details click <URL> and enter the first four letters of your name in caps and date of birth in dd/<NAMED_ENTITY> format. For e.g. If your name is GAUTAM.M and your date of birth is 22June your password will be gaut2206,English,others,authority,ICICI Bank,,cfc3f8d8037c72b3,0.45653462851445065,0
Monday May 15 • 6:01 PM,Congratulations! Your ICICI Pru GIFT Long Term policy no. <US_DRIVER_LICENSE> is Issued and your Insurance Cover has Started. To view details click <URL> and enter the first four letters of your name in caps and date of birth in dd/<NAMED_ENTITY> format. For e.g. If your name is GAUTAM.M and your date of birth is 22June your password will be gaut2206.,English,others,authority,ICICI Bank,,b77c87f78ab48511,0.45653462851445065,0
12:02 PM,IRS : We have a question about your tax return. So we need to verify your identity and other information. Click the link to continue.,English,government,"authority,time/urgency",IRS,bit.ly,01d67f6e17a607b5,0.4565803916649528,0
Monday 2:49 PM,Your temporary CSUN Password: Your temporary CSUN Password is: 23fqau&aqa,English,others,,,,ec9b322ff4771aeb,0.4565937412006279,0
"Saturday, 19 August, 12:16","Let's chat on WhatsApp! It's a fast, simple, and secure app we can use to message and call each other for free. Get it at <URL>",English,others,"authority,distraction",whatsapp,,3de4ddbd02f704ba,0.4566086909740627,0
17-Feb-2019 08:58 PM,"HSBC Fraud Alert: Possible unauthorised transactions on card ending ***139.99GBP 21THREE CLOTHING COMPA. If you made all transactions reply Y, otherwise reply N.",English,banking,"authority,distraction,time/urgency",HSBC UK,,9d3c11235a0d20f1,0.4566962549961935,0
Tuesday 21 February 14:44,Dear SBI USER A/C will be blocked <DATE_TIME> Update PANCARD for KYC Verify login <NAMED_ENTITY>. <URL><NAMED_ENTITY> Click <URL>,English,banking,"authority,time/urgency",State Bank of India,,15624bc8fbed15be,0.4568029475613442,0
"Tuesday, 15 June 2021 10:01am-12:01pm; Saturday, 2 April 2022 3:13 pm","Your parcel from ...' is coming <DATE_TIME>, between 10:01am-12:01pm. If nobody's home, we'll look for a safe place to leave it. More info: <URL> Auspost: You have a parcel that has not been collected for <DATE_TIME>, to re-deliver it, $1.99 is required. More details: <URL>",English,delivery,"authority,distraction,time/urgency",auspost,,2ea0335f60a1f78b,0.4569261951980815,0
6-2 11:26,"From Mrs Charity,I want to transfer my fund $13.5m USD to you on charity name to help poor people in your country <LOCATION>, Contact me here:<EMAIL_ADDRESS>",English,others,"kindness,need and greed",,,42e02217a426378f,0.45692966370528915,0
"Monday, July 12, 2021 1:30 PM",A withdrawal was initiated on your account. Not you? Follow the steps at <URL>,English,banking,"distraction,time/urgency",,,4691e3e4198dcf49,0.45693211358722235,0
12:12 PM,"From <NAMED_ENTITY>, I want to transfer my fund $5.5m USD to you on charity name to help poor people in your country <LOCATION>, Contact me here: <EMAIL_ADDRESS>",English,others,"kindness,need and greed",mrs lisa,,e38b9f4703800c38,0.45711667997015687,0
Sep 28,"Reconnect TODAY to watch your favourite shows; BBNaija, <NAMED_ENTITY> vs <LOCATION>, Madrid derby & more. Renew via <URL> Who walks away with N60m worth of prizes in the BBNaija Pepper Dem finale? Renew <DATE_TIME> & watch live <DATE_TIME>. Pay online, <LOCATION> offices or dial *389*9*IUC No# Watch <LOCATION> vs <LOCATION> <DATE_TIME> on SSL 2 at <DATE_TIME>. Reconnect TODAY with ease online, ATMs, <LOCATION> offices or dial *389*9* IUC No#",English,telecom,"distraction,need and greed,time/urgency",gotv,,113234eeeec29df5,0.45720238507492567,0
8-10 1:30 PM,Cash Memo no. <US_DRIVER_LICENSE> of Rs. 594.00 generated for booking No. <US_BANK_NUMBER>. Plz pay the cash memo amount and share PIN <US_DRIVER_LICENSE> to deliveryman at the time of cylinder delivery.,English,delivery,"authority,distraction",,,2fad241b64e5608e,0.45724442908204693,0
"Today 06:18, Today 18:18","PayPal Fraud Alert: Are you trying to pay 99,99 EUR? If yes, reply 1. If no, reply 2. Msg & Data rates apply.",English,banking,"authority,distraction,time/urgency",PayPal,,f4a87b2c910585e3,0.457257091198099,0
"Mon 1 Mar, 09:36",Your Sports Direct parcel is out for delivery. Delivery will be attempted <DATE_TIME>. Track & divert: <URL>,English,delivery,"authority,time/urgency",sports direct,,56b95a1ed66820f3,0.4573215319143963,0
Today,LINKT: You have a toll trip on <DATE_TIME> was not charged promptly. Check details via <URL> Reminder from <NAMED_ENTITY>: You have an overdue tollway bill on <DATE_TIME>. Pay NOW to save up the late fees.,English,others,"authority,time/urgency",transurban,,561983c2a4a12ef9,0.4574845226216626,0
Today 7:41 am,"PNR-<PHONE_NUMBER> Trn:15279 Dt:03-11-22 Frm SV to ANVT Cls:2A <US_DRIVER_LICENSE>-WL,5 Chart Prepared For Enquiry/Complaint/ Assistance,please dial 139 <LOCATION> Your Tickets are not confirmed.",English,government,authority,indian railway,,e3acb038550a6b7a,0.45750522648346426,0
Today 22:36,"We would like to notify you about your outstanding vehicle tax refund of GBP 220.59 from an over-payment in <DATE_TIME>, Request a refund here",English,government,"authority,need and greed,time/urgency",,,28e3c4f9104ccbee,0.45753577078783,0
Today 1:49 PM,UBPH ALERT : In compliance with the Sim Registration Act of <DATE_TIME> Please update your <LOCATION> number at <URL>,English,telecom,"authority,time/urgency",ubp,,9890f39257da30d6,0.4575718718122953,0
"Today, 4:10 PM","INR 55,000 is credited to you A/ C <URL>X8052 on <DATE_TIME> through NEFT N563X2. Check your balance.",English,banking,"distraction,need and greed",,,349929defa4d235d,0.4577997393042066,0
12:34 PM,"INR 55,000 is credited to you A/C <URL>X8052 on <DATE_TIME> through NEFT N563X2. Check your balance.",English,banking,"authority,distraction",,,bdf1828d3dcb81cd,0.4577997393042066,0
"3:24 pm, Thursday, 4 February 2021","INR 55,000 is credited to you A/C <URL>X8052 on <DATE_TIME> through NEFT. Check your balance.",English,banking,distraction,,,056b88b78de6008c,0.4577997393042066,0
17:48,"INR 55,000 is credited to you A/ C <URL>X8052 on <DATE_TIME> through NEFT. Check your balance.",English,banking,authority,,,0fc928b1c6626cee,0.4577997393042066,0
"Today, 3:25 PM",Thank you for your interest in SBI Card. Pls send this SMS to <PHONE_NUMBER> within <DATE_TIME> (APPCODE <PHONE_NUMBER>) as a consent for Bureau and SBI accounts info,English,banking,"authority,time/urgency",State Bank of India,,a5d748d43317e4a4,0.45788095015417896,0
10:31 AM,"Your <NAMED_ENTITY> has expired, you can reactivate it through the link for security purposes: https://",English,government,"authority,distraction,time/urgency",singpass,,c81edbae3709ea82,0.4579179610846405,0
2:33 PM,<NAMED_ENTITY> for Aadhaar (<US_DRIVER_LICENSE>) is <US_DRIVER_LICENSE> (valid for <DATE_TIME>). Download mAadhaar app from Google Play/App <URL>e it to prove your identity.,English,government,"authority,time/urgency",maadhaar app,,e2a0da99a43e1073,0.4579405233373758,0
7:04 am,K.C.B MPESA SOFT LOAN is now Available to all M-PESA USERSsend <US_DRIVER_LICENSE> To <UK_NHS>) to Activate: 10000/= 20000/= <US_DRIVER_LICENSE>/= <DATE_TIME>),English,banking,"authority,need and greed",kcb mpesa,,0fbe3d7cf0403a1b,0.45794519168908204,0
7:15 PM,Your PayPal for is temporarily locked. Follow the verification process and give us your correct information to unlock it: <URL>,English,banking,"authority,distraction,time/urgency",PayPal,bit.ly,ccf7bdf6670252c3,0.45810903920811646,0
"Sat, Aug 12 at 11:53 AM",INTERAC e-Transfer received: CANADA REVENUE AGENCY has sent you an $498.27 INTERAC e-Transfer. Click here to deposit,English,government,"authority,need and greed,time/urgency",canada revenue agency,,9f3cc9a75223bad1,0.45811249074337446,0
12:46 PM,"Transaction Alerts: your B 0 A card was used on <DATE_TIME> 15:46:55 EST for $1991.51, if you do not recognise this transaction contact us on <PHONE_NUMBER>",English,banking,"authority,time/urgency",b 0 a,,6274ace79fe25f89,0.4582377958468447,0
"dom, abr. 9 2:01 p. m.","Netfl1xID:<US_DRIVER_LICENSE> <NAMED_ENTITY> IS_0N ""H0ID"",Renewal-your-bill-now:// @@,<URL>",English,others,"authority,time/urgency",Netflix,,24da3e389f90065e,0.4582907889656189,0
,Your package _ was delivered to - the pickup point. You can pick up your parcel here http://grrridiots...,English,delivery,"distraction,time/urgency",,,8fafecc1dcd01cea,0.45830829465764905,0
"Sep 1, 9:51 PM","For seamless data experience across the country, set the 'Data Roaming' as On/Always. To know 'How to Set up Jio Network' on mobile, click <URL> To know your number, track balance & usage, give a missed call to 1299.",English,telecom,"authority,distraction",Jio,,953e294be351688c,0.45834109634238074,0
11:34 am,Dear Sir/Mam Your HDFC Credit Card Reward Point Worth Rs.4873 will expire soon Kindly Redeem point in Cash Click here <URL> RONAK,English,banking,"authority,distraction,need and greed,time/urgency",HDFC Bank,bit.ly,c09182be5ef7d74f,0.4584167150591512,0
17:34,"The swap to your new SIM will be complete in <DATE_TIME>. If that wasn't you, click below to log in and follow the steps immediately.",English,telecom,"authority,distraction,time/urgency",telecom company,,7a992590be2c6511,0.4585560737908263,0
Today 12:48 PM,Fr:[Citizens-Online] Your authentication access digit is 8123. If you not expecting this? please immediately visit <URL> to terminate access.,English,banking,"authority,distraction,time/urgency",citizens-online,,ffabb9b79b015dd6,0.45861594189425714,0
12:57,Your <NAMED_ENTITY> to register/access CoWIN is <DATE_TIME>. It will be valid for <DATE_TIME>. - CoWIN Your OTP to register/access CoWIN is <DATE_TIME>. It will be valid for <DATE_TIME>. - CoWIN,English,government,"authority,time/urgency",cowin,,d5932f3571d9a4fc,0.45871646196318505,0
"2:41 PM, 08 February, 2024","Alert Notification - #57F2N From :IRS Government MSG : IR-2018-616, <DATE_TIME> February,2024 - Many taxpayers, at risk for having too little tax withheld from their pay, can avoid a surprise <DATE_TIME> tax bill by quickly updating the withholding from they give to their employer, according to the IRS Please get your tax return Transcript",English,government,"authority,time/urgency",IRS,,9554136f862fef61,0.45879931329940765,0
2024-02-08T22:22:00,"Alert Notification - #38IS0 From :IRS Government MSG : IR-2018-616, <DATE_TIME> February,2024 - Many taxpayers, at risk for having too little tax withheld from their pay, can avoid a surprise <DATE_TIME> tax bill by quickly updating the withholding from they give to their employer, according to the IRS. Please get your tax return Transcript",English,government,"authority,time/urgency",IRS,,e585a135bde14b2d,0.45879931329940765,0
22:22,GOV-UK: We have noticed that you are owed a discount under the new Energy Bills Support Scheme. You can apply on <URL>,English,government,"authority,time/urgency",gov-uk,,04f9492216fbe325,0.459254765920564,0
"Monday, April 17, 3:56 PM","This text is from ,ZS. You made it to the Next step for the position of Remote Data Entry that you applied for, on <URL>. This position requires you to work from anywhere. You are required to download and set up Signal on your app store (<URL>) and if you have one already, use it.",English,others,distraction,indeed.com,,dbfc9d3f00997c10,0.4592658899189124,0
Yesterday 10:33,We received a request to delete your account all data will be wiped if it is not you please log in <URL> to cancel this request.,English,others,time/urgency,,,acf8f8f196bb3c2f,0.4592796783949912,0
4 JANUARY 2021 18:33,"Dear PRAVIN <NAMED_ENTITY> , click here <URL> to pay the premium for your product name: MotorPrivateCarPolicyInsurance, proposal no. <URL>G General Insurance Company Limited. Important: This link will be expired <DATE_TIME>",English,banking,"authority,time/urgency",tataaig general insurance company limited,,d7f708161ad8e198,0.45938063318181926,0
Yesterday • 12:34 PM,"IRS: Your account is missing some info that we need to comply with financial regulations, login at <URL> With idme to keep your account activated The mission of the IRS is to help <NRP> taxpayers understand and meet their tax obligations and to provide them with the highest quality service. IRS team",English,government,"authority,need and greed,time/urgency",IRS,,153d3325bfbaaf6e,0.4594279365159734,0
"Yesterday, 2:16 PM","IRS: Your account is missing some info that we need to comply with financial regulations, login at <URL> With idme to keep your account activated. The mission of the IRS is to help <NRP> taxpayers understand and meet their tax obligations and to provide them with the highest quality service. IRS team",English,government,"authority,time/urgency",IRS,,d5bd2d8252495da6,0.4594279365159734,0
"6:21 PM, Jan 16","IRS: Your account is missing some info that we need to comply with financial regulations , login at <URL>ine/0EdjkJ?YrT=cLZMQv4y9 With idme to keep your account activated. The mission of the IRS is to help <NRP> taxpayers understand and meet their tax obligations and to provide them with the highest quality service. IRS team",English,government,"authority,time/urgency",IRS,,02224642facdbfaa,0.4594279365159734,0
6:42 PM,"IRS: Your account is missing some info that we need to comply with financial regulations , login at <URL> With idme to keep your account activated The mission of the IRS is to help <NRP> taxpayers understand and meet their tax obligations and to provide them with the highest quality service. IRS team",English,government,"authority,time/urgency",IRS,,5427c173549bf0e9,0.4594279365159734,0
"12:42 PM, Jan 24","IRS: Your account is missing some info that we need to comply with financial regulations , login at <URL> With idme to keep your account activated. The mission of the IRS is to help <NRP> taxpayers understand and meet their tax obligations and to provide them with the highest quality service. IRS team",English,government,"authority,time/urgency",IRS,,c96eb8c53e2693d4,0.4594279365159734,0
"Today, 10:17 PM",Congratulations!! Your Application Number <US_DRIVER_LICENSE> For Personal Loan Is In Pending Status. Download App & Confirm Now: <URL>,English,banking,"authority,need and greed,time/urgency",,,cb1fade8431ef7aa,0.45947438555281045,0
Today 02:49,"Monzo: We have dispatched an order for a replacement card to be received to a recently updated address, If you did NOT request this go to: <URL>",English,banking,"authority,distraction,time/urgency",Monzo,,865186194c38e8cf,0.45970832124956595,0
Friday 20 January 1:52 pm,MPESA RA54PLE2YT Confirmed. You have received <NAMED_ENTITY> from <NAMED_ENTITY> on <DATE_TIME>. New M-PESA balance is (locked). Dial *334# & join POCHI,English,others,authority,mpesa,,b8cb533f4c072672,0.4597375863382998,0
Fri 31 Jul 16:48,PayPal:You need to accept our new terms and conditions. To avoid suspension please visit: <URL>,English,banking,"authority,time/urgency",PayPal,,365b5704e51a3eff,0.4598835332619345,0
20 April 2022 at 5:48 PM,Collect request from PAYU for <DATE_TIME>,English,banking,authority,payu,,059bf7743849d5fd,0.459924175905438,0
1-16 4:28 PM,Dear SBI YONO USER A/C will beblocked <DATE_TIME> Update PANCARD for KYC Verify login <URL><NAMED_ENTITY>,English,banking,"authority,time/urgency",State Bank of India,,4227aa8fbe204c2d,0.4601599962553676,0
Today 17:58 and Today 17:59,"['OTP is <DATE_TIME> for txn of INR 18584.00 at NOBROKER R on <NAMED_ENTITY> credit card ending ***. OTP valid till <DATE_TIME>. Do not share OTP for security reasons', 'OTP is <DATE_TIME> for txn of INR 18584.00 at NOBROKER R on <NAMED_ENTITY> credit card ending ***. OTP valid till 18:04:32. Do not share OTP for security reasons']",English,banking,"authority,distraction,time/urgency",nobroker r,,1d29bee2b4be33f7,0.46024756788410925,0
"10 Jul, 12:25",for loan amount Rs <US_DRIVER_LICENSE>,English,banking,need and greed,,,0a524798ab669111,0.4603621655583401,0
8:38 AM,Your package cannot be delivered due to incorrect house number. Please fill in the correct address online for re-deliver:,English,delivery,"distraction,time/urgency",,,827db4daceb09141,0.46037073107812376,0
5 seconds ago,Your Coinbase account is at risk. Visit <URL>,English,banking,"authority,distraction,time/urgency",Coinbase,,0a125f2b13d366d8,0.4603857817128294,0
1:34 p.m. Today,"StockTips Insider News Buy 50000 Qty of ARNAVCORP <US_DRIVER_LICENSE> at CMP 2.53 TGT 5,7,9 SL2 Company Is Announcing 5 new Channels Board meeting <DATE_TIME> call <UK_NHS>",English,others,"need and greed,time/urgency",arnavcorp,,bf99313dba52dfbf,0.46039750979909433,0
Sat 6:30PM,FirstCry Service Technician will contact & visit you in <DATE_TIME> to complete assembly of Syga Baby High Chair With Padded Seat - Pink,English,others,"authority,distraction",firstcry,,cc299009efa9969c,0.4604861065356663,0
7:00 PM,"Spent Card no. <US_DRIVER_LICENSE> INR 900 27-10-21 Avl Lmt INR 4645 SMS BLOCK (Last 4 digits of Card) to <DATE_TIME>, if not you-Axis Bank",English,banking,"authority,distraction",Axis Bank,,101921254d9a47e5,0.46088703567176953,0
Today 16:52,"LINKT: You have an Overdue Toll needs to be dealwith, please visit:<URL>",English,others,"authority,time/urgency",linkt,,43d0ca5e6a4c591e,0.4611802924193893,0
Today 16:58,GlaxoSmithKline 3.501% fixed rate bond Available Now FSCS Protected Min £25k -Max £85k Ending <DATE_TIME> <URL> REGISTER HERE NOW.,English,banking,"authority,need and greed,time/urgency",glaxosmithkline,,fdbcf1b14ed4e2aa,0.46119098288383265,0
Today 15:42,"Your parcel is being held at our depot due to an unpaid £2.70 shipping fee. Please pay the fees before <DATE_TIME>, <DATE_TIME> otherwise the parcel will be returned.",English,delivery,time/urgency,,,5c4ec8f3ac787a36,0.4615293541362887,0
"Monday, 8 August 10:15",You've been exposed to someone who reported testing positive. Continue to get a free test via:,English,others,time/urgency,,,f338fd6f93e08abf,0.46157831788348735,0
Today 3:13 PM,Dear SBI USER A/C will be blocked Update PANCARD for KYC Verification login with <NAMED_ENTITY> hare <URL>,English,banking,"authority,time/urgency",State Bank of India,,e8cf91445bd19b0a,0.46171853368892907,0
2021/02/21 21:02:30,Stay Above Hackers Register Your Number for 2-Factor authentication with the authorization link below: <URL>,English,banking,"authority,distraction,time/urgency",kudabank,,873dec9ba25060c3,0.46182816506173374,0
,Liquidation alert for margin isolated...,English,others,,,,c62a4d8990b4ac78,0.46184936752635497,0
,VistaPrint: My actual name We found a price error on your last order with us which was sent to My actual postal code. We apologize for this. Please visit: <URL> to get your money back.,English,others,"authority,need and greed,time/urgency",vistaprint,bit.ly,860fff48ce235d1e,0.46211280574127356,0
2-21 23:16,Dear SBI USER A/C will be blocked <DATE_TIME> Update PANCARD for KYC Verify login <NAMED_ENTITY>. <URL><NAMED_ENTITY>,English,banking,"authority,time/urgency",State Bank of India,,5f44b676627fdc95,0.4621826222695261,0
12:18 PM,"IRS: Your account is missing some info that we need to comply with financial regulations, login at <NRP> With idme to keep your account activated The mission of the IRS is to help <NRP> taxpayers understand and meet their tax obligations and to provide them with the highest quality service. IRS team",English,government,"authority,time/urgency",IRS,tinyurl.com,1cd1b5b8613cf67b,0.46228704322276526,0
08:20,Netflix: We were unable to charge you <DATE_TIME>. Please complete the form to avoid complications: <URL>,English,others,"distraction,time/urgency",Netflix,,05c8713a5c0840ce,0.4623104593033443,0
Wed 19:23,Dear HDFC user Your HDFC Netbanking will be Suspended <DATE_TIME>,English,banking,"authority,time/urgency",HDFC Bank,,6794c0283fff48f3,0.46236966124644,0
2:39 PM,"Dear SAVNAM, We received your request for ABPMJAY card. your request is under verification process. your reference number is.",English,government,authority,,,ed735a5877b9ebfa,0.46237021668086836,0
12:51 pm Friday 24 February,HiTaskopenedfor You are selected join our company and wage is 8700 RS. <LOCATION> ThanksSentviaYSUITE,English,others,"authority,need and greed",ysuite,,67b62a1561f09558,0.4623945075968198,0
Sunday 28 February 2016 01:56,<EMAIL_ADDRESS>:Can you contact us as soon as possible on <DATE_TIME> regarding activity on your permanent tsb Visa Debit card. Thank you.,English,banking,"authority,time/urgency",permanent tsb,,7cdc161e2811f13d,0.4624615040124459,0
10:52,LINKT: You have a toll trip on <DATE_TIME> was not charged promptly. Check details via Reminder from <NAMED_ENTITY>: You have an overdue tollway bill on <DATE_TIME>. Pay NOW to save up the late fees.,English,others,"authority,time/urgency"," transurban,linkt",,eb0895a6182b00d6,0.4625229725922918,0
"4:19 pm, Wed, 21 Jul","Dear SBI Cardholder, we have evaluated your complaint related to Card Features with SR# <US_BANK_NUMBER>. We regret to inform that same could not be resolved in your favour. Kindly click here to share your feedback: <URL>",English,banking,"authority,time/urgency",State Bank of India,,9b1c2c6b9b49d77c,0.4625430309537404,0
16:42,Your account for 077XXXXXXXX is temporarily locked. Follow the verification process and give us you correct information to unlock it :,English,others,"distraction,need and greed",,bit.do,99f50075499500ee,0.4627876637272419,0
Today 3:34 PM,RM0 MBB: Your Card ending is not activated for online trxn. Reply ON3D 15<space><US_DRIVER_LICENSE><space>IC No to activate. <NRP>:,English,banking,"authority,distraction,time/urgency",mbb,,1dfd061cc63f119f,0.46294511945674677,0
Today 2:25 PM,Account notification,English,others,,,,81e3c3fe4dcb70ef,0.46302246743274567,0
"Today, 9:18 AM",Your Onetime Password for registering Home Credit application is <DATE_TIME>. Please ignore this message in case you have not requested for <NAMED_ENTITY>. Reach us at <PHONE_NUMBER> Your Onetime Password for registering Home Credit application is <DATE_TIME>. Please ignore this message in case you have not requested for <NAMED_ENTITY>. Reach us at <PHONE_NUMBER> Your Onetime Password for registering Home Credit application is <DATE_TIME>. Please ignore this message in case you have not requested for <NAMED_ENTITY>. Reach us at <PHONE_NUMBER> Your Onetime Password for registering Home Credit application is <DATE_TIME>. Please ignore this message in case you have not requested for <NAMED_ENTITY>. <NAMED_ENTITY> us at <DATE_TIME>,English,banking,time/urgency,home credit,,ae175561e0971692,0.46303251563564557,0
12:19 am,Thank you for ordering food with INOX. Your Food order id is <DATE_TIME>. Link for your e-bill: <URL> Enjoy The Meal!!,English,others,authority,inox,,86fd3255c68bba21,0.4630380074362685,0
21/03/2023 02:17,RM0 Your MSOS Code for card ending is 6 for online txn at PAYPAL of MYR <URL>de will expire in <DATE_TIME><URL>send 1 of 3.,English,banking,"authority,time/urgency",PayPal,,28b9650fce9b8632,0.4630863418032519,0
06/17/2020,"Hi, This is <NAMED_ENTITY> from Amazn. Final notice about your Order #<US_DRIVER_LICENSE>.",English,delivery,"authority,time/urgency",Amazon,,48f084582f5d7205,0.4630927466823454,0
Today 02:05,"Open tender for SASOL PTY <URL>l tenderers can submit their company detail & CK Documents to:<EMAIL_ADDRESS>,call <US_BANK_NUMBER>",English,others,"authority,distraction",sasol pty ltd,,ff90aafb4853f3b9,0.4631138277402016,0
3 February 2021 19:53,"LLOYDS ALERT: You have successfully paired a new device on <DATE_TIME> at 19:53PM. If this was NOT you, visit: <NAMED_ENTITY>",English,banking,"authority,distraction,time/urgency",Lloyds Bank,,a3159f352fba1122,0.46321447369158963,0
Wednesday 14:17,"M/S. YOUR LEGAL CASE ID IS GOING FOR LEGAL PROCEEDINGS. KINDLY HIRE A LAWYER AND GO FOR FURTHER PROCESS. WE AT THE RESUME SEARCH ARE GOING WITH LEGAL PROCEEDINGS UNDER SECTION 72,73,74, IN THE INDIAN CONTRACT ACT, <DATE_TIME>. DUE TO VIOLATING THE CONTRACT. REGARDS, LAW FIRM <PHONE_NUMBER> GUJARAT (EXPERTISE IN CIVIL CASES) This is to inform you that legal notice has been generated and has been dispatch to your registered address.",English,others,"authority,time/urgency",the resume search,,1c81051f53b90eb2,0.4632469061066356,0
Today 13:56,"Bendigo Bank: You have added a new payee to e-banking. If you didn't make this change, please visit: <URL>",English,banking,"authority,time/urgency",bendigo bank,,8979d10c3c9673f3,0.4632737555243252,0
"Sun, Nov 6, 2:36 PM","TIMESENSITIVENOTICE: Exposed to UnsafeWater? If you or someone you love were stationed, worked, or lived for <DATE_TIME> at Marine Corps Base CAMPIeJEUNE prior to 1988, you may be entitled to significantCOMPENSATION. Get your noCOST-Consultation by calling: <PHONE_NUMBER>",English,others,"authority,need and greed,time/urgency",marine corps base camp lejeune,,910cb00780394f93,0.4634565976843722,0
Today 17:46,"There has been a login attempted from a new device. If this was not you, follow the steps here",English,others,"distraction,time/urgency",,,5b07566999899f4d,0.46348486867462363,0
Today 16:38,We received a request to delete your Telegram account all data will be wiped if it is not you please log in <URL> to block this request.,English,others,"authority,time/urgency",telegram,,c54cf765cd05d016,0.4635516802284056,0
Today 5:10 PM,"Verizon Msg: Hi, we need an email address for your account to help ensure important account notifications reach you. Please log in and provide an email address at <LOCATION>",English,telecom,"authority,distraction",Verizon,,6d8b7f5f9eca7d00,0.4637550020053086,0
"Today, 13:01","Rs.<US_DRIVER_LICENSE>, Account Transfer Is Approved For You, Complete Few Details To Get Money In Account. Easy Approvals, Click here To Get",English,banking,"need and greed,time/urgency",,,1fc00ff0a2e69203,0.4637808349075235,0
13:03,This is for [REDACTED]. Your 0nline is disabled. See below:,English,others,,,,ac7bdb86f04feb24,0.4638823583222662,0
Today 2:29 PM,Dear Sir/Madam we have successfully closed your request on Reward Points Info under service request <DATE_TIME>. Thank you. Team IDFC FIRST Bank.,English,banking,authority,idfc first bank,,952075b43e45611b,0.4639536655660143,0
17:29,ARGOS CARD: A suspicious payment was attempted so we deactivated your account. You can reactivate your card here: <URL>,English,banking,"authority,distraction,time/urgency",argos card,,ab0c5c9ab2d2b76a,0.46395993469117935,0
3m ago,"HSBC: New payee request to MR C <NAMED_ENTITY> through your HSBC mobile banking app. If this was NOT you, please visit: <URL>",English,banking,"authority,distraction,time/urgency",HSBC UK,,87f3b2aa577ab8da,0.46398071848871564,0
2 min,Your Cambridge Water E-bill is heading your way. Find out more here,English,others,authority,cambridge water,,6bb375b6bef07176,0.46400173212494705,0
Today 00:38,Contact Tracing: You have been identified as being in close contact of a confirmed case. You must book a test kit: <URL>,English,government,"authority,time/urgency",,,f1bc49066d740362,0.4641551548772185,0
"Tue, Jan 17, 7:14 PM","We were unable to deliver your parcel, To redeliver please visit: <URL> and schedule a redelivery.",English,delivery,"authority,time/urgency",fedex,,ee8623672f74a0e5,0.4642096399925208,0
Today 4:03 PM,SMS charged at N <URL>in Bal: <US_DRIVER_LICENSE>.92.Dial *123*1# for bonus bal. You too can enjoy 5 TIMES airtime on your line. Dial *<DATE_TIME> NOW to choose SMS charged at N <URL>in Bal: <US_DRIVER_LICENSE>.92.Dial *123*1# for bonus bal. You too can enjoy 5 TIMES airtime on your line. Dial *<DATE_TIME> NOW to choose SMS charged at N <URL>in Bal: <US_DRIVER_LICENSE>.92.Dial *123*1# for bonus bal. You too can enjoy 5 TIMES airtime on your line. Dial *<DATE_TIME> NOW to choose,English,telecom,"need and greed,time/urgency",,,918f676f3f4d338a,0.4642273821385832,0
Wednesday 26 September 2018 12:25,Dear candidate Just a reminder about your interview on <DATE_TIME> (<DATE_TIME>) Time <DATE_TIME>: kusile power station at (witbank) For any inquires please contact mr <NAMED_ENTITY> on: <PHONE_NUMBER> Kind regards: to hr department for acceptance of apointment not later than <DATE_TIME>.,English,others,distraction,,,800d366e24feb257,0.4642724679702742,0
"Tuesday, 31 May 15:47","PO: <NAMED_ENTITY> tried to deliver your parcel <DATE_TIME>, but nobody was in. Please schedule a new date via: <URL>",English,delivery,"distraction,time/urgency",,,fae5789fec9153fc,0.4646150246341136,0
Sep 21 7:39 AM,For Your TraderMoni Cashout. Follow: Visit Any ATM Machine that support Quickteller. Insert your card and Type your PIN. Select Quickteller. Select Pay Bills. Select your account type. Select Others. Enter <US_DRIVER_LICENSE> as the Payment C o de. Enter CUSTOMER/Agent REF NO:which is <PHONE_NUMBER>) And Press PROCEED. It will authenticate and request for the AMOUNT C O DE: which is 10100. and PROCEED. Enter your phone number and press PROCEED & PAY. Your transaction will be processed successful.,English,banking,"authority,distraction",tradermoni,,edc72937e6cf791b,0.46470554721119506,0
Vandaag 19:50,"[BINANCE] A withdrawal has been requested from an unknown IP address. If this was not you, follow the steps here: <NAMED_ENTITY>",English,banking,"authority,distraction,time/urgency",Binance,,6ca98ca240021e3d,0.4647386029698141,0
"Saturday, 12 February 2022 07:09","[Binance]A withdrawal has been requested from an unknown IP address. If this was not you, follow the steps here:",English,banking,"authority,distraction,time/urgency",Binance,,39b91bf6d3c7b709,0.4647386029698141,0
Today 06:07,Motsepe foundation offers <LOCATION> for citizens that want own thier business contact us via Email;<EMAIL_ADDRESS> for more info.,English,others,"authority,need and greed",motsepe foundation,,3fc1ccd92d4b3600,0.46484830316070086,0
"Fri, Apr 14 at 6:07 AM",The package has arrived at the warehouse and cannot be delivered due to incomplete address details. Confirm your address at the link.,English,delivery,"distraction,need and greed,time/urgency",,,569fa3c0aa99d0ed,0.46530831420397084,0
April 25 2023,SMS Alert Fee-24 03-23 04 2023,English,others,,,,60781b7d742b32f8,0.465374971204054,0
,The delivery of your new @ 'nrk' %<DATE_TIME> package is ready: @ <URL>,English,delivery,"distraction,time/urgency",nrk,,44aa5bd12b19b61f,0.4653948407748145,0
Yesterday 9:52 pm,You have added your CBA card onto Apple Pay <DATE_TIME> at 9:51PM. If this was NOT done by you visit,English,banking,"authority,distraction,time/urgency",cba,,9803bb28fdb21821,0.46546233533749465,0
Yesterday 11:56 AM,"IRS: Your account is missing some info that we need to comply with financial regulations , login at <URL> With idme to keep your account activated\n\nThe mission of the IRS is to help <NRP> taxpayers understand and meet their tax obligations and to provide them with the highest quality service.\n\nIRS team",English,government,"authority,time/urgency",IRS,,0cc7defed9bc9f91,0.46554826634780067,0
"7 May, 18:26",DHL Express <PHONE_NUMBER> from LINK LOGISTICS estimated Mon 10 May. Signature req'd. Collect at Service Point + other options:,English,delivery,"authority,time/urgency",DHL,,eaacf32adc99d896,0.46556725156784434,0
Thursday • 16:06,"Dear consumer, this is a confirmation receipt for online payment of Rs. 759.500 (txn chgs extra), against Refill booking ref no <US_BANK_NUMBER>.",English,others,distraction,,,ed0494a68ae81655,0.4656297730031527,0
"Sat, 2 Apr, 16:03","Hi, with reference to the Service Request no. 31-<US_BANK_NUMBER> regarding DND issue on your Airtel Number, we have sent a warning and put a usage limit of 20 SMS & 20 calls for <DATE_TIME> on the unregistered telemarketer number. Post investigation, appropriate action will be taken against the telemarketer as per the TCCCPR <DATE_TIME> guidelines.",English,telecom,"authority,distraction",Airtel,,5ec30da782044b18,0.4656832680743899,0
Today 8:05 PM,Pickup Cancelled: Pickup of realme Narzo 50A Prime (<NAMED_ENTITY>... with tracking ID FMPR0406622339 from <URL> has been cancelled as you decided to keep the product. Click to give feedback: <URL> Ekart,English,delivery,"authority,distraction",flipkart,,d1d9f5a9c8605bcf,0.46575219574298665,0
07/02/2022 7:01 pm,Pickup Cancelled: Pickup of Zaveri Pearls Gold-Pl... with tracking ID MYNR0016268406 from <URL> has been cancelled as you decided to keep the product. Click to give feedback: <URL>,English,delivery,"authority,distraction,time/urgency",myntra.com,,bc6cf31f4b0d810c,0.46575219574298665,0
"Oct 04 2020, 8:31 PM",Pack Valid till <DATE_TIME>. CallCost:Rs0.00 Duration:00:04:16 Bal:Rs2.70. Pack Valid till <DATE_TIME>. CallCost:Rs0.00 Duration:00:10:13 Bal:Rs2.70.,English,others,,,,96a23c7d71595861,0.4658006480473999,0
20:51,Your WhatsApp account is being registered on a new device. Do not share this code with anyone.,English,telecom,"authority,distraction,time/urgency",whatsapp,,f1675e82aa120a66,0.4659218015651424,0
"23 Apr, 12:24 pm",MSEDC Mahavitartan Bill Due! Your bill of Rs.390 is due soon. Pay instantly with <NAMED_ENTITY> <URL> .Please ignore if already paid.,English,others,"authority,time/urgency",msedc mahavitartan,,2493cfa14b3b61b6,0.46595059437564607,0
"Wednesday, July 20, 2022 9:08 PM","You are successfully Unsubscribed from YouPlay Service. To subscribe again, fol-low <URL>",English,others,distraction,youplay service,,31240f14bb22b1df,0.46596652531319016,0
11:47 AM,Total cost of <DATE_TIME> sent was 12.00 and new account balance is <URL>t 1.5GB NOW @ <US_DRIVER_LICENSE> Valid for <DATE_TIME> dial *131*106#,English,telecom,"distraction,need and greed",,,52a7fafa844875d6,0.46599452934097035,0
Today 04:05,Health Department: We have been notified you have been in close contact with a positive Omicron case. You must book a PCR test: <URL>,English,government,"authority,time/urgency",health department,,55ce52c66332c9e7,0.4660308918577875,0
23-4 11:49 AM,"Dear Resident, Call <US_DRIVER_LICENSE> -Water Leakage/Seepage In Plumbing Shaft is logged. Est. Resolution Date: <DATE_TIME> 12:32 - QUESS FM",English,others,"authority,distraction",,,bf3c0c90b67ea0f8,0.46612893087463486,0
3:24,Loan Number: <DATE_TIME> Loan Amount: <US_DRIVER_LICENSE> <DATE_TIME> EMI Amount: 12230 First EMI Date: <DATE_TIME>-2023Last EMI Date: <DATE_TIME> Last EMI cleared: Total installments paid: 0Balance Tenure: If EMI debited on your due date then the amount will be updated in your loan account in <DATE_TIME><URL> know the outstanding balance your loan account visit branch,English,banking,"authority,time/urgency",,,abe54bf3dbb1f131,0.46625749157284313,0
Friday • 11:52,Your Flipkart package with AWB <US_BANK_NUMBER> will be picked <DATE_TIME>. Share the code - 2040 to initiate the pickup. - Delhivery,English,delivery,authority," delhivery,flipkart",,6cd56a7ce9e1d011,0.46633365096185436,0
17:16,Package update: Your package is on hold because the address provided is incomplete. Resubmit your address.,English,delivery,"distraction,time/urgency",,is.gd,f89819fc91745d3a,0.4664165129295193,0
Yesterday 20:07,ROYAL MAIL: Your parcel is waiting for redelivery. Please confirm the settlement of £2.00 at <URL>,English,delivery,"authority,distraction,time/urgency",royal mail,,bd808a7a4b7d22aa,0.4664196415137894,0
Today 2:19 pm,V/Line trains will run to a <DATE_TIME> timetable for the Melbourne Cup public holiday on <DATE_TIME>. Scheduled coach services will run to an altered <DATE_TIME> timetable. More info at: <URL>,English,government,authority,v/line,bit.ly,b8c4725435a33c2a,0.4664755473355849,0
03:49 PM,"Dear Customer, <DATE_TIME> is the <NAMED_ENTITY> for your request initiated through ICICI Bank Internet Banking. OTPs are SECRET. DO NOT disclose it. Bank NEVER asks for <NAMED_ENTITY>.",English,banking,"authority,distraction",ICICI Bank,,8e1fdab2b2374efe,0.4665819362562159,0
,You have received an MMS message. Read here:,English,others,"distraction,need and greed",,,2502750502ba7a0e,0.46665187773326616,0
15:09,Your subscription for your (LuxTrust certificate) will expire in <DATE_TIME>. We invite you to renew it:,English,others,"authority,time/urgency",luxtrust,t.co,7f7f4a4b0c682ffe,0.46686585056979313,0
"02 May, 2022 8:30","Dear client, we still have not received the <US_DRIVER_LICENSE> amount that was due on <DATE_TIME>. Should your payment not be received in <DATE_TIME>, we will take court action. Click on the link below to view your account.",English,others,"distraction,time/urgency",,,fcc464312ba17af8,0.4670224152602916,0
Today 11:27 am,<LOCATION>: A withdrawal of $641.45 to a new payee '<NAMED_ENTITY> has been set up. Not you? please visit:,English,banking,"authority,distraction,time/urgency",bendigo,,1ae04fa20cbb0c86,0.4671232214305476,0
Today 08:55,"<US_DRIVER_LICENSE>: Your bundle will be cancelled on <DATE_TIME> as we could not verify a payment method. To avoid this, visit: <URL>",English,telecom,"authority,time/urgency",O2,,8aad33a83db7d39a,0.4671842332836982,0
Today 16:06,You have received a new voicemail: <URL>,English,others,,,,bd891d927a63d033,0.46719755339222563,0
56 mins,Facebook Important Notice . We are sending this notification because your last post was reported. Please verify your membership at: <URL>ine to avoid the limitation. Thank you! Facebook Team,English,others,"authority,distraction,time/urgency",facebook,,a9de661495c4a42a,0.4672268774438411,0
"Monday, 22 August 12:50",LINKT: Our record indicates that you have an e-toll trip dated <DATE_TIME> was UNPAID. Please make an online payment over <URL>,English,others,"authority,time/urgency",linkt,,c1c1f3d6171cb2d5,0.4672395514418406,0
13:49,"Dear Customer, never ever share your Card number, expiry date, CVV, PIN, <NAMED_ENTITY>, password with anyone. This can be misused. Bank never asks for such details.",English,banking,"authority,distraction",,,5fd1d34426f0c0dc,0.46735814624450533,0
08:12,PayPal: You sent a payment for 150.04 GBP to WebAct. If you didn't authenticate this transaction click here to cancel,English,banking,"authority,distraction,time/urgency",PayPal,bit.ly,015f201348651746,0.4673735901080422,0
05:17,<NAMED_ENTITY> for Third Party FT Benf Movlik for 820.0 is <US_DRIVER_LICENSE>. Do not disclose <NAMED_ENTITY> to anyone/Bank official. Call <PHONE_NUMBER> if not initiated by you.,English,banking,"authority,distraction,time/urgency",,,b02c6257ab903e48,0.46748359104590276,0
2019-09-11 09:53,"Hi, legal action might be taken for your unpaid dues with <NAMED_ENTITY>. Please use the link to clear your bill on Ola: <URL> Ignore if already paid.",English,others,"distraction,need and greed",ola,,5e6d8cb321458816,0.4676070150202795,0
11:16 AM,"We notice that you left your EMI Moratorium request incomplete. To help us process it, kindly provide us your complete details.",English,banking,"distraction,need and greed",,,2d8c7dd5d7093796,0.4677400650887125,0
,Thank you for ordering from KFC. View your e-invoice at <URL>,English,delivery,"authority,distraction,time/urgency",kfc,,7127d4dd655e2c74,0.4677688279929355,0
29-Nov-22 07:33,"100% of <DATE_TIME> 2 <LOCATION> data quota exhausted as on <DATE_TIME> 07:33. <NAMED_ENTITY> Number : <PHONE_NUMBER> Daily high speed data quota will be restored on <DATE_TIME>. To know where you have consumed your data quota, click <URL>",English,telecom,"authority,distraction,time/urgency",Jio,,9864441ed9aa7e19,0.4678152861493724,0
04:58,You have one verification pending. Tap <URL> to update and prevent loss of services and Apps.,English,telecom,"authority,distraction,time/urgency",apple,,d6ead4db5e42e2b3,0.4678236507633441,0
11:46,"There is an issue with your Netflix membership, Click for further information.",English,others,"authority,distraction",Netflix,,2d193ce1b26e9420,0.46795906869093457,0
Yesterday · 11:17 AM,We're sorry about your experience with order <DATE_TIME> :( Use OZUQ51GYHH8U to get ₹140 worth of benefit on your next Zomato order. Valid till <DATE_TIME>.,English,delivery,"need and greed,time/urgency",zomato,,b7cfb1f6655b44c1,0.46808547915006665,0
"Yesterday, 4:42 PM",Only 200rs to activate your account. We guarantee you will earn 300rs-8000rs every day.Whats- App: <URL>,English,others,need and greed,,,8210470153d97e3e,0.4680967351995151,0
"Apr 25, 8:45AM",Geico: Account may compromised. Please review here,English,others,authority,geico,,b73e1219a8b68d33,0.46810591387226674,0
Sunday 11 June 19:49,FNB:-)Dear Client Your Fnb account is not updated on our 2023 server and will be blocked in <DATE_TIME>. Tap:,English,banking,"authority,time/urgency",fnb,,c8276f0d6a5ebc74,0.4681811867947552,0
"Today, 11:38:04 AM","An SMS has been sent to embarrass you. If you are truthful, send me the code of the SMs",English,others,distraction,,,d327b20bbe2f97af,0.46821818648135705,0
Yesterday 2:16 PM,Hi INR <US_DRIVER_LICENSE> was successfully credited to your A/c No xxxx62733. Verify your detail to get the amount in your bank a/c,English,banking,"need and greed,time/urgency",,,83713c4f57df8d27,0.4682294943052911,0
Today 19:18,Sàntander - Hi we approved your request on 29/3 to add beneficiary <NAMED_ENTITY>. To cancel this request please visit: <URL>,English,banking,"authority,time/urgency",sàntander,,3bb5ba9264abe430,0.4682537883951461,0
21/09/2020 15:56:51,Article No:ED218506274IN has been Delivered by SANTOSH KUMA (Beat No:<US_DRIVER_LICENSE>) on21/<DATE_TIME>.,English,delivery,authority,santosh kuma,,c69abe47e4592f83,0.46831153561826316,0
23/11/2021 15:08:41,Article No:EQ191093798IN has been Delivered by <NAMED_ENTITY> (Beat No:<US_DRIVER_LICENSE>),English,delivery,"authority,distraction",,,3ede9149ef99401a,0.46831153561826316,0
13/02/2023 18:36:51,Article No:EW639866764IN has been Delivered by SANATAN BAUR (Beat No:<US_DRIVER_LICENSE>),English,delivery,,,,3410d3d15b640f2f,0.46831153561826316,0
21 February 2019 16:27,Tesco's <DATE_TIME> Draw results are out. Your shopper id came 3rd in our list - TSC07928. Confirm details: <URL> Reward Survey - We Want,English,others,"authority,need and greed,time/urgency",tesco,,134dce3f35f9bb4d,0.4684517122674307,0
Today 5:19 am,*LINKT.- Please pay the overdue payment on <DATE_TIME> immediately to avoid fine charge!,English,others,time/urgency,linkt,,a4da35734f52a998,0.46846609944207146,0
"Wed, 16/02/2022 09:01","Dear Freecharger, you may have received an incorrect transaction message due to a technical glitch. Please ignore it. Apologies for the inconvenience.",English,others,distraction,freecharge,,65a9921140e76e81,0.46847426070500653,0
Today 09:24,"REVOLUT: We have dispatched your DEBIT card replacement. If you did NOT request a NEW card, follow: <URL>",English,banking,"authority,time/urgency",Revolut,,0e06d39696bb7643,0.4685973615846554,0
Today 16:49,Your parcel is being held at our depot due to an unpaid £2.70 shipping fee. Please settle the shipping fees before <DATE_TIME> otherwise the parcel will be returned to sender.,English,delivery,"distraction,time/urgency",,,a9ff494981a25347,0.4686176700997111,0
,We tried to deliver your parcel <DATE_TIME> but you weren't in or there was no safe place to leave it. Your action is required. If this item is unclaimed by the date then it will be returned to sender. Please reschedule delivery > <URL> The first and second delivery attempt was free of charge. To schedule a new delivery a shipping fee must be paid.,English,delivery,"authority,need and greed,time/urgency",,,5f994a2e919f643c,0.4687319215065441,0
11:34 AM,There is a $750 Cash*App that requires your attention. Expires <DATE_TIME> <URL>,English,others,"need and greed,time/urgency",cash*app,t.co,d9a5ada8085e7a7f,0.4688995843897167,0
16-2 10:11 AM and 12:26 PM,"Dear user, Enter your birth details and get <NAMED_ENTITY> horoscope report,Know your Future Hi, Your account can be credited with Rs.76282/- on successful verification",English,others,"distraction,need and greed",,bit.ly,6cf76c466e2247a4,0.4689318004003935,0
"Wednesday, 22 June 2022 20:00","You've been exposed to someone with <NAMED_ENTITY> (Omicron). Please take appropriate action, order a PCR test by visiting:",English,government,"authority,distraction,time/urgency",,,8b8d2e4e69c579d1,0.4689364521025727,0
09:56,"My name is Dr.<NAMED_ENTITY> from USA.We need <NRP> Partner to supply Raw Material to our Company,If you're interested contact me via email: <EMAIL_ADDRESS>.",English,others,"authority,distraction,need and greed",astrazeneca,,86d2a784687fad09,0.4689391403331911,0
"Jun 15, 11:25 AM",Your MobiKwik One Time Password(OTP) is ********. Don't share it with anyone. We don't call/email you to verify <NAMED_ENTITY>. <NAMED_ENTITY> is valid for <DATE_TIME>.,English,banking,"authority,time/urgency",mobikwik,,55165eb3adf7d07a,0.4690874377543239,0
Today 5:51 PM,Your MobiKwik One Time Password(OTP) is <DATE_TIME>. Don't share it with anyone. We don't call/email you to verify <NAMED_ENTITY>. <NAMED_ENTITY> is valid for <DATE_TIME>.,English,banking,"authority,time/urgency",mobikwik,,6bb53700dc5e0e61,0.4690874377543239,0
Tuesday 00:25,AngloGroup tender. All interested tenderers can participate in this great opportunity by sending Ck documents to <EMAIL_ADDRESS> or call <US_BANK_NUMBER>,English,others,authority,anglogroup,,cdaf6bf98f608829,0.4691177060075791,0
Today 15:27,<URL>: We are glad to inform you that your return is ready to be claimed. Claim now: <URL>,English,government,"authority,time/urgency",rosie,rb.gy,64a84f8978599ba9,0.4691542027736442,0
"Sunday, January 31, 2021","Apple inc, Your lost iPhone 11 Pro has been found near <LOCATION>, <LOCATION>, <LOCATION>. Check location at <URL> Apple Support.",English,others,"authority,distraction,time/urgency",apple inc,,9c7ba97f8ccea148,0.4691558164785231,0
"Saturday, January 29, 2022, 6:57 PM",]TM-[Carrier / help us to improve the t---MOBILE experience for you,English,telecom,authority,T-Mobile,,956c2e79970a2820,0.46922924144373646,0
09:39,"UNVERIFIED ACC-Dear students Urgently log into NSFSAS portal, update your phone number after go to nsfas connect to create a case number and submit the case number at bursary office. Visit bursary office to complete verification form attached your certified id copy. RefNo: <US_BANK_NUMBER>",English,government,"authority,distraction,time/urgency",nsfsas,,b7fad2f6ba8b536a,0.46923708700069894,0
Thursday March 30,[Qatarpost]: We cannot deliver to your door due to the incorrect house number please modify the address in time,English,delivery,"authority,time/urgency",qatarpost,,a017e78605ccf341,0.46926397265347336,0
Today 7:20 AM,OTP NOTICE-<US_DRIVER_LICENSE> Hi-<PHONE_NUMBER> Your profile is match in our company for a Job. To Download your interview letter Click Here- <URL> Thanks,English,others,"authority,distraction",tata,,80229264af7461d4,0.46942522860367436,0
"Mar 27, 16:17",Earn Extra Income Upto Ur Potential Learn About Crypto Currency & How To Earn Thru This System Free Guidance Call For <NRP> <DATE_TIME> <PHONE_NUMBER>,English,others,"distraction,need and greed",,,0a87c8a7d626665d,0.46964372244947533,0
"Saturday, 19 January 2019 9:30 am",NOTICE <NAMED_ENTITY> Your <DATE_TIME> Woolworths (<DATE_TIME>) points are about to expire Spend pts & Send to 7 Fifth Ave,English,others,"authority,distraction",woolworths,,4651686dbfadbba9,0.46964990239809074,0
Today 1:21 pm,LinKt reminder: You have an unpaid toll bill $6.95. Please pay on <URL> ASAP. Penalty may apply whens overdue. Thanks.,English,others,"authority,time/urgency",linkt,,cf0f9f4fd4c5761c,0.46998664744579477,0
14:20,The USPS package has arrived at the warehouse and can't be delivered due to incomplete address information. Please confirm your address in the link or copy the link and open it in your <LOCATION> browser. <URL> The USPS team wishes you a wonderful day!,English,delivery,"authority,time/urgency",USPS,tinyurl.com,42fe7299c3a0239d,0.47001068094564113,0
14:19,Your device will be unpaired on <DATE_TIME>. Pair your device again via: <URL> Our <US_DRIVER_LICENSE> agents will never ask you for personal information.,English,banking,"authority,time/urgency",N26,,61d84bf13fb583dd,0.47002006614172975,0
11:17 Mon Jan 30,You should be aware that setting up your token is required. Please enter your home address for delivery as your Card-Package is ready to ship.,English,delivery,"authority,time/urgency",,,1a3f833ec810de41,0.47006308879384845,0
10:28 am,I am sorry to let you know that your order has been cancelled as the seller’s partnered courier service provider could not find anyone at the delivery address to collect the package despite several attempts.,English,delivery,"distraction,time/urgency",,,0349e11ec3c79b5a,0.470076386991293,0
Today 9:02 AM,Dear Ujwal We have received your order <DATE_TIME>. for Rakhee. Tracking URL <URL> - MyFlowerTree Hi Ujwal We have delivered your order <DATE_TIME>. Please show some love and share your feedback here <URL> Thanks MyFlowerTree,English,delivery,authority,myflowertree,bit.ly,fe323c6c9d87167b,0.47010586729459036,0
6/7/22 13:33,"Someone try to <NAMED_ENTITY> into your Ama zon On Ip Address <IP_ADDRESS>, <DATE_TIME>, <DATE_TIME>. Country : <LOCATION>. Device: Mozilla/5.0 (Windows NT 6.1) iPhone 14.0.846.0. If this was you, you can disregard this message. Otherwise, Please verify your Amazon account in",English,others,"authority,distraction",Amazon,,fe27373f7c92dcff,0.47020223870717653,0
3:26 PM,Dear SBI USER A/C will be blocked Update PANCARD for KYC Verification login with <NAMED_ENTITY> here,English,banking,"authority,time/urgency",State Bank of India,,f793ff8b1bf694f4,0.47033512188065846,0
9:07 am,Dear consumer your electricity power will be dis_connect <DATE_TIME> at 9:30pm contact now! Billing officer <PHONE_NUMBER> Be cause bill not update Thanks seagul,English,others,"authority,distraction,time/urgency",seagul,,d7cf66b48bbed00f,0.4703527908981395,0
2023-10-03T20:31:00,"LEDGER ALERT! Dear, New info <DATE_TIME> database hack. Your assets can be at risk. Take action immediately.",English,others,"authority,distraction,time/urgency",ledger,,3005337187020398,0.470367605989274,0
2023-10-01T09:19:00,your <NAMED_ENTITY> access may be restricted. Please follow this steps: <URL>,English,banking,"authority,time/urgency",netbank,,cc1a33d50c35f767,0.47070049836758887,0
28/10 at 21:41PM,"HALIFAX: A payment was attempted from a NEW DEVICE on 28/10 at 21:41PM. If this was NOT you, please visit: <URL>",English,banking,"authority,distraction,time/urgency",halifax,,fffc8ca182a7a69f,0.47074248945393293,0
Today 5:45 PM,Hi <NAMED_ENTITY> has refunded you Rs. 6 for RD16762895455614518. - Rapido,English,others,,rapido,,9edfc6de6a9b911c,0.4708371320067891,0
Yesterday • 7:54 pm,Consolidated Charges (<DATE_TIME>) for a/c no. XXXX7429: SMS Alert Fee: Rs 13 FOR PERIOD <DATE_TIME> <DATE_TIME> SMS ALERT FEE: Rs 15 FOR PERIOD <DATE_TIME> Total: Rs 28(excl GST) View detailed charges on Internet Banking in <DATE_TIME>,English,banking,"authority,dishonesty,time/urgency",,,c93a3c0a8d342d55,0.4709013289713415,0
"Friday, March 26th, 2021",SMS Alert Fee-24/02-<DATE_TIME>,English,others,,,,23fc9c55781aa596,0.4711079008788783,0
23:47,Santander: We have noticed and attempted payment to the merchant 'Gadgets4You' for the amount of £390.00 if this wasn't you respond 'N' to <PHONE_NUMBER>,English,banking,"authority,time/urgency",Santander Bank,,f3fcb9a770b043ec,0.47111864428166317,0
Today 00:45,Santander: We have noticed and attempted payment to the merchant 'Gadgets4You' for the amount of £390.00 if this wasn't you respond 'N' to +<US_BANK_NUMBER>,English,banking,"authority,time/urgency",Santander Bank,,2abea8c62ddde9b8,0.47111864428166317,0
Today 4:31 am,Time is running out! Your Vodafone points (5131 points) will expire soon Visit vodofa <URL> to redeem your Rewards points and enjoy great offers,English,telecom,"authority,distraction,time/urgency",Vodafone,,f7a2bae55c6625cd,0.47118185933114454,0
"Monday, 5 September 2022 10:35 am","<NAMED_ENTITY> have been try 2 call u since but network is bad, is me <NAMED_ENTITY>, your corper mate@Osun State <DATE_TIME> B . Am Now. working with Shell Oil Company In Rivers State. There is ongoing internal replacement now in shell will u like 2 Apply if yes <NAMED_ENTITY> me now 4 urgent info.",English,others,"authority,distraction",shell oil company,,61206c0d3d50215b,0.4713672318172924,0
12:05 PM,"We have refunded Rs. 60,496 for your <LOCATION> - Jeddah return booking (Trip ID <US_BANK_NUMBER>)",English,others,,,,9dd54593106e9a48,0.47138914137618537,0
1:57,Good <DATE_TIME> <LOCATION> thank you for reaching out to us. Please be informed that you will be required to reset your Internet Banking password to unlock your Internet Banking. Kindly proceed to the following portal and choose the ‘Forgot Password’ option to reset your account. The username will be sent to your registered contact number and password will be sent to your registered email address. Do note that you will also be required to reset the Internet Banking password and login via browser first.,English,banking,authority,,,8caca06e3a748d7f,0.4714355817332408,0
12:48 pm,This is our 3rd attempt to reach you. Request activation and login required to obtain successful resolution by <DATE_TIME>.,English,others,time/urgency,,,418031ea56e68012,0.47146490566300714,0
2/7/2023 1:21:36 p.m.,is the date limit to confirm your informations!,English,others,time/urgency,,,ff44243cb7cd4884,0.47146640059963,0
2/7/2023 1:21:36 p.m.,<DATE_TIME> is the date limit to confirm your informations!,English,others,time/urgency,,,575e6cf03b243909,0.47146640059963,0
27-Jun-20 21:49,"You have used 90% of your <DATE_TIME> 2 <LOCATION> high speed internet quota on your Jio Number <PHONE_NUMBER> as of <DATE_TIME>. After consumption of 2 <LOCATION> data, internet speed will be reduced.",English,telecom,"authority,distraction",Jio,,334d7d253ef0ab09,0.4714773638464405,0
5-27 15:00,"B D O Alert: Your account is under investigation for unusual transactions. For the mean time, you can't transact using your account. File a ticket: <URL>",English,banking,"authority,distraction,time/urgency",bdo,gg.gg,0c6f149620a0e15d,0.471536219113121,0
Today 1:49 PM,UBPH ALERT : In compliance with the Sim Registration Act of <DATE_TIME> Please update your <LOCATION> number at,English,telecom,"authority,time/urgency",ubp,,bf1de9e91eed3490,0.47158532333766745,0
24-4 8:14 PM,Your Tikona WI-Bro service bill of <LOCATION> is overdue. Pay online immediately to avoid late payment charges. Ignore if already paid.,English,telecom,"authority,time/urgency",tikona wi-bro,,abb2f7b5a62fded6,0.47173666131973474,0
"Sunday, January 28","IRS: Your account is missing some info that we need to comply with financial regulations , login at <URL> With idme to keep your account activated. The mission of the IRS is to help <NRP> taxpayers",English,government,"authority,time/urgency",IRS,,550b051f6b998114,0.4717427059374277,0
"Thursday, 30 July 2020","Tax Ref: ******5151. Your <DATE_TIME> tax calculated results is -<US_DRIVER_LICENSE>.38, based on the information at SARS disposal. You can accept or edit your return through the SARS digital channels. Failure to do so may result in SARS raising an estimate assessment. For more info, visit the SARS w",English,government,"authority,time/urgency",sars,,86024bb82d3e9cae,0.47181842529382717,0
"1:59 PM, Jan 24","Alert Notification - #4Q84WFRM : IRS Government MSG : IR-2018-616, 25 January,2024 - Many taxpayers, at risk for having too little tax withheld from their pay, can avoid a surprise <DATE_TIME> tax bill by quickly updating the withholding from they give to their employer, according to the IRS Please get your tax return Transcript",English,government,"authority,time/urgency",IRS,t.ly,300f02a877c85030,0.47185088995251784,0
,Congratulations!! Your Application Number <US_DRIVER_LICENSE> For Personal Loan Is In Pending Status. Download App & Confirm Now :,English,banking,"authority,distraction,need and greed,time/urgency",,,16bb1bd1b6b4a900,0.47193051802260005,0
"Wednesday, 03 October 2018 14:13","BTC Luno Users, secure and validate your wallet in <DATE_TIME> to avoid Deactivation, Tap-",English,banking,"authority,time/urgency",btc luno,,e2f762de064a7ee1,0.47195679737480123,0
Today 4:59 PM,We have temporarily suspend your debit and credit card. because you did not updated yet. if you want to reactivate immediate call us 31XXXX48 at once.,English,banking,"authority,time/urgency",unknown,,1f5fd6dbcdc633e5,0.4719643818064855,0
Mar 8 9:14 AM; Today 3:23 PM,Dear HDFC USER A/C will be blocked <DATE_TIME> Update PANCARD for KYC Verify login <URL><NAMED_ENTITY> USER A/C will be blocked <DATE_TIME> Update PANCARD for KYC Verify login <NAMED_ENTITY>. <URL><NAMED_ENTITY> Click <URL>,English,banking,"authority,time/urgency","HDFC Bank,State Bank of India",,10b4c951367e80e6,0.47202826582439095,0
Today 18:37,"Luno BTC Customers,Validate your wallet in <DATE_TIME> to prevent Deactivation,Click- <URL> to keep wallet active.",English,banking,"authority,time/urgency",luno btc,,eeb5da9cfc95b42f,0.4721401329655314,0
1:32 PM,REGISTER FOR VACCINE NOW for people 18+ above!!,English,government,"authority,time/urgency",,,66bcfcefe4331624,0.4721415477223928,0
"today, 1:08 am",Auspost: We informs you that your shipment is still waiting for instructions from you. For more information click in link below :,English,delivery,"authority,distraction,time/urgency",auspost,,7db83ddd50669dd3,0.4721829060457229,0
,Please click on the following link to answer a quick security question <URL>,English,others,"distraction,time/urgency",,,bb7ca8dbddbc55f0,0.47218527579824104,0
Today 6:39 PM,"Dear Students, This is to gentle request to all regarding casting Vote for Skoch Award for ""Opeartion Pusti"" - an initiative o f District Magistrate, <LOCATION>. Kindly download the link below to enter the details and cast the vote. Kindly complete the voting by <DATE_TIME>.",English,government,"authority,time/urgency",skoch award,,5ad968af6a5512fd,0.4724159704616585,0
Today 09:50,I saw your private photo here <URL> urgent visit to delete them,English,others,"distraction,time/urgency",,,aa3051ea001ca274,0.4725543184602813,0
13:47,"INR 11,000 is credited to you A/C No. on <DATE_TIME> through NEFT. Check your balance.",English,banking,distraction,,,2deb4f8de579029b,0.47295570568816364,0
8:36 am,<US_DRIVER_LICENSE> is the <NAMED_ENTITY> to login to SBI Card Website for your Credit Card ending <US_DRIVER_LICENSE>. OTP valid for one <NAMED_ENTITY>. or 5 mins only. Do not share it with anyone.,English,banking,"authority,distraction,time/urgency",State Bank of India,,99fe2064c214aada,0.4732111035083932,0
"06:57, 26/08/2019",iponeX Free Give...,English,others,need and greed,,,0eb3ca766ea2c293,0.47333761007447817,0
,"Dear I am a HR. You are selected for Part/Full time. Now you may earn upto Rs.20,000/Day. Apply <URL> Principal",English,others,"authority,need and greed",,wa.me,203f721f9c40ad03,0.47334602345710114,0
"Tue, 27 Feb, 12:09 PM","Recharge done on <DATE_TIME>,MRP:Rs93.00,GST 18% payable by Company/ Distributor/ Retailer,TransID1743722720. Enjoy Unlimited All Local,STD & Roam Calls & 1GB 3G/4G data, <DATE_TIME> All L+S <DATE_TIME>. For Non Commercial Usage.T&C ApplyEXTRA 1GB for <DATE_TIME> on First time download of Airtel TV App, Click <URL> .Dial *121*<DATE_TIME>.",English,telecom,"distraction,need and greed",Airtel,,c8b6d048951c2ef5,0.4733759025360848,0
Wednesday • 4:23 PM,"After thorough investigation of your issue [<US_BANK_NUMBER>], we regret to inform you that we are currently unable to cater to your <URL>ank you for your patience. After thorough investigation of your issue [<US_BANK_NUMBER>], we regret to inform you that we are currently unable to cater to your <URL>ank you for your patience.",English,others,,,,e2843c8f28b428af,0.4733941029114703,0
Thursday 10:58 AM,"Hi <NAMED_ENTITY>, just checking in to see how you're managing your health. Do you have any questions or need assistance with appointments, medications, or anything related to your healthcare? Please reply to this message, and we'll be ready to help!",English,wrong number,kindness,,,16c499cb5db52779,0.47346057868161207,0
"Friday, 2 July, 2021 13:50","<NAMED_ENTITY>, billing depart- ment staff of P.D.Hinduja Hospital was glad to serve you. In case you are happy with our staff please give a missed call on <DATE_TIME>. In case you are not happy please give a missed call on <PHONE_NUMBER>.",English,others,"authority,kindness",pdhinduja hospital,,e18d612e40cb20ae,0.47366193307486076,0
13:50,"<NAMED_ENTITY>, billing department staff of P.D.Hinduja Hospital was glad to serve you. In case you are happy with our staff please give a missed call on <DATE_TIME>. In case you are not happy please give a missed call on <PHONE_NUMBER>.",English,others,authority,pdhinduja hospital,,3e16668c0f5c5a85,0.47366193307486076,0
,"Your package is waiting for delivery. Confirm the settlement (1.65 EUR) in the following link, click here: 👇",English,delivery,"need and greed,time/urgency",,,be5699c93018a86d,0.47384344286672525,0
,"Your package is waiting for delivery. Confirm the settlement (1.65 EUR) in the following link, click here:",English,delivery,"distraction,time/urgency",,,61aca600291d0d02,0.47384344286672525,0
,"Hello, thanks for contacting us, Please be informed that in line with Financial Act <DATE_TIME>, stamp duty now applies to all accounts. <US_DRIVER_LICENSE> will be charged on our savings account on all deposits and electronic transfers from <US_DRIVER_LICENSE>,000 and above. We understand how you feel about these debits and hope the above clarifies your concerns. Regards",English,banking,authority,unknown,,06a9ba1f28be0cf9,0.47388922659115096,0
12:37,We need to update your account to avoid error and delayed transactions using GCash Kindly Fill-up first Full-Name: GCash Number: Birth Date: Email:,English,banking,"authority,need and greed",gcash,,0174637379fd863e,0.4739878254948316,0
,USPS - planned dispatch of the package <DATE_TIME> has been changed. Please verify here >,English,delivery,"authority,time/urgency",USPS,,3d67ceb64533edad,0.47401472564183444,0
"Monday, 7 March 2022",Order Rejected: HIGHLANDER Men Mustard... with tracking ID MYNC0034083979 will be returned to seller since the product was not accepted during delivery. Contact CS for further assistance. Click to give feedback: <URL>,English,delivery,"distraction,time/urgency",,,5ae5e373e8e3cd2f,0.4740592698634312,0
19:31,DEAR SBI USER. Your A/C will be blo...,English,banking,"authority,time/urgency",State Bank of India,,c0431374f808dfdd,0.4740903348018371,0
,"Dear SBI user, Your A/C will be blocked...",English,banking,"authority,time/urgency",State Bank of India,,2c7340852697b6b2,0.4740903348018371,0
"Saturday, October 29 10:25","Your package was put on hold by the post office due to an incomplete delivery address, please fill in the address online.",English,delivery,"authority,distraction,time/urgency",post office,,221de6e8f5da8f60,0.4741207838860287,0
Today 4:40 PM,"Hi MANOJ <NAMED_ENTITY>, we have initiated repair work on your <NAMED_ENTITY> scooter DL2GD1376. Keep an eye on your <NAMED_ENTITY> and Emails for subsequent updates.",English,others,authority,ola,,b75322cfba22696f,0.4741585688368219,0
21:48,"Further verifications are now required , Please follow the provided steps : <NRP>",English,banking,"authority,distraction,time/urgency",Monzo,,f886aa9c406b5643,0.4743782111806743,0
Today 21:17,"Further verifications are now required , Please follow the provided steps :",English,others,distraction,,,d271e6b0e83b57e9,0.4743782111806743,0
Today 20:20,Your PTSB visa card has been used in an online transaction at 20:11 Not you? <URL> as soon as possible.,English,banking,"authority,time/urgency",ptsb,,5b20334b818255eb,0.47450106244425844,0
11:42 AM,"(including this one), and then we’ll send you a new card. FYI, any unauthorized charges will remain on your account until you report them and get a new card. Sign in here to get started: <URL> If you suspect fraud on your account, call us ASAP at 1-800-CAPITAL.",English,banking,"authority,time/urgency",capital one,,3f1bda87d60103b1,0.4745030365210056,0
2022-06-30,"You've been exposed to someone with <NAMED_ENTITY> (Omicron). You are required to take immediate action, to order a PCR test, visit: health-care- <URL>",English,others,"authority,time/urgency",,,dec0d76e9cf07145,0.4745267690148167,0
8-10 8:19,Complaint No: <US_BANK_NUMBER> Your Complaint Has Been Registered. We Will Get Back To You Soon With Transaction Status. THANKYOU.-NPCI,English,banking,authority,npci,,29f5c422540dea73,0.4745592901526092,0
00:56,Payment Failed : Please fill the form below within <DATE_TIME> to avoid suspension : <URL>,English,banking,"authority,time/urgency",,,62ecb5f03026b7b6,0.4747658693491495,0
24/09 14:54:49,"Confirmation: You set up a new recipient on 24/09 at <DATE_TIME> from your account. If this wasn't you, go to <URL>",English,banking,"authority,distraction,time/urgency",halifax,,7a2308d1fbe7566b,0.4747960986839142,0
"Today, 1:37 PM","You have (1) message from AT&T, visit <URL>",English,telecom,"authority,distraction",at&t,,e16764003b42c7ea,0.4748041666317158,0
"Sunday, 17 November 2019 10:10 pm",<NAMED_ENTITY> is for txn of INR <US_DRIVER_LICENSE>.00 at Flipkart Internet Private on card ending 6347. Valid till <DATE_TIME>. Do not share OTP for security reasons.,English,banking,"authority,time/urgency",flipkart,,88618de438dd58f6,0.47493333376981706,0
2:11 pm,RM0.00 (OMD) Your requested <NAMED_ENTITY> is <US_DRIVER_LICENSE>. Ignore this if didn't request for OTP.,English,others,,,,95c9bc45f36f95cd,0.47494249371807906,0
9:55 pm,RM0.00 (OMD) Your requested <NAMED_ENTITY> is <DATE_TIME>. Ignore this if didn't request for OTP.,English,others,distraction,omd,,7de82b1ff4bc6539,0.47494249371807906,0
10:44 AM,"<DATE_TIME> cost <US_DRIVER_LICENSE>.00. Main Bal: <URL>O YAKATA ! Enjoy up to 6GB Data <DATE_TIME> for 6months & <US_DRIVER_LICENSE>,200 on every <US_DRIVER_LICENSE> recharge. dial *220#",English,telecom,"authority,need and greed",glo,,5f42474ef0c5dbe0,0.475018301192316,0
"Jan 2, 11:56","Dear VIP, your application is approved, please check ur job {wa/<US_DRIVER_LICENSE>}, TRUEKINDLE",English,others,"authority,time/urgency",truekindle,,d4589470e7536691,0.47503089631352924,0
now,G-<US_DRIVER_LICENSE> is your Google verification code.,English,others,authority,google,,bd32d8307c4c9913,0.47506848532137846,0
"Nov 13, 9:38 AM",Your Reliance General Insurance OTP verification code is <DATE_TIME> and is valid for 60 secs.,English,others,authority,reliance general insurance,,f46bf7c2703c59c3,0.4750739962188027,0
06/04/2018 10:30,"Dear Mr <NAMED_ENTITY>, We would like to invite you to an interview. Position: Junior IT <NAMED_ENTITY>: Bhp Billiton Energy Coal South32(Witbank) NB: Please contact your HR co-ordinator MR <NAMED_ENTITY> at <PHONE_NUMBER> to confirm your bookings <DATE_TIME> not later than <DATE_TIME>. Kind Regards, Bhp Billiton HR Department",English,others,"authority,time/urgency",bhp billiton energy coal south32,,ad7c0423605c2104,0.47507532470241504,0
"Friday, March 25, 2022 2:25 PM","Amazing news! , your application has been accepted. Finish the process: <URL>",English,others,"need and greed,time/urgency",,,01ba665e053a11e4,0.4752674971101724,0
,Medi-care: Someone with omicron has recently been in close contact with you. You must immediately get a testkit now at: <URL>,English,government,"authority,distraction,time/urgency",medi-care,,50c1f0f2ebb4b822,0.4755001434991208,0
"Friday, today",Monzo: Hello Online. We have identified a LOGIN from a new device. If you DID not LOGIN from a new device please visit:,English,banking,"authority,distraction,time/urgency",Monzo,,5ccd75fa0fc01c35,0.4755353363208146,0
11:10,We have received your loan application no <US_DRIVER_LICENSE>. Sanction decision will be communicated within <DATE_TIME> subject to doc clearance.,English,banking,time/urgency,,,504ae29e43e4e3a2,0.4756185520147881,0
Yesterday 5:52 PM,We have received your loan application no <DATE_TIME>. Sanction decision will be communicated within <DATE_TIME> subject to doc clearance.,English,banking,"authority,time/urgency",,,4a997e33a4f22896,0.4756185520147881,0
1:34 PM,Attention Ronak! Your current PayZapp will be discontinued soon. Upgrade to all-new PayZapp and pay your way! Upgrade: <URL> - HDFC Bank,English,banking,"authority,time/urgency",HDFC Bank,,d3974f6c6da7257d,0.4757122146173466,0
Today 1:27 PM,Attention <NAMED_ENTITY>! Your current PayZapp will be discontinued soon. Upgrade to all-new PayZapp and pay your way! Upgrade: <URL> - HDFC Bank,English,banking,"authority,time/urgency",HDFC Bank,,6756e0d2692b9f67,0.4757122146173466,0
Today 1:52 PM,REMINDER: Confirm your $165.30 refund through our digital form. Refund available until <DATE_TIME>: <URL>,English,others,"need and greed,time/urgency",,,f13ee2a9f2d6b305,0.4757813067721281,0
8:25 AM,Entrego will attempt to deliver your ING Bank package <DATE_TIME> today.,English,banking,"authority,time/urgency",ING Bank,,86588e8c2dca9646,0.47590123703773657,0
14-Nov-2020 16:31:19,Hello! We have received your request for service Parent Pack for activation at Rs.99 for <DATE_TIME>. It is being processed and you will receive a confirmation shortly.,English,others,,,,abcee59580198c4b,0.4759995197993407,0
"Wednesday, January 26, 2022 3:44 PM",We may owe you up to 657.17. A recent order caused us to overcharge you <DATE_TIME>. Your refund is ready: <URL>,English,others,"need and greed,time/urgency",,,6f42d73c9c9f2507,0.47607914576992677,0
42 min,T-Mobile Alert: There's a new version of the Visual Voicemail app available now. In order to check your voicemail messages you need to download the latest version of the app at <URL>,English,telecom,"authority,time/urgency",T-Mobile,,7c9ee29da6faf8b8,0.4761096639385583,0
"Wednesday, Oct 5 • 10:47 PM","T-Mobile Alert: There's a new version of the Visual Voicemail app available now. In order to check your voicemail messages, you need to download the latest version of the app at <URL>",English,telecom,"authority,time/urgency",T-Mobile,,74fd270d7633eeb7,0.4761096639385583,0
Friday Yesterday 09:22,FNB:-) Your Account is not updated on the 2023 server and will be blocked in <DATE_TIME>. Click-> <URL> & Update Account,English,banking,"authority,time/urgency",fnb,,ed4135a513cfdc3a,0.47613586411653863,0
17:10,FNB:-) Your Account is not updated on the 2023 server and will be blocked in <DATE_TIME>. Click-> <URL> & Update Account FNB,English,banking,"authority,time/urgency",fnb,,01f3aa451b5697cc,0.47613586411653863,0
Yesterday 11:52,FNB:-) Your Account is not updated on the 2023 server and will be blocked in 24hrs. Click-><URL> & Update Account FNB,English,banking,"authority,time/urgency",fnb,,578d36de2d520ed6,0.47613586411653863,0
Today 1:47 PM,Your account got locked. Log in to verify it.,English,others,time/urgency,,,c2eeb3258d04b8b5,0.47618073016242407,0
12:51 PM,Your account got locked. Pass an addional verification to unlock it manually.,English,others,"authority,distraction",,,04f685815dd23f40,0.476240096182315,0
2:05 PM,USPS - We regret to inform you that we are unable to deliver your package due to a missing address. Update address: <URL>,English,delivery,"authority,time/urgency",USPS,,3ae45ec30af2de44,0.47625331799192433,0
2023-10-01 17:28,Alert: You must visit (<URL>) within <DATE_TIME> to complete face scanning verification. Otherwise your <NAMED_ENTITY> will be disabled.,English,government,"authority,time/urgency",singpass,,e218a62a01a3d523,0.4762741378970391,0
"Tuesday, 23 Nov • 9:11 am",Pickup Today: Your AJIO pickup with partner <PHONE_NUMBER> PIN 7426. Track: <URL> Please share the pickup code <DATE_TIME> with the pickup partner for confirmation on status. - Shadowfax,English,delivery,time/urgency,Jio,,50977c649e521388,0.47631613463141825,0
Today 1:02 PM,Dear_SBI User YOUR State_<URL>COUNT Will be CLOSE TODAY Due TO Incomplete kycUpdate Online PAN-N00pen The Link_ <URL> SBIkyC App,English,banking,"authority,time/urgency",State Bank of India,shrtco.de,d06f11faa9e4da80,0.47632183778366227,0
"Thursday, 23 December 2021","Thank you for registering with us. Your registration No. is [REDACTED]. You are a VISITOR, Entry Fee Charges Rs.1000*/ - . Use this registration No. with your <NAMED_ENTITY>, Original Photo ID Proof & Full Vaccination Certificate to get your badge at the venue. Thanks Team JJS2021. Terms and Conditions",English,others,authority,team jjs2021,,8dd3f1f32ab7a384,0.47640043918692804,0
10/05/2017 8:49PM,"Dear Customer, NEVER share card, CVV, PIN, <NAMED_ENTITY>, personal details with any one in emails, phone or social media even if the persons claims to be from the Bank.",English,banking,"authority,distraction",,,5452806f558e1db0,0.4764140100866276,0
19:04,Item AY836574839RE is due for delivery in <DATE_TIME> with a fee of 2.90 (EUR). To pay this visit: <URL>,English,delivery,"distraction,time/urgency",post office,,864e38ccef7edb8e,0.47651002524000236,0
11:25,"Part-time, <DATE_TIME> salary of 3,000 rupees no time limit, no fees please contact customerservice. Please add Whats-App:<URL>",English,others,need and greed,,wa.me,5760f105188dd415,0.47656048012453145,0
6:40 AM,"Dear SANDEEPVA RMA, Incometax advice you to follow <URL> and submit a request for the remittance of your approved refund of Rs54,290.99.",English,government,"authority,need and greed,time/urgency",incometax,bit.ly,c0ae8d01545b32fa,0.47658550902104685,0
"Heute, 01:38","Your package delivery is on hold. To reschedule, you must pay these customs charges: <URL>",English,delivery,"authority,need and greed,time/urgency",deutsche post,,e95372a5a46cfcf4,0.47668748456665566,0
1 min ago,DEAR HDFC USER Your HDFC Netbanking will be Block t...,English,banking,"authority,distraction,time/urgency",HDFC Bank,,931d5dc13bc6f4c2,0.4767107944230251,0
5月1日曜日・15:45,<<#> Please enter <US_DRIVER_LICENSE> into LINE within <DATE_TIME>. JFoQLtyexga,English,others,"authority,time/urgency",line,,16bdeb080aeac89e,0.47671509436138104,0
11:16,Please enter <US_DRIVER_LICENSE> into LINE within <DATE_TIME>. JFoQLtyexga,English,others,time/urgency,line,,a6a5f8b80ed96f0e,0.47671509436138104,0
18:01,Your number currently being traced. For the insults against Officer of the law. IPID tracking .Sent from <US_BANK_NUMBER> from the my <NRP> <URL>t 20 free sms per day.,English,telecom,"authority,time/urgency",vodacom,,fef334fcd27a2bf7,0.47682353032465963,0
5:04,"Hi Sanjeeb <NAMED_ENTITY>, your <NAMED_ENTITY> service is done and we've delivered your ride back to you. Please do not forget to change your passcode back to your <DATE_TIME> passcode. Check your email for more details.",English,others,authority,ola scooter,,0bf46d82e16c15ab,0.47701309174122314,0
Today 7:22 PM,Hi Alpesh Narendrakumar Rawal your <NAMED_ENTITY> service is done and we've delivered your ride back to you. Please do not forget to change your passcode back to your <DATE_TIME> passcode. Check your email for more details.,English,others,,ola,,6b8e3f3a72d807be,0.47701309174122314,0
Yesterday 7:39 PM,ROG ALERT* The outage that took our networks offline caused inconvenience to all our users. We offer you our most sincere apologies in addition to a compensation of $90.00. Get it here:,English,telecom,"authority,distraction,need and greed",rog,bit.ly,e5f9fefbea147a9b,0.4770685319729383,0
10 februari 18:51,<NAMED_ENTITY>: Your friend added to their Story! Tap to view: <URL>,English,others,distraction,snapchat,,76e11732065cb975,0.4770958741351434,0
02-Jun-17 01:19 AM,"Recharge done on <DATE_TIME>,MRP:<US_DRIVER_LICENSE>.00,PF: 345.96,STax:Rs52.04,Talktime: Rs1.00,Balance:Rs0.35,TransID: <US_PASSPORT>,Benefit:Unlimited all Local and STD calls with 250MB data. For 4G Handset with 4G SIM extra 1<LOCATION> data. Validity <DATE_TIME>. T and C apply.",English,others,,,,4dd92e5e184e650e,0.47712776803143914,0
Today 11:52 AM,Hi! With regards to your DND-related complaint no. 4-<US_BANK_NUMBER> with reference no <US_DRIVER_LICENSE>-<US_BANK_NUMBER> we found that your complaint was registered beyond the window of <DATE_TIME> after receiving the Call/SMS. Hence we are unable to take further action & have closed your complaint. Just in case you aren't happy with our resolution you can appeal at 198 (Toll Free) within <DATE_TIME>.,English,others,,,,99db12c187c18789,0.47716037327456884,0
19:28,Army card Rs 10 using this link,English,others,need and greed,,,2de13d3f8c69c136,0.47718534384018296,0
2:14 pm,ONE MOTORING - You have entered the blacklist investigation period please process your unpaid toll within <DATE_TIME> after receiving the SMS <URL>,English,others,"authority,time/urgency",one motoring,t.ly,2e716c7453953cb4,0.47754107819868935,0
10:09,We would like to notify you that you have an outstanding vehicle tax refund of £104 from an overpayment.,English,government,"authority,need and greed",,,dbbf12de2246fd53,0.477562764982525,0
17:07,RM0.00 BOOST: your number boost (018-313XXXX) <NRP>! please <NAMED_ENTITY> here,English,banking,"authority,need and greed,time/urgency",boost,,bab96ecd0fc35fb2,0.4775639094193839,0
"Jan 13, 2022, 20:16:44 GMT-05:00",<US_PASSPORT> is your Facebook code H29Q+Fsn4Sr,English,others,"authority,distraction",facebook,,1df80f149cc41e36,0.4776590517808972,0
"06:04, Wednesday, 24 March",26499 is your Facebook code H29Q+Fs n4Sr,English,others,distraction,facebook,,1b26c4f4a21ddaa2,0.4776590517808972,0
11:15 AM,"Dear Sir/Mam, We apologize for the inconvenience you have faced and are forwarding your complaint against the delivery agent for updating the wrong remarks and strict action will be taken against him. Meanwhile, we are sharing the issue with our team and request you to allow us <DATE_TIME> for the next update against AWB-<US_BANK_NUMBER>. Best Regards <NAMED_ENTITY> Customer Experience Delhivery",English,delivery,"authority,distraction",delhivery,,368b2d9b7ce7e50f,0.47768335806449824,0
Today 9:09 AM,Your Credit Score Your <DATE_TIME> Credit Score Changed? Check If It Is Below 590 <URL> For Free <URL>,English,banking,"distraction,need and greed,time/urgency",,,2032035238e6320b,0.4777194248831163,0
2022-05-02,NHS-ALERT: We identified you as a contact of someone who recently tested positive for Omicron. You must book a home test kit: per-,English,government,"authority,time/urgency",nhs,,d31609f51e49ba97,0.4779707752610869,0
"Saturday, November 5, 2022 20:40","T-MOB: Here is a gift to show ""thank you"" for your outstanding payment history. Congrats! <US_DRIVER_LICENSE>.c0m/OwWSP7qcg6",English,telecom,"authority,need and greed",T-Mobile,,c60b4d111024e862,0.4780151658597512,0
jueves 12:03 p. m.,Ne'tf!ix:<US_DRIVER_LICENSE> Your Subscr!pt!ons has_expired <URL> here to Re_new your bills //@<URL>,English,others,"authority,time/urgency",Netflix,,683f6e8ee510c2bf,0.4780161158908256,0
2022-06-20,We identified you as a contact of someone who recently tested positive for Omicron. You must order a home test kit. Please visit:,English,others,"authority,time/urgency",,,3956f12e51a41069,0.4780727399980163,0
27 March 2022 10:23,"Your request for Bajaj Finance Insta EMI card is not <URL> Get important information about your Current Financial Health,Click <URL>",English,banking,"authority,need and greed,time/urgency",bajaj finance,,b276d2f25f99371c,0.4781133687650563,0
11:25 am,At just Rs.18 get 350MB (150MB + 200MB) bonus data valid for <DATE_TIME>. Offer valid till <DATE_TIME>. Dial *<DATE_TIME>*3*<DATE_TIME> to buy,English,telecom,"need and greed,time/urgency",,,f1090e1dae8453bd,0.478161843029603,0
2019-04-03T09:39:00,Pickup scheduled: Your Pepperfry product Petal Computer Table ... with order ID <US_PASSPORT> will be picked up <DATE_TIME> by <NAMED_ENTITY>. Contact No. <US_BANK_NUMBER>,English,delivery,authority,pepperfry,,10608e553feed1a1,0.4782618957850129,0
Yesterday 09:11,"Get upto 4% interest p.a. on your Kotak 811 A/<URL>e Kotak 811 App to deposit money via Google Pay, PhonePe or other UPI Apps: <URL> .T&C",English,banking,"authority,need and greed",Kotak Mahindra Bank,,473c8d57acb565c7,0.4783856265857164,0
"Sat, Sep 3, 6:12 PM","[<LOCATION> POSTAL] Package cannot be delivered due to mismatching address, please correct on <URL> to recieve",English,delivery,"authority,time/urgency",us postal,,234ebe1d27e34a6d,0.47841909373325775,0
9:55,Your Onetime Password for registering Home Credit application is <DATE_TIME>. Please ignore this message in case you have not requested for <NAMED_ENTITY>. <NAMED_ENTITY> us at <DATE_TIME>. Your Onetime Password for registering Home Credit application is <US_DRIVER_LICENSE>. Please ignore this message in case you have not requested for <NAMED_ENTITY>. <NAMED_ENTITY> us at <DATE_TIME>. Your Onetime Password for registering Home Credit application is <US_DRIVER_LICENSE>. Please ignore this message in case you have not requested for <NAMED_ENTITY>. <NAMED_ENTITY> us at <DATE_TIME>. Your Onetime Password for registering Home Credit application is <US_DRIVER_LICENSE>. Please ignore this message in case you have not requested for <NAMED_ENTITY>. <NAMED_ENTITY> us at <DATE_TIME>.,English,banking,authority,home credit,,89dad29cf1406dcb,0.4784763882114149,0
9:55,Your Onetime Password for registering Home Credit application is <DATE_TIME>. Please ignore this message in case you have not requested for <NAMED_ENTITY>. <NAMED_ENTITY> us at <DATE_TIME>. Your Onetime Password for registering Home Credit application is <US_DRIVER_LICENSE>. Please ignore this message in case you have not requested for <NAMED_ENTITY>. <NAMED_ENTITY> us at <DATE_TIME>. Your Onetime Password for registering Home Credit application is <DATE_TIME>. Please ignore this message in case you have not requested for <NAMED_ENTITY>. <NAMED_ENTITY> us at <DATE_TIME>. Your Onetime Password for registering Home Credit application is <US_DRIVER_LICENSE>. Please ignore this message in case you have not requested for <NAMED_ENTITY>. <NAMED_ENTITY> us at <DATE_TIME>.,English,banking,"authority,distraction",home credit,,45983dcfb3a99726,0.4784763882114149,0
3:38 PM,Dear Your electricity P0wer will be disconnected <DATE_TIME> because your b! ll not updated. Contact power office <NAMED_ENTITY>,English,others,"authority,distraction,time/urgency",electricity power office,,653bd479c49621c8,0.4785426300830787,0
08:27,NOTICE! <NAMED_ENTITY> of <US_DRIVER_LICENSE>.00 on TVLic <PHONE_NUMBER> remains unpaid. Pay via EasyPay 920 504 704 220 158 to avoid further action. HC <US_BANK_NUMBER>,English,others,"authority,time/urgency",,,c53d93cc7b5b7208,0.47859957212173593,0
07:00 PM,Dear custmer your SBI credit crd rward P0ints worth IN <DATE_TIME> expred by <DATE_TIME>. Kindly redeem your P0ints in csh by click here,English,banking,"authority,distraction,need and greed,time/urgency",State Bank of India,,6f29e73b3630fbed,0.47866433657661933,0
Today 2:34 am,LinKt reminder: Please pay your toll bill $6.95 ASAP. Click <URL> for details.,English,others,"authority,time/urgency",,,98cc1ca2d856cc73,0.4787864006532097,0
"12:49 PM, Monday, January 15","IRS: Your account is missing some info that we need to comply with financial regulations , login at <URL>cs tw/2pDSyL?PCE=oavzsqXdgz With idme to keep your account activated The mission of the IRS is to help <NRP> taxpayers understand and meet their tax obligations and to provide",English,government,"authority,time/urgency",IRS,,da21e510876f179a,0.4788531475019118,0
16:52,DearEmployees You are selected join our company and wage is 9700 RS. <URL> RegardsSTRAIVECorporateHRTeam,English,others,need and greed,straive corporate,,699ef2b613ff5395,0.47886303011655157,0
"Friday, 7 October 2022 11:28 am","Hello, I am the management of the company, we have passed your job resume application, the salary is 5500-9000 per day. please contact:",English,others,"authority,distraction",,,f7e7243739c9bf3e,0.478963511474956,0
25-04-23 20:56:48,Debit INR 326.80 A/c UPI/P2M/IRCTC App/Paytm Pay SMS BLOCKUPI Cust ID to <DATE_TIME> if not you - Axis Bank,English,banking,"authority,time/urgency",Axis Bank,,243e487603a55c3a,0.47897731993488407,0
09:15,Dear Customer With reference to your trailing mail kindly note that: PNR No <PHONE_NUMBER> TDR was filed on <DATE_TIME> HRS Date of Departure was <DATE_TIME> (Train actual departure time as recorded in the system). As per railway refund rules in case of train late if the ticket is cancelled or surrendered or if the request for refund of fare is filed online after the actual departure of train then No refund of fare shall be admissible. So your claim was not accepted by the Coaching Refund System. Please visit to <URL> under heading refund Rule w.e.f.<DATE_TIME> Inconvenience caused is deeply regretted.,English,others,authority,irctc,,9420c81d40e38ac4,0.4790043055727388,0
12:23,Your account is suspended. Unblock it manually. <URL>,English,banking,"authority,time/urgency",bendigo bank,,f13c0ee5ceab0b46,0.479018356803337,0
"Wed, Aug 31, 12:13 PM","Hi, it's AT&T. Great news! You've paid off at least 50% of your current phone. If you're interested in learning about our offer on the iPhone 13 <NAMED_ENTITY>, reply YES to receive details.",English,telecom,"authority,need and greed",at&t,,ac29114a684a11b3,0.4791551669628307,0
10:05 AM,"TECHNICAL PICK BUY 9000 SHARES OF "" MOHIT INDUSTRIES "" IN NSE ABV 50 FOR INTRADAY TGT 56++ INSIDER NEWS CO. TO DECLARE BONUS 4:1 ON <DATE_TIME> MIDCAP-GURU",English,others,"authority,need and greed",mohit industries,,642c68486a64b106,0.47919669660468334,0
Today 16:38,We received a request to delete your Telegram account all data will be wiped if it is not you please log in to <URL> to block this request.,English,others,"authority,time/urgency",telegram,,bc86151114bdedcb,0.4792395800412869,0
19:06,AN POST: Item AY836574839RE is due for delivery in <DATE_TIME> with a fee of 1.99 (EUR). To pay this visit <URL>,English,delivery,"authority,need and greed,time/urgency",an post,,d837b09d6846ed29,0.4792731379047469,0
09:53,"Dear PleaseNotice Earn Rs 800-5000 per day easily, work online, no time limit, contact: <URL> PrincipalBPSNNL",English,others,need and greed,,wa.me,6b93ca1cfac0572e,0.4792894160646463,0
12:50 pm,"There is a part-time job, you can use your mobile phone to operate at home, you can earn 200-3000 rupees a day, <DATE_TIME> a day, new users join to get you 50 rupees, waiting for you to join. Reply 1 and long click the link to join us asap.",English,others,"need and greed,time/urgency",,,c5165ee1bb482fda,0.47932710070807916,0
Today 1:04 PM,"Hello, I am the head of the human resources department of Smart Nation company, our company is currently recruiting part-time employees. Wages are paid <DATE_TIME>. You can work from home and earn 200 to 800 RM per day. The job is simple and can be done anytime, anywhere. To apply for this position, please contact us via WS WhatsApp: <URL> WhatsApp<PHONE_NUMBER>",English,others,"authority,need and greed",smart nation,wa.me,d677fb23fb3cc16c,0.479353629685191,0
Sunday 28 May 2023 21:19,"Hello madam <NAMED_ENTITY> have sent 6.8M via western union clear containers secret word ""blue"" M.T.C.N password is (34582BMWM) Call/sms <UK_NHS> Dr:<NAMED_ENTITY> From <LOCATION>.",English,banking,"authority,need and greed,time/urgency",western union,,aedfa10a28a17fd8,0.47938920255907413,0
5-27 15:00,"B D O Alert: Your account is under investigation for unusual transactions. For the mean time, you can't transact using your account. File a ticket:",English,banking,"authority,distraction,time/urgency",bdo,gg.gg,af00bb21465b3e65,0.47942791863938283,0
14:23,LunoBTC Trader:your lunoBTC account Will Be deactivated <DATE_TIME> if not validated on the <DATE_TIME> 2FA API Platform. tap-><URL> &validate now.,English,banking,"authority,time/urgency",lunobtc,bit.ly,b319a585bf4bb7b6,0.47943358513070994,0
17-2 15:04,Avail benefits of pradhan mantri <NAMED_ENTITY> hi form apply kre form sirf 100/rupees in ajeetgarh <LOCATION> call <PHONE_NUMBER>,English,government,"authority,need and greed",pradhan mantri awas yojna,,b2b129b14f66816b,0.47946153739997344,0
,"POS/ATM Transaction Rs. 2,006.82 from A/C No XXXXXXXX206. Balance available Rs. 101,573.18. Thank you for banking with ABC Bank.",English,banking,"authority,distraction",abc bank,,6d82e37a207c118c,0.4796440093791842,0
Yesterday • 10:26 PM,Here is an opportunity for you to benefit from extra unemployment insurance funds relief bonus set up by federal Government with a sum of $2400 every week as Taxes Refund Benefit Program for every citizen Act Plan. Apply here : ( <URL> ),English,government,"authority,need and greed,time/urgency",federal government,,1ec97be040699406,0.4796641037277956,0
8:15 pm,Instant redeem your INDUSIND credit card reward points before expiring by <DATE_TIME> worth INR 5650 visit here,English,banking,"authority,time/urgency",indusind,rb.gy,2503b0e0fca5e695,0.479670256473194,0
Today 12:07,Your order <DATE_TIME> is ready for collection from ROCHDALE. Simply bring a copy of your email as proof of purchase. Thanks for shopping at <LOCATION>,English,delivery,"authority,time/urgency",matalan,,1ae829ddff8d2de1,0.4796704999889667,0
2019/12/12 17:07,"Saps test at elangeni fet college inanda ohlange on <DATE_TIME> at 10.00 bring ID,pencil ruler eraser. Reply if you have written only",English,others,,,,d9a33169961d5208,0.479713264637362,0
Sunday Feb 12 9:36 AM,Your <NAMED_ENTITY> for secured online payment is <DATE_TIME> (Ref. Code: NEER).For security reasons do not disclose this <NAMED_ENTITY> with anyone.,English,others,"authority,time/urgency",,,ed3525e3c69df9af,0.4797749944380262,0
Today 7:21 AM,<NAMED_ENTITY> has sent you an e-Transfer refund of 50.00$. Deposit: <URL> Fido Solutions,English,telecom,"authority,need and greed,time/urgency",fido,bit.do,842e8894a35006c4,0.47979839141544595,0
"Today, 11:23 PM","Hi, with rgds to your feedback ref no <US_DRIVER_LICENSE>. our mgr tried calling <URL>ever, your no. was not reachable. Pls click on the link and suggest an alternate time. Link: <URL> <NAMED_ENTITY>",English,delivery,"authority,distraction,time/urgency",dominos,,9460e1ec33c0e565,0.4798537656854083,0
"2:11 pm, Thursday, 9 December, 2021","Dear Mr./Ms.I am Manager <NAMED_ENTITY> , Complete your online J0b Application to start getting Rs.5999-8999 / DAY. Click <URL> Regards,Society-sss",English,others,"authority,need and greed",society-sss,wa.me,742e8237c779bcb1,0.47986351568601826,0
Today 4:40 PM,FACEB00K: Your Two-factor-Auth was removed. Please re-confirm your phone number: <URL>,English,others,"authority,time/urgency",facebook,,6615cc040cf39222,0.4798689911832661,0
Today 14:26,A Photo/Video message was sent to you but couldn't be delivered. A notification on how to view this message will follow shortly. Your password is: 5&7Qn=<NAMED_ENTITY> I've sent you <NAMED_ENTITY>. Go to <URL> Your message is valid for <DATE_TIME>,English,telecom,"authority,time/urgency",ee,,089b21a42e602ecc,0.48000106471916815,0
25-01-2020 07:03 pm,Dear Sir you are escaping from your respons- ibility as I have given you the ph no. <PHONE_NUMBER> of Mr <NAMED_ENTITY> who is your representative and committed the fraud. <NAMED_ENTITY> was sent from your official sms hence you should take the responsibility of the fraud and return the amount for Rs 2000 to me as you are morally bound to do.,English,others,"authority,kindness",,,3405eaed1d19972d,0.480004318086806,0
"7 January 2022, 12:33 am",Greetings from RBL Bank! Recd Cash of Rs. 2150 only on <DATE_TIME> against LOAN NO/CARD NO. XXXXXXXXXXXXXXXXX3802 vide Receipt no. SIF10 03707_BE_T_1002815.,English,banking,authority,rbl bank,,fdc93a6d5810a135,0.4801205150026236,0
"Today, 7:21 PM",You Paid Rs.26 at <LOCATION> faridabad Toll Plaza of HR26CF5801 on <DATE_TIME> 19:21:01. <NAMED_ENTITY> Rs.877.00 Txn ID: FT2107619106832633,English,others,,badarpur faridabad toll plaza,,4ab7b5fe1eda8442,0.48016417486052226,0
16 Dec 2022,Your refill record shows your HP Gas cylinder might be empty. Your refill is booked. DAC- <URL> cancel or pay use <NAMED_ENTITY>,English,others,"authority,time/urgency",hpcl,,dfa828a8807becbb,0.4802048428482477,0
Today 12:56 AM,"<DATE_TIME> is the <NAMED_ENTITY> for your transaction of INR 5,250.00 at Nxtify Technologies on your RBL Bank Credit Card ending with 1286. Valid for one time use. Do not share it with anyone.",English,banking,authority,rbl bank,,7814ac86990ca2c6,0.48021435576883986,0
Today 8:14 am,AusPost: Delivery attempt on 25/5; your package is currently held at the post office. Track your parcel at <URL> for redelivery arrangements.,English,delivery,"authority,time/urgency",auspost,,4448bbb509e58143,0.4802494385799719,0
Today 11:34 AM,"<NAMED_ENTITY>: NEVER SHARE YOUR OTP. LAZADA will not request <NAMED_ENTITY> from customers. OTP to login is confidential. For more info, visit <NAMED_ENTITY>",English,others,authority,lazada,,39d921ca71878b3a,0.48036824024398744,0
1:39 AM,"Attention Based on available information with Income Tax department it appears that you were required to file ITR for <LOCATION> <DATE_TIME> but have not filed yet. Please file your ITR or submit online response under e-Campaign tab on Compliance Portal. Access Compliance Portal after login to the e-filing Portal (<URL>) go to ""Pending Actions"" tab click on ""Compliance Portal"" and select ""e-Campaign (AY <DATE_TIME> onwards)"". On Compliance Portal under e-Campaign list view campaign type ""Non-Filing of Return"". Please ignore if ITR has already been filed. - ITD",English,government,"authority,time/urgency",income tax department,,a779a81e925536e6,0.480683273211119,0
"21-Jun-2020, 19:40 IST","<US_DRIVER_LICENSE> is your One Time Password for online purchase, Amex card ending 31006, if not requested call the number on back of card.",English,banking,"authority,time/urgency",amex,,74488a5b6926f39e,0.4810016077186338,0
Today 4:31 am,Time is running out! Your Vodafone points (5131 points) will expire soon Visit vodofa ... to redeem your Rewards points and enjoy great offers,English,telecom,"authority,distraction,time/urgency",Vodafone,,53732a027ae39a2d,0.4810222810411126,0
,"OKX New security settings updated, all okx users need to log in to upgrade at <URL> otherwise this will affect your OKX account functions.",English,banking,"authority,time/urgency",okx,,7c186f1d516c5076,0.48105844868562087,0
Thursday 16 March 2023 14:43,<NAMED_ENTITY> are invited to attend an interview at O'Keeffe & Swartz on <DATE_TIME> @ 09:30am. Please bring a pen copy of your CV and certified copies of your ID & Matric certificate to <LOCATION> 318 <LOCATION>. Kind Regards OKS Recruitment - 011 777,English,others,authority,okeeffe & swartz,,e1365d9abe49d952,0.4812236779307657,0
11:55,9158 is your One Time Verification (OTP) code to confirm your phone no at Lenskart. <LOCATION>,English,others,authority,lenskart,,50e79cd031d76a9b,0.4812252120260232,0
15:53,"ROYAL MAIL: Hi, we have missed your delivery <DATE_TIME>. Please visit <URL> to book <DATE_TIME> redelivery and pay the subcharge of 1.45 (GBP).",English,delivery,"authority,time/urgency",royal mail,,29ab9977b2a03a73,0.4813261152839581,0
"18:38 Thu, Jun 22",Download OTA provisioning enabler package: http://localhost:9080/DownLoader/InstructionDownLoader/1187950364530226390/165227586057611061/SADM-<DATE_TIME>.apk/<URL>ml,English,others,"distraction,need and greed,time/urgency",,,d40e982b829d2a01,0.48148797804429383,0
11:40,"Enjoy free 600MB <DATE_TIME> on ayoba games, chats, news & entertainment. Just download the ayoba app @ <URL> . Fair usage of 20MB free <DATE_TIME> applies.",English,telecom,need and greed,ayoba,,cc06d1b57a35edcb,0.48151536910869847,0
03:45,Amazon security alert. Tap link to respond: <URL>,English,delivery,"authority,time/urgency",Amazon,,8fbed625d25aa54f,0.4815489431091495,0
12:01 AM,GOOD NEWS!! <NAMED_ENTITY> is giving free 25GB Data Daily for <DATE_TIME> Download app now and <NAMED_ENTITY> to acivate offer Link: <URL>,English,telecom,"authority,distraction,need and greed,time/urgency",Jio,tiny.cc,f8d4b3c097e487bd,0.48155038746583334,0
Wed 13:31,We need to verify some information to avoid restrictions please follow instructions at:,English,others,"authority,distraction,time/urgency",,,a616f6694f30f79f,0.4815776621606514,0
"Sunday, 21 August 2022 2:13 pm",LINKT: Our record indicates that you have an e-toll trip dated <DATE_TIME> was UNPAID. Please make an online payment over,English,others,time/urgency,linkt,,6d09ffb77d0c4ed6,0.4816060206365897,0
3:50 pm,Dear SYED <NAMED_ENTITY> Thank you for your interest in TVS Jupiter. We have received your enquiry and TVS dealership will get back to you shortly. You may also call TVS - Shanthi Motors on <PHONE_NUMBER>. Thank you.,English,others,,tvs,,c4b5cee34c4a56df,0.48183019578210984,0
Tuesday 9:00 AM,"Greetings, your box was delivered on <DATE_TIME> to our drop-off place. Read more about your pickup here:",English,delivery,"authority,time/urgency",,,0a6cff72d091b0ec,0.4818426247126185,0
Today 6:03 PM,BANKOFMONREAL: (Account restricted) Please visit: <URL>,English,banking,"authority,time/urgency",bankofmonreal,,76e8dcfa50e068a5,0.4818457499623526,0
Yesterday · 2:13 pm,Your parcel is ready for delivery. Confirm your shipping details. Check here: <LOCATION>,English,delivery,"distraction,time/urgency",,,7316564024174b2b,0.48186038850642154,0
2:48 PM,BSNL KYC UPDATE(2)(2)(3)(1).pdf,English,telecom,authority,BSNL,,d3fd3873ed3bb8d8,0.48188599482598193,0
"Saturday, 5 September, 2020 16:33",Your plan Unlimited Data is now active on JioFiber Service ID <DATE_TIME>. Entitlements: Benefits 1. Unlimited data Validity and Speed - As per base plan You can view your current and queued plans by clicking on <URL>,English,telecom,authority,Jio,,7906fe2ab60dc4b4,0.48190633549756884,0
11:18 AM,Airtel VIP Nos <PHONE_NUMBER> <UK_NHS> <PHONE_NUMBER> <PHONE_NUMBER> <PHONE_NUMBER> <PHONE_NUMBER> <PHONE_NUMBER> <DATE_TIME> Booking call Jeetu <DATE_TIME>,English,telecom,authority,Airtel,,95fc4faca42ef1dc,0.4819168215362737,0
"Saturday, 6 February 2021 18:47","ARAMEX: Your order <US_DRIVER_LICENSE>**** is ready, pay the shipping costs (12.99 AED) to be delivered on <DATE_TIME> :",English,delivery,time/urgency,aramex,bit.ly,e28599eafcc619d1,0.4823077545495877,0
"Friday, 26 July 2019 11:09",Your A/C can be credited with Rs. <PHONE_NUMBER>. Enter your details & check now <LOCATION>,English,banking,"need and greed,time/urgency",,,dd5e6630c3e41dac,0.48234113982504956,0
"Tuesday, 21 September 2021 20:20",ACH Debit mandate registered for Rs. 35000.00 /- with frequency ADHO in HDFC Bank A/c <URL>XXXXXXX26282 for Razorpay software pvt ltd with UMRN No.HDFC7023008210019349.,English,banking,authority,HDFC Bank,,042c9f12919e429d,0.4824762079876464,0
12:10pm,Your AIB visa card has been used in an online transaction. Not you? Visit as soon as as possible.,English,banking,"authority,distraction,time/urgency",aib,,fe9c33f918f06efe,0.4825410996877329,0
,"414. Receive $5,000 <DATE_TIME> Quick Cash Loan With Any Credit Type-Approval in a Minute Apply Here",English,others,"need and greed,time/urgency",,,6ed8e56cbb24708b,0.48258537153831677,0
"Oct 8, 10:39 AM","LIMITED TIME OFFER! 50% DISCOUNT on GOtv <NAMED_ENTITY>! Pay <US_DRIVER_LICENSE>,800 into IUC <UK_NHS> before <DATE_TIME> Pay online or on MyGOtv App. Account will be activated in 24hrs",English,others,"distraction,need and greed,time/urgency",gotv,,a2b6441f6abdf710,0.48264682946667253,0
10:39 AM,"LIMITED TIME OFFER! 50% DISCOUNT on GOtv <NAMED_ENTITY>! Pay <US_DRIVER_LICENSE>,800 into IUC <UK_NHS> before <DATE_TIME> Pay online or on MyGOtv App. Account will be activated in <DATE_TIME>.",English,others,"need and greed,time/urgency",gotv,,9516d47dbaf828c6,0.48264682946667253,0
Dienstag 11. Apr. • 00:41,<NAMED_ENTITY> : The delivery of your package is currently blocked at the customs center. Please note the shipping costs. Visit : https://deutschepost-zollgebü<URL>,English,delivery,"authority,time/urgency",deutsche post,,f6390c366b6bfed9,0.48269520838836116,0
29 June 2020 13:59,"HSBC SECURITY ALERT: A payment was attempted from a new device. If this was not you, please login to: <URL>",English,banking,"authority,distraction,time/urgency",HSBC UK,,c372913572dc0ed5,0.48272676946379556,0
Today 4:59 PM,We have temporarily suspended your debit and credit card. because you did not updated yet. if you want to reactivate immediate call us 31XXXXX48 at once.,English,banking,"authority,time/urgency",unspecified bank or financial institution,,d559ce086d1095fa,0.4831302690744435,0
Yesterday 7:04 AM,U.S.P.S - The package has arrived at the warehouse and cannot be delivered due to incomplete address information. Confirm your address at the link.,English,delivery,"authority,time/urgency",USPS,,9e4fc95f00af75f1,0.4833612858011049,0
"Today, 5:56 PM",Please give us a call regarding <NAMED_ENTITY> at <PHONE_NUMBER>,English,others,authority,,,ad938b6fb696777b,0.4837698604436364,0
Today 1:26 PM,You have entered data to a website that gives access to your personal information. Check the websites you last visited here <URL>,English,others,"distraction,time/urgency",,,7036626794db87e8,0.48379293799593115,0
12:09 pm,My name is <NAMED_ENTITY> from <LOCATION> I have urgent proposal to share with you. For more details kindly contact me <NAMED_ENTITY>,English,others,"distraction,kindness,time/urgency",,,01b900a786b9f019,0.48380514147963305,0
"Tuesday, 1 December 2020 09:45",We'd like to switch on push notifications to help you stay on top of your money and help spot fraud. We'll send you a text from 60263 with next steps.,English,banking,"authority,distraction",,,172290bfcd440634,0.48384398806336926,0
Today 17:57,"We attempted to deliver your package at <DATE_TIME> on <DATE_TIME>, <DATE_TIME> but no one was available. Your parcel was returned to our depot and you need to reschedule your package delivery. Please reschedule your package delivery by pressing here <URL>",English,delivery,"authority,time/urgency",royal mail,,bb52cf0643d9d78b,0.4839140622803385,0
Yesterday 6:47 PM,Dear Customer Thank you for the transaction done <DATE_TIME> at SBI 14917 branch. Plz click on the given link to share your experience. <URL> The feedback may be provided before <DATE_TIME>. No Personal Information would be captured. SBI,English,banking,"authority,time/urgency",State Bank of India,,a3d8f0ee1060b632,0.48396347555754365,0
10:41 pm,Dear Customer Thank you for the transaction done <DATE_TIME> at SBI 10670 branch. Plz click on the given link to share your experience. <URL> The feedback may be provided before <DATE_TIME>. No Personal Information would be captured. SBI,English,banking,"authority,time/urgency",State Bank of India,,0c1f1ec6545c1319,0.48396347555754365,0
12:10 pm,Your account got suspended. Log in to verify it.,English,others,"authority,distraction",,,2ca5bd9ba979ed13,0.4840449403066713,0
1 8:53,"Don't want to keep minimum balance in your account and won't have more than four debits in <DATE_TIME>? Open BSBD A/c. To know more, give missed call to <DATE_TIME>",English,banking,distraction,bsbd,,ac8dd60b602abd02,0.4841663930571036,0
11:30 am,ASB: You have just attempted a payment to <NAMED_ENTITY>. If this was NOT you please immediately cancel via: <URL>,English,banking,"authority,time/urgency",asb,,13dd83ef7746bc96,0.4842252536450599,0
11:30 am,ASB: You have just attempted a payment to J HUS-SAIN. If this was NOT you please immediately cancel via: <URL>,English,banking,"authority,time/urgency",asb,,e7dbb07d7efe23b5,0.4842252536450599,0
"Tuesday, 20 August 2019 15:19",Your A/C no. XXXXXXXX63839 can be credited with Rs. 30000. Enter your details & check now,English,banking,"authority,need and greed",,,fb457612663584f5,0.48431064594640977,0
5:36 PM,"Your account balance is 100 rupees and the order you received is 297 rupees. Now you need to recharge 197 to your account. The commission for completing this order is 23.76 rupees, and 320.76 rupees can be withdrawn for completion of the task, which will be received in <DATE_TIME>.",English,others,need and greed,,,35612d5b6e305415,0.48447442271017993,0
Today 11:07 AM,CANADA POST: We regret to inform you that a package addressed to you is being returned to sender due to an incorrect address. To route your package back to you as soon as possible and to the right address please click here <URL> Please be aware there will be a small charge of $1.25 for this service.,English,delivery,"authority,need and greed,time/urgency",canada post,,b64994f507597148,0.48475865253536315,0
14:58,Your Ref. Code is <DATE_TIME> DO NOT DISCLOSE to others Bank of America <LOCATION>,English,banking,"authority,distraction",Bank of America,,79c9e93a0a64cccf,0.4849746130230037,0
Today 12:45,Thank you for the payment of Rs.100.00 through HDFC Bank SmartHub Vyapar Digital Receipt <URL>,English,banking,authority,HDFC Bank,,152955a161d2ec44,0.4850907188975624,0
Today 19:38,Our firmware has a critical vulnerability with the risk of losing assets. Please visit <URL> and update it.,English,banking,"authority,distraction,need and greed,time/urgency",ledger,,044c37ead1bc42b0,0.4853466180988291,0
"['Jun 6, 2021 at 11:51 AM', 'Aug 3, 2021 at 2:00 PM']","['Amazon: Account data access attempt from <LOCATION>, <LOCATION>. Tap link to respond.', 'Amazon: Sign-in attempt from <LOCATION>, <LOCATION>. Tap link to respond.']",English,others,"authority,time/urgency",Amazon,,6ef23080ed375af5,0.4853599626622565,0
Today 8:54 am,Package EY89521144AU was unsuccessfully delivered. To reissue a delivery go to <URL> and verify your phone number. STOP: <URL>,English,delivery,"authority,time/urgency",auspost,,c56a730500e2e536,0.4853884489700058,0
18:12 Monday 19 December,<NAMED_ENTITY>: Your package has an unpaid fee of €1.90 To pay this visit: <URL> to avoid parcel being sent back to sender.,English,delivery,"authority,need and greed,time/urgency",anpost,,93f13e6dc5284c14,0.48544803337199205,0
18:44,<NAMED_ENTITY>: Your package has an unpaid fee of 1.90 EUR To pay this visit: <URL> to avoid parcel being sent back to sender.,English,delivery,"authority,need and greed,time/urgency",anpost,,e726050bdb224f7e,0.48544803337199205,0
09:21,Account Suspended. Please read this:,English,others,,,,864fdf4b55293b6a,0.4855109166758921,0
Today 14:35,"Hey, this is <NAMED_ENTITY> from Walmart. You have an item addressed to you. Can you please collect it by <DATE_TIME>?",English,delivery,"authority,time/urgency",walmart,,42761b76c29dadd6,0.48554739388687423,0
Today 11:32 AM,Congratulations! Your request no xx78 is approved. Rs <US_BANK_NUMBER> successfully transferred in your A/C. Confirm Now- <URL> Marketing,English,banking,"need and greed,time/urgency",,,6a0c702cea8d74ff,0.4855722316145124,0
Today 14:58,<NAMED_ENTITY>:Your parcel is awaiting delivery. we need you to confirm payment (1.80 AUD) for receipt before <DATE_TIME>. <NAMED_ENTITY>,English,delivery,"authority,time/urgency",aupost,t.co,471e3e305b73bfc6,0.48561962786767016,0
2022-08-30T09:57:00,Your shipment PO135920134ZA was to be delivered on <DATE_TIME> to your drop-off-point. Collect it here: <URL>,English,delivery,"distraction,time/urgency",,,3762e9d792b7c2f3,0.4857596886391524,0
16/01/2018 2:43 PM,<NAMED_ENTITY> ( Bse Code - <US_DRIVER_LICENSE> ) Buy Above 5.25 SL 5.10 Target 7.50 - 10.25 Total Shares Buy 25000 . Buy & Hold for <DATE_TIME>.,English,others,need and greed,amson,,4b9a13d54e9bad36,0.4857662379721798,0
"Tue 12 Jan, 17:47","LLOYDS ALERT: You have successfully paired a new device on <DATE_TIME> at 17:37PM. If this was NOT you, visit: <URL> Whatever you’ve done with this number. Please stop",English,banking,"authority,time/urgency",Lloyds Bank,,2a32e744430c174c,0.48580508229219693,0
09:37,"Your auspost parcel is pending delivery, Please settle it through the following link: <URL>",English,delivery,"authority,distraction,time/urgency",auspost,,209c91a9d1338480,0.48598027884726763,0
8-1 11:21 AM,You have opted-out of Rs23 auto-debit for <DATE_TIME> validity.Outgoing services <NAMED_ENTITY>...,English,telecom,"authority,distraction",,,776e53c06d749827,0.48598895981465273,0
9:05 am,Thanks for your Spam SMS report. The ACMA will only contact you if more info is required. <URL>. Privacy info: <URL>,English,others,authority,acma,,08382803623e6b1d,0.4861969175755935,0
"['10-11 11:02 AM', '10-11 12:09 PM', '12-12 10:08 PM']","['DMI Finance has requested payment of INR 1570. You can pay through this link:', 'DMI Finance has requested payment of INR 1570. You can pay through this link:', 'DMI Finance Pvt Ltd has requested payment of INR 3140.00. You can pay through this link:']",English,banking,"authority,time/urgency",dmi finance,,02f326a626db0bc9,0.486324805203548,0
2019-09-11 09:53,"Hi, legal action might be taken for your unpaid dues with <NAMED_ENTITY>. Please use the link to clear your bill on <NAMED_ENTITY>: <URL> . Ignore if already paid.",English,others,"authority,distraction,time/urgency",ola,,0f5a25f7bdb3f440,0.4864684611761382,0
Fr. 18. Nov. 09:09,Sorry you did not pass the review process. The reason for failure is as follows: As per updated compliance standards regarding EU anti-money laundering directives you must complete the latest identity verification process to access Binance services.. Please read the FAQs and Help section on our website and retry.,English,others,"authority,time/urgency",Binance,,d1ec1d662adc235b,0.4866090359679694,0
Sunday • 10:23 am,Limited period offer with <DATE_TIME> Loans by Axis Bank. Get instant and digital sanction of Rs. <US_DRIVER_LICENSE>. Apply now <URL> .T&C-Axisbk,English,banking,"authority,need and greed,time/urgency",Axis Bank,,d665aacef23c23ab,0.4868075903027716,0
"May 16, 2022 at 12:28 PM","Did you purchase 1 gift card(s) from Steam Card Delivery? Reply YES or NO, if YES continue with order. If NO, reject the order.",English,others,"authority,distraction,time/urgency",steam card delivery,,86b0d5fb6545276c,0.4868274326802778,0
,Beware of fraud SMS! <NAMED_ENTITY> never ask to call on any number except <DATE_TIME> and send disconnection message to CA no with arrear. Be alert and safe-TPCODL.,English,others,authority,tpcodl,,bcfeb9c3724f88b8,0.48691396271164483,0
Today 17:11,You have tested positive for <NAMED_ENTITY>. You can now tell us more information online. Link: <URL> Username:JonDoe345 Pass:BS*&L3L3tL,English,government,"authority,distraction,time/urgency",phe public health england,,9e997e4d38d3e2ce,0.4869308515296214,0
"Jul 28, 2022 at 6:01 AM",<LOCATION> Shipping: Your package has the wrong address and has been temporarily suspended. Please take steps to reactivate it after replying to [ok].,English,delivery,"authority,distraction,time/urgency",us shipping,,4ca8e5d3f4100d1a,0.48693327726821495,0
14:39,"Your Yes loan is due,please repay it on time and avoid contacting your family!",English,banking,"authority,time/urgency",yes loan,bit.ly,a2d7c207d64e169a,0.4870276781283056,0
22:54,The £324 Cost of Living Payment will be paid automatically from <DATE_TIME>. For more information search online for DWP Cost of Living Payment,English,government,"authority,time/urgency",dwp,,48a0abd01af8dd55,0.4870659166702385,0
Today 14:42,A suspicious login at <DATE_TIME> from an unknown device was found. If this was not genuine please login via <URL> to secure your online.,English,others,"distraction,time/urgency",,bit.do,585076c18dc46398,0.4870750192280321,0
11:53 am,"Dear Shopper, On <DATE_TIME>, you took 4th place in our <DATE_TIME> Draw. Please collect it within <DATE_TIME>: <URL>",English,others,"distraction,need and greed,time/urgency",,,e45a7487011b9efb,0.4871147390192176,0
02-02-23 6:00 PM,Alert: A/c no. ending with 5432 is credited with Rs 12000 on 02-02-23 by a/c linked to VPA (Ref No 273647XXX). Check Balance here: <URL>,English,banking,"authority,need and greed",,,7eac04df1ae55d65,0.48750889487845395,0
"Wednesday, 8 July 2020",Yes/no <URL>z ans me Plz chak new plan *<DATE_TIME> Rental*-<US_DRIVER_LICENSE> Red Entertainment +18%gst =472 Unlimited Calling (Local/STD/NR) 40GB Data 100 sms Local/STD/Nat roam per month Data roll over-200<LOCATION> *Entertainment* * Amazon prime video - 6 manth membership,English,telecom,"distraction,need and greed",,,6cf7a4e3ee121ca1,0.4875844629146465,0
Saturday 1:29 PM,"Hi <NAMED_ENTITY>! Just following up to see if you received my message. If you would like to know if you are qualified, or to receive more information, please visit this link. Have a great day.",English,others,distraction,,,54785871fdc69be7,0.4876332823197612,0
,Good <DATE_TIME> <NAMED_ENTITY>. Apologies for the delayed response. We regret the inconvenience caused with the mix up of SMS sent to you. Unfortunately your account doesn't qualify for a 50% offer what we have is a speed upgrade offer for you account. Kindly top up <LOCATION>. 798 for a speed upgrade. ^EK Dial *502# to get your Zuku Fiber account details,English,telecom,"authority,need and greed",zuku fiber,,aa3c226ac79ee8ab,0.4877441292540664,0
11/01 19:25,"LLOYDS: A payment was attempted from a NEW DEVICE on <DATE_TIME> at 19:25. If this was NOT you, please visit: <URL>",English,banking,"authority,distraction,time/urgency",Lloyds Bank,,6d5c9de60a4b52ce,0.48783753397929913,0
"Today, 05:58","Your direct debit details are invalid, please update them at <URL> or you may be fined or towed away.",English,government,"authority,distraction,time/urgency",dvla,,77f4a06c77d34b06,0.48784841229760734,0
Today 19:27,"Hermes: Your package has a £1.45 shipping fee, to pay this now visit <URL>. Failure will result in your parcel being returned to sender.",English,delivery,"authority,time/urgency",hermes,,0f186bf878089519,0.48799109276771274,0
"Feb 7, 2022  13:58",Alert Ref: VWRPq! <NAMED_ENTITY>! Read complete msg now :,English,banking,time/urgency,,,c448da8a54eba56b,0.48800947195339445,0
Today 10:58,"Your parcel is being held at our depot due to an unpaid £2.70 shipping fee. Please pay the fees before <DATE_TIME>, <DATE_TIME> otherwise the parcel will be returned to sender.",English,delivery,"distraction,time/urgency",,,cd087803d1b60c71,0.4880207652166509,0
"Friday, 26 February 2021",Your parcel is being held at our depot due to an unpaid £2.70 shipping fee. Please pay the fees before <DATE_TIME> otherwise the parcel will be returned to sender.,English,delivery,"distraction,time/urgency",,,5185c1e11a9d6ed2,0.4880207652166509,0
14:32,"ANZ: We noticed suspicious activity on your account and had to suspend it, pl...",English,banking,"authority,time/urgency",anz,,a3a99c53cd4304e8,0.4880455678424554,0
Saturday 10:44,FROM: Savings Bank ACC LOCKED SUBJ: Go to <LOCATION> MSG: ACCOUNT-ID: agioitneop !,English,banking,"authority,time/urgency",savings bank,,90ab93d167c5adf3,0.48810430225033763,0
"Today, 2:28 PM","<NAMED_ENTITY>, An enquiry was made by <URL> to check the validity of your SBI Card. We wish to inform you that the same has been successfully validated.",English,banking,"authority,distraction",Amazon,,27835ece72e830aa,0.488280974940589,0
1:33,You have a package to pickup. Find more info here <URL><NAMED_ENTITY>...open info,English,delivery,distraction,,,74378c272166be47,0.48836695388394014,0
"Monday, April 19th, 2021",SMS Alert Fee-24/01-<DATE_TIME> SMS Alert Fee-24/02-<DATE_TIME> SMS Alert Fee-24/12-<DATE_TIME> SMS <NAMED_ENTITY>,English,others,,,,18b37213914f45bc,0.48837742761413455,0
24/11/2020 20:05,"LLOYDS: A new payee has been authorised on <DATE_TIME> at 20:05. If you DO NOT recognise this, please visit: <URL>",English,banking,"authority,time/urgency",Lloyds Bank,,25b2d15925dab779,0.4884047592994493,0
"Mon, Apr 17 at 2:05 PM","NTFLXID: <US_BANK_NUMBER> Your SUBSCRIPTION IS ON ""HBO"" Renewal you bill now: [url]",English,others,"authority,need and greed,time/urgency",Netflix,,8bd795c6e90c44ed,0.4884097586702099,0
"Monday, 10 January 2022 08:21","R 10.00 Investment credit paid into your dormant account, visit FNB branch <DATE_TIME> before 12H00 to activate account ,Bring ID and proof of Res not older th",English,banking,"authority,need and greed,time/urgency",fnb,,8a2d7acaedf0ed61,0.48843426454554545,0
['9:57 pm 13 September 2022' '7:00 am 14 September 2022'],Payment of import duty/tax is required for DHL Express 6XXXXXXXX926 from XXXXXX LTD.. Pay securely at,English,delivery,"authority,time/urgency",DHL,,859cdf674c9794e7,0.48866823628755857,0
"Today, 11:42 AM",Dear consumer your electricity power disconnect <DATE_TIME> contact now! Billing officer <DATE_TIME> be cause bill not update Thanks <NAMED_ENTITY>,English,others,"authority,distraction,time/urgency",seagul,,6ba15bc0fa4144e1,0.4888202086335899,0
2:55 PM,Dear consumer your electricity power disconnect <DATE_TIME> contact now! Billing officer <PHONE_NUMBER> be cause bill not update Thanks <NAMED_ENTITY>,English,others,"authority,distraction,time/urgency",seagul,,072fae5e7a22c38a,0.4888202086335899,0
"Today, 11:21 AM",Dear consumer your electricity power disconnect <DATE_TIME> contact now! Billing officer <DATE_TIME> be cause bill not update Thanks Mittal,English,others,"distraction,time/urgency",mittal,,fada23597f1b54e2,0.4888202086335899,0
"12/19/21, 13:23","Dear VIP, your application is approved, please check ur job {<URL> TRUEKINDLE",English,others,"authority,distraction,time/urgency",truekindle,wa.me,a945a34f9a71aa4e,0.4888331889507759,0
"12/24/21, 12:42","Dear VIP, your application is approved, please check ur job <URL> TRUEKINDLE",English,others,"authority,time/urgency",truekindle,wa.me,08948e7fea310a4c,0.4888331889507759,0
3:42 pm,Your credit score is 686 Clean-close RBL Bank Credit Card to avoid future loan rejections <URL>,English,banking,"authority,distraction,time/urgency",rbl bank,,427a50cb12034e30,0.4889290993592973,0
Today 03:17,Your email address is no longer confirmed to confirm your email click the link below: <URL>,English,banking,"authority,time/urgency",Revolut,,7be6451d164bd58f,0.48894725642539694,0
"Fri, Sep 8 at 11:08 AM","It's <NAMED_ENTITY> I'm asking for your opinion, not $. Take our new <DATE_TIME> Priorities Survey by <DATE_TIME>! The road to victory starts NOW > <URL> STOP=end",English,others,"authority,time/urgency",,,b82289a23ba7da59,0.4890238948900948,0
,"Royal Mail: Your Parcel Has A £1.99 Unpaid Shipping Fee, To Pay This Now Please Visit <URL> If You Do Not Pay This Your Parcel Will Be Returned To The Sender",English,delivery,"authority,time/urgency",royal mail,,8cfecdcc23c61473,0.4890380403100387,0
Thursday 9 February 2:59 pm,ATO Notice: We need to verify the claims in your recent 2020 2021 2022 kindly verify your amendment via the myGov link,English,government,"authority,time/urgency",ato,,c765185bfcb0339d,0.4890381729309899,0
10:04 AM,"[<LOCATION> post] - Your package is on hold due to an address problem, please fill in the correct address: <URL>",English,delivery,"authority,time/urgency",us post,,4d263d61fee1072b,0.48906741781300056,0
20:12,DVLA:We have identified that you still have an outstanding vehicle tax refund from an overpayment. To process please visit <URL>,English,government,"authority,need and greed,time/urgency",dvla,,24b97e07917f5585,0.4890898263191403,0
"Tuesday, March 30, 2021 00:10:5",Vat On Sms Alert Charge For 19feb2021-25mar2021,English,others,,,,d90d8dc47222fd14,0.4891017886402952,0
04/02/2021 at 13:49,"LLOYDS: A new payee has been authorised on <DATE_TIME> at <DATE_TIME>. If you DO NOT recognise this, please visit: <URL>",English,banking,"authority,time/urgency",Lloyds Bank,,1eedd967c237528c,0.4891020141197541,0
7:56 PM,Pickup Cancelled: Pickup of Honor Band 5 with tracking ID FMPR0196783226 from <URL> has been cancelled as you decided to keep the product. Click to give feedback:,English,delivery,"authority,distraction",flipkart.com,,29ee3d3a64c64d66,0.4892213481948099,0
06:26 PM,Pickup Cancelled: Pickup of Young trendz Women Spo... with tracking ID FMPR0259891720 from <URL> has been cancelled as you decided to keep the product. Click to give feedback:,English,delivery,"authority,distraction",flipkart,,39f6e42100868eb7,0.4892213481948099,0
Today 8:05 PM,Pickup Cancelled: Pickup of realme Narzo 50A Prime (<NAMED_ENTITY>... with tracking ID FMPR0406622339 from <URL> has been cancelled as you decided to keep the product. Click to give feedback:,English,delivery,"authority,distraction",flipkart,,04ca584951fd2569,0.4892213481948099,0
56 mins,Facebook Important Notice . We are sending this notification because your last post was reported. Please verify your membership at: <URL>ine to avoid the limitation. Thank you!,English,others,"authority,time/urgency",facebook,,03ed436120276336,0.48927215961703296,0
Today 9:23 am,Westpac Alert: We need to verify your credentials:,English,banking,"authority,time/urgency",westpac,,ab17718c71f8c809,0.4892846609646319,0
Today 7:14 PM,"Alert Notification - #LKG55 From : IRS Government MSG : IR-2018-616, 25 January,2024 - Many taxpayers, at risk for having too little tax withheld from their pay, can avoid a surprise <DATE_TIME> tax bill by quickly updating the withholding from they give to their employer, according to the IRS Please get your tax return Transcript",English,government,"authority,time/urgency",IRS,,df715802e17ddff4,0.48928718405654975,0
Today 13:10,"Hermes: Sorry we missed you earlier, we have your parcel, to book a redelivery follow the link https:// <URL>",English,delivery,"authority,time/urgency",hermes,,89459375fa822fae,0.4895686142185995,0
"May 23, 2022 at 10:44","GD43 XVLL 18836: Debit of $450 has been made on <DATE_TIME>, 2022 7:30:26, kindly look into details.",English,banking,"authority,time/urgency",,bit.ly,7d5c51cbea74ed8c,0.4896257666745586,0
9:37,"Hi <NAMED_ENTITY> , Due to unavoidable circumstances, we need to change* your booking UORF9411 to another hotel. Click on <URL> to select new hotel. We're sorry for inconvenience caused. For any concern, click <URL> Thanks for choosing OYO. *T&C Apply",English,others,"distraction,time/urgency",oyo,,5b9b3f8eb519c8e9,0.489636270883612,0
Wednesday • 13:40,Dear SBI USER A/C will be blocked <DATE_TIME>. Update PAN CARD for KYC verify login <NAMED_ENTITY> with <NAMED_ENTITY> here <URL>,English,banking,"authority,time/urgency",State Bank of India,,3ef4e5869da3afbb,0.489636611381865,0
Yesterday 10:41 PM,"Your <US_DRIVER_LICENSE> Mega Plan will be renewed in <DATE_TIME>. To ROLLOVER UNUSED DATA, dial *141*5000# and renew your bundle NOW. To cancel renewal, dial *141*10000*<DATE_TIME>.",English,telecom,time/urgency,mega plan,,1ef53d239bca17e5,0.4896479501922163,0
Today 12:16,VISA 472*09******* locked. AUTHENTICATE to restore now :,English,banking,"authority,time/urgency",visa,,ac8db1561b8ed86c,0.4896835590689103,0
2:32,refund for your payment will be initiated after <DATE_TIME> if you don't setup an instant refund account. it can take <DATE_TIME> to credit the refund amount in your bank. setup a refund account to get the money within <DATE_TIME>.,English,banking,"distraction,time/urgency",,,47ad8f3e6ab94299,0.48973854350599944,0
Today 10:59,This message is brought to you by the Department of Transport and the RTMC. Your vehicle has been identified as being part of a safety recall campaign. You will be contacted by the manufacturer who will provide you with an appointment to visit their service centre. Please ensure that you engage in this critical safety matter as directed. Walking at night? Don't walk alone.,English,government,"authority,time/urgency",department of transport and the rtmc,,2f4fbe78219d9226,0.4898883566032996,0
10:54 AM,"Smishing, or SMS phishing, is a great way for hackers to steal your information. Don't fall for their tricks -- here's everything you to know.",English,others,"authority,distraction",,,c227fa9d65f85e75,0.4899142055831734,0
10:54 AM,Smishing or SMS phishing is a great way for hackers to steal your information. Don't fall for their tricks -- here's everything you to know.,English,others,,,,c3c2aa4782472200,0.4899142055831734,0
Today 13:09,P.M.E.G.P loan Amount-1 to 25 lakhs Interest 4% yrly Subsidy - 35% Loan return timing <DATE_TIME> Starting 6 months- No interest nO instalment Call-<US_BANK_NUMBER>,English,banking,"authority,distraction,need and greed",,,9587fdc6bf03f50c,0.49015572664310236,0
,Did you attempt wire transfer amount of $7500? We have issues with your shipping address. activity on your account You’ll get $130 freebies transfer amount of $7500. shipping adress. activity on your account You’ll get $130 freebies Did you attempt wire,English,banking,"distraction,need and greed,time/urgency",,,540112e0aec6b279,0.49037537782880064,0
,Did you attempt wire transfer amount of $7500? We have issues with your shipping address. activity on your account. You’ll get $130 freebies transfer amount of $7500. shipping adress. activity on your account. You’ll get $130 freebies Did you attempt wire,English,banking,"distraction,need and greed,time/urgency",,,f659108414e29d83,0.49037537782880064,0
Today 23:14,Your email is no longer confirmed to avoid a restricted account follow instructions at: <URL>,English,others,"authority,time/urgency",,,413c417f4cc4315b,0.49037717332280367,0
6m,MY3ALERTS: We couldn't process your bill for <DATE_TIME>. Proceed via: <URL> to continue using your allowances.,English,telecom,"authority,distraction,time/urgency",my3,,e474d2d3d1a67c6d,0.49040561358497703,0
"Oct 13, 2019 at 10:38 AM",View your receipt from Gold Canyon Candles by <NAMED_ENTITY>: <URL>,English,others,,gold canyon candles,,2212d203877ad782,0.49041754346157784,0
15:36PM,"HSBC: A payee has been added from a NEW DEVICE at <DATE_TIME>. If this wasn't you, cancel this via",English,banking,"authority,time/urgency",HSBC UK,,2d4b5a0c975a658f,0.4904547719937238,0
"Sunday, March 6, 2022 18:44",Alberta Health Services pays you $100 for obtaining your immunization against <NAMED_ENTITY>. Use Sign-in Partner :https://,English,government,"authority,need and greed,time/urgency",alberta health services,,d3c605a64bf5ead5,0.4905500615894997,0
17 Mar 23 07:32 PM,[Anpost]: Your parcel delivery address is wrong please update the address within <DATE_TIME> otherwise we will return: <URL>,English,delivery,"authority,time/urgency",anpost,,e7ced76c401e270c,0.49055736285686147,0
28 March 2022 21:39,RM0 <NAMED_ENTITY>: Click to reset,English,government,"authority,time/urgency",mysejahtera,,5148fb6cd0715390,0.4906193280848374,0
,"Hello @Metadoka, we observed you were debited <US_DRIVER_LICENSE> charge for 2 transactions from your account",English,banking,"authority,distraction",,,810d6ed97c0c3641,0.49074900222377416,0
"Today, 18:25",Dear custmer ur Electricty power willbe disconnected <DATE_TIME> at <DATE_TIME> from electricty officer. Ur <DATE_TIME> bill was not updated Please immediatly contact with electricity officer <DATE_TIME> Thanks,English,others,"authority,distraction,time/urgency",electricity officer,,d5eda6eefbf4bd84,0.49080749407502144,0
"Feb 9th, 2021",SMS90786CHASE894028 (<DATE_TIME> to confirm your phone.(<URL>) [qqzusvqs] [<US_BANK_NUMBER>],English,banking,"authority,time/urgency",chase,,e08da8dbc3225261,0.49086375545227684,0
Yesterday 5:09 PM,"FRM:***Important-wellsfargo^MSG***"" MSG:Card-Locked! Read the complete message now:",English,banking,"authority,distraction,time/urgency",wells fargo,,5b824ccc59fceab6,0.4909263393364373,0
Yesterday 11:31 pm,Royalmail: Your package has arrived at the warehouse but cannot be delivered due to incomplete address details. Please open the link to view: <URL>op <NAMED_ENTITY> wishes you a great day!,English,delivery,"authority,time/urgency",royal mail,,b091eeefaaa3665c,0.4909707610722371,0
"Sunday, Apr 16 • 7:52 PM","<URL># <US_DRIVER_LICENSE> Your-SUBSCRIPTION-IS-0N ""H0ID"",Renewal-your-bill-now://@@,<URL>",English,others,distraction,,,4b5c16bc3b611e09,0.49098570199041697,0
Today 10:34 AM,"<URL># <US_DRIVER_LICENSE> Your-SUBSCRIPTION-IS-0N ""HOID"",Renewal-your-bill-now:// @@,<URL>",English,others,"distraction,time/urgency",ntlfix,,a35a63c5c0151ad6,0.49098570199041697,0
,Click this link COVID-19Cure to take part in a new study.,English,others,"distraction,need and greed,time/urgency",,,70a3bfcccbb3c1f8,0.49100509346908,0
6:11 pm,"Dear, Congratulations, you've got a high-paying job, free of charge. Are you stuck at home because of the epidemic? It doesn't matter! Join us quale shop and make 3000Rs- 5000Rs per day from home phone. Click the link to join our team immediately, and you can make money with your mobile phone every day! With a 100% chance of making money, you can earn a car a month If you are interested, you can also add my whatsapp:<PHONE_NUMBER>",English,others,"distraction,need and greed,time/urgency",quale shop,wa.me,ad7486e10acd96cb,0.49108592483286423,0
17:21,HSBC: A payment was attempted to a new payee on 28/04 at 16:31PM. If this...,English,banking,"authority,time/urgency",HSBC UK,,e54d153637f08686,0.4911536052571865,0
,"Hi there, Optus here. As a valued customer we'd like to hear about your Optus experience so we can make it even better. Tell us about your experience and you could win a $1000 VISA gift card. <URL> To opt out: <NRP>",English,telecom,"authority,need and greed",optus,,7be659516ae09190,0.49118445297927765,0
,90% Alert! : for your <DATE_TIME> highspeed data limit. Get 3<LOCATION> ..,English,telecom,distraction,,,20180fe070b7de65,0.49123063005686707,0
Today 9:59 am,myGov: Your contact details were changed on <DATE_TIME>. If this was not you please visit: <URL>,English,government,"authority,time/urgency",mygov,,bce92250525af699,0.49130837647520853,0
10:52 AM,"Hi, it's Capital One. Did you just try to make this purchase with your card ending in 2710? Text back ""yes"" or ""no"" to let us know. GREYHOUND LINES CNP $219.35 Please respond to help protect your account. Thanks!",English,banking,"authority,distraction",capital one,,c18239c1ed7f3b27,0.4913227262263096,0
"Tuesday, September 20, 2022 12:44","Hi, I'm manager, your application for our company has been approved. Get <DATE_TIME> and work at home. Details: <URL>",English,others,"distraction,need and greed,time/urgency",,cutt.ly,2c96533d12dceb14,0.4913673297816787,0
Yesterday 11:43,"Hello Dear, YOU're selected_under BusinessLoan_Yojana of Rs. 69.85000. Verify your details>> <URL> Loan for existing Business only!",English,banking,"authority,need and greed",,bit.ly,b3935a7c259b8bd0,0.4914203837925924,0
11:54,"ANZ Online OSKO payment of $480.00 to NEW payee VISHAL. If this wasn't you, CANCEL this transaction via: <URL>ine",English,banking,"authority,distraction,time/urgency",anz,,3c5bd0f484313da1,0.49150750122923414,0
"Mon, May 22 at 8:06 AM","Please take <DATE_TIME> to answer a few questions and help us make Sanford Health the best workplace it can be. To opt out of all SMS notifications, reply STOP",English,others,,sanford health,,95d4e8e198779d6d,0.49158517950786085,0
1:31 pm,Notification. Dear Consumer Your Electricity power will be disconnected. <DATE_TIME> at <DATE_TIME> from electricity office. because your <DATE_TIME> bill,English,others,"authority,distraction",electricity office,,3e32fe9a57d781f4,0.491640864386877,0
Today 09:04,You will receive a witness citation by post to appear at Court in <LOCATION> on <DATE_TIME>. Ref: <US_DRIVER_LICENSE>. Please return the reply form within <DATE_TIME>.,English,government,"authority,time/urgency",court in glasgow,,595b014cec315975,0.49164957229501266,0
04/11/2017 07:01,Hi it's Videotron: We would like to reward you for begin loyal to our services for so long so we decided to give you a 25$ gift that you can deposit directly to your bank account from the following link: <URL> Thanks,English,telecom,"authority,need and greed,time/urgency",videotron,,a4adc7bd77b46db8,0.49165730126308044,0
10:56 PM,REGISTER FOR VACCINE NOW age starting 18+ Register for vaccine using VaccRegis app. Download link below. Link: <URL>,English,government,"authority,time/urgency",,tiny.cc,a56bbe3785927fb4,0.49179328525987454,0
1 4:26 PM,Dear XXX Your A/C No XXXX is Credited With Rs 72500/- For Details Check Now:,English,banking,"need and greed,time/urgency",,,e08ab7d85f979d19,0.4919061217012444,0
Saturday • 11:50,"Dear SBI Credit Cardholder, we request you to please confirm if the residence address registered with us in our records, is also your current address. Kindly confirm by clicking on <URL>",English,banking,"authority,time/urgency",State Bank of India,,e73d7bcc3d8adaaf,0.49212376652407147,0
2022-06-14,Your <NAMED_ENTITY> account is temporarily locked. Verify yourself to get unrestricted. <LOCATION>,English,banking,"authority,time/urgency",zippay,bit.ly,5ab9d78f324520b2,0.4921704087670355,0
9:45 AM,DHARNE ROHIT RRB NTPC download http://transportauthorityind <URL> you only have 24 hr top secret material,English,government,"authority,time/urgency",railway recruitment board,,62ec70e6b18337a7,0.4922612176601048,0
AM 1:23,Welcome to LINE This is fun Cool!!,English,others,,,,dffe666108f692eb,0.4922724183697511,0
AM 1:23,Welcome to LINE Cool!! This is fun,English,others,,,,7d571326f95b3398,0.4922724183697511,0
Today 10:44,Welcome to BT. Thanks for your order (Ref: VOL013-<US_DRIVER_LICENSE> 08854). You'll get a full order confirmation soon. If at any time between now and your service starting you want to check your equipment.,English,telecom,authority,bt,,f3789c4e40ea44b7,0.4923030006849685,0
,Did you attempt wire transfer amount of $7500? We have issues with your shipping address. activity on your account You’ll get $130 freebies transfer amount of $7500. shipping address. activity on your account You’ll get $130 freebies Did you attempt wire transfer amount of $7500?,English,banking,"distraction,need and greed",,,21ef4993e74141c5,0.4923141296172884,0
"Monday, May 8, 2023 4:55 PM","(BankOfAmerica: $288.12 Debit Charge @ AHOLD/<LOCATION>,CO on <DATE_TIME> on HOLD. Reply Y If YES. No? Use: <PHONE_NUMBER> To Request Help.) Quote Ref#<US_DRIVER_LICENSE>",English,banking,"authority,time/urgency",bankofamerica,,eb1400018ea18da0,0.4924423029088181,0
Yesterday 19:22,"HSBC: A payment was attempted from a NEW DEVICE on 28/10 at 19:011PM If this was NOT you, please visit:<URL>",English,banking,"authority,distraction,time/urgency",HSBC UK,,e55f5c4142bcee09,0.49250196901419896,0
"11 Jan 2017, 4:47 PM","As a valuable customer , we are offering you double data benefit on all your data recharges till <DATE_TIME>",English,telecom,"need and greed,time/urgency",,,8d1398593771b3b5,0.4927045446057869,0
Today 11:45 am,Optus: We failed to take payment for your recent bill. Your Optus plan will be terminated if you do not update your details at:,English,telecom,"authority,time/urgency",optus,,de14ce0bbc829504,0.4927201936075388,0
Today 5:32 PM,"ability , by central click to a ,join, whatsapp://chat/?code=FefWD5h8rsd5u4qlcZlelku",English,others,,whatsapp,,08883e94fb6ef5cf,0.49278604523784925,0
Today 12:35 am,This is Linkt final reminder ! Just to remind you that your toll fee is overdue please make the payment now at <URL>,English,others,"authority,time/urgency",linkt,,b0467af15dfce1a6,0.49281815273929064,0
Yesterday • 14:39,"Flipkart Return Request Call Rescheduled: Sorry, your conversation with our executive to resolve the issue with order OD126330883348201000 was not complete. We will make a final attempt to reach you on <DATE_TIME>. Please note, if we are unable to reach you, the return request may not be fulfilled. Change slot here: <URL>",English,delivery,"authority,time/urgency",flipkart,,9ac28f27b4f63900,0.49283720900624717,0
Today 2:02 pm,"Suspicious credit card activity is noted. Please confirm your personal data, otherwise we will be forced to block it.",English,banking,"authority,distraction,time/urgency",,,f6a6193107e1cb7f,0.49284224249226993,0
"Today, 10:41 PM",You have successfully claimed 1<LOCATION> data coupon. Data is valid for <DATE_TIME> and will reflect in your account in <DATE_TIME>. Click here to check balance-,English,telecom,"distraction,need and greed,time/urgency",,,2f6644ea634d5449,0.49290710913485836,0
11:39,You have a refund of £265 from an overpayment. Request refund. <URL>,English,banking,"authority,need and greed,time/urgency",argos,,e93163dd1f035acf,0.4929083352160896,0
Today 11:19,FNB:-) Your Account is not updated on the 2023 server and will be block in 24hrs. Click-> <URL> & Update Account FNB,English,banking,"authority,time/urgency",fnb,,7d765eed87f24d6d,0.49294208352375235,0
Yesterday 8:14 PM,Dear 954786XXXX Your A/C <URL>XXXX276 is Credited With Rs.10230/- For Details Check Now : <URL> <NRP>,English,banking,"authority,need and greed,time/urgency",keytoloans,,58b99b76db40c2da,0.49294371825714267,0
,Dear 876638XXXX Your A/C <URL>XXXXX761 is Credited With Rs.<US_DRIVER_LICENSE>/– For Details Check Now : <URL> RPBZAR,English,banking,need and greed,,,308bfd37a0db99c1,0.49294371825714267,0
,Dear 876638XXXX Your A/C <URL>XXXXX761 is Credited With Rs.<US_DRIVER_LICENSE>/- For Details Check Now : <URL> RPBZAR,English,banking,need and greed,,,cd942ff950768d7f,0.49294371825714267,0
"Monday, June 28, 2021, 10:44 PM","Warning: Your account is marked as insecure, please return the <LOCATION> immediately to confirm that it is safe to <URL> DYcy",English,others,"authority,time/urgency",,,bd8f7dc8907f8340,0.4929522490953943,0
09:07,C a l l m e now <DATE_TIME>,English,others,,,,a3c94957ead7a7fc,0.49297645061153494,0
Today 11:13 AM,"Do You Have a Reliable CAR, BIKE or TRUCK? <NAMED_ENTITY> is currently seeking to employ individuals in <LOCATION> who are willing to earn an extra $500 income by simply driving around advertising for <NAMED_ENTITY>. Here is the basic concept of the “Paid To Drive campaign” as <NAMED_ENTITY> seeks Advocates-regular citizens, professional drivers who go about their normal routine as they usually do, only now with an Advert of new “Dr Pepper Drinks” plastered on your car or truck. The ads are typically vinyl decals also known as “Auto Wraps” that almost seem to be painted on the vehicle and which will cover any portion of your car’s exterior surface. You will be compensated with $500 per week which is essentially a “Rental” payment for letting our company use the space and again <NAMED_ENTITY> will take full responsibility for the placing and removal of the decal on.",English,others,"authority,need and greed",dr pepper,,d967f23eb33be172,0.49303306551332576,0
Today 10:39,OTP is <PHONE_NUMBER> for txn of INR 5000.00 at Yes Pay on card ending <DATE_TIME>. Valid till 10:42:03. Do not share OTP for security reasons.,English,banking,"authority,time/urgency",yes pay,,474df40fe41b362a,0.4931143272276243,0
00:23,"HSBC SECURITY ALERT: A payment was attempted from a new device. If this was not you, please login to <NRP>",English,banking,"authority,distraction,time/urgency",HSBC UK,,d4402ee0724cf32f,0.49318694037437033,0
10:42 AM,Welcome to Reliance jio Require Document Note- Please submit complete address 1. Aadhar card ka dono side ka photo 2. passport size photo 3. Marks sheet [ <DATE_TIME> & other ] 4. Personal contact number. Welcome in Reliance jio For more information home based job.,English,telecom,"authority,distraction",Jio,,243b5ecc13aaaef4,0.49339616613936316,0
6:13 PM,This is message received (1) new phishing message: <URL>,English,others,"distraction,need and greed",,,7f3172eb5fe94d12,0.49344919991685077,0
6:14,Australia Post will never send you an unsolicited email asking for your password credit card details or account information.,English,others,authority,australia post,,a23c7d6a6da079e3,0.49347797541289723,0
13:38,"<NAMED_ENTITY> Reminder Your previous <DATE_TIME> payment couldn't be processed, visit the link below and sign in to adjust your details: <URL>",English,others,"authority,time/urgency",Netflix,,bad605936f34d8d3,0.4935434251486336,0
Yesterday 10:57,CITIZENS : Your Online access Code Is <US_DRIVER_LICENSE>. If you did not request code kindly click https://,English,banking,"authority,time/urgency",citizens,bit.ly,bfab03a9f50eeda7,0.49360096680792276,0
Sun 17:50,"Dear Customer, transaction unsuccessful. Please try again later.",English,others,distraction,,,7abb60978b85d943,0.4936434653572374,0
Thursday 1:57 PM,"Welcome, your order was delivered on <DATE_TIME> to our drop-off office center. All details about your pick-up here:",English,delivery,"authority,time/urgency",,,71674a285c061682,0.493676112161411,0
Today 18:52,eflow: You have been recorded using the motorway without paying the appropriate charge(s) of 6.40 visit <URL> to prevent a fine of 97.50,English,others,"authority,time/urgency",eflow,,87c581c9800101cb,0.4938151370245253,0
18:28,Congratulations! Thank you for choosing high speed Idea 4G network. Your new mobile connection request for <DATE_TIME> through Order Number 01-<US_BANK_NUMBER> is being processed. Thank you for choosing Idea.,English,telecom,authority,idea 4g,,3222689c95b47590,0.49383775259421786,0
Today 6:11 am,Our system record shows that you have one trip failed to tap-off. Please pay this outstanding invoice immediately.,English,others,time/urgency,,,1406a0382b06fa93,0.4938577593946616,0
Yesterday 19:00,"Lloyds Bank: You have successfully paired a NEW DEVICE on 13/11 at 18:55PM. If this was NOT you, visit: https://",English,banking,"authority,distraction,time/urgency",Lloyds Bank,,a3b36f6825d9a59f,0.49392403275307994,0
"7:22 pm, Monday, 6 November 2017",Commonwealth bank: Your account is locked. Unlock it manually <URL>,English,banking,"authority,time/urgency",commonwealth bank,,37f16aa627cf0369,0.4939580371148536,0
"Friday, 27 August 2021","You have a iissed cyll, details: <NAMED_ENTITY>",English,others,distraction,,,073bb151c01332c2,0.49401198256271356,0
01-10 02:10 PM,"<NAMED_ENTITY> SUNSTAR REALTY DEVELOPMENT LTD (BSE Code:<US_DRIVER_LICENSE>) @ 18.95 - 19.10 , TGT 45 & Final TGT 95 in <DATE_TIME> SL 18.45 Minimum Qty Buy 9500 Shares",English,others,"need and greed,time/urgency",sunstar realty development ltd,,8e49b769f112f399,0.49402529848214394,0
02:10 PM,"<NAMED_ENTITY> SUNSTAR REALTY DEVELOPMENT LTD (BSE Code:<US_DRIVER_LICENSE>) @ 18.95 - 19.10, TGT 45 & Final TGT 95 in <DATE_TIME> SL 18.45 Minimum Qty Buy 9500 Shares",English,others,"distraction,need and greed",sunstar realty development ltd,,3169a397f4aebc96,0.49402529848214394,0
,You will receive the payment within <DATE_TIME> subject to banking holidays,English,banking,"authority,time/urgency",,,2b49358ad43dabd5,0.49415020112308283,0
Friday May 12 8:16 AM,Unfortunately we were unable to Auto-recharge your subscription. Update your informations,English,others,"distraction,time/urgency",,,f4821b53313f3b0c,0.49421167996864945,0
Today 17:30,Your email address is no longer confirmed to avoid issues please confirm your email at: <URL>,English,banking,"authority,time/urgency",Revolut,,9a40e278f6143a7c,0.49425113492768247,0
10:32,You are invited to book in for your 1st Covid Vaccination at Medical Group. Please use the link below.,English,government,"authority,time/urgency",medical group,,365dfc79c814c9e8,0.49442735902328827,0
28-09-2021 21:45,"Recharge of Rs INR19.0000 is successful for your Airtel Mobile on <DATE_TIME>, Transaction ID <DATE_TIME>. Check your balance, validity, tariff and best recharges on Airtel Thanks App - <URL>",English,telecom,authority,Airtel,,90346d338d4e3a68,0.49453336820966426,0
5:11 am,EVRI: Your parcel is awaiting dispatch. Please confirm the £1.45 shipping fee via: <URL>,English,delivery,"authority,time/urgency",evri,,43845a7d6666a736,0.49454671828080704,0
"Wednesday, 06 April 2022 12:00",PO-SA: IMPORT FEES DUE PACKLINK SHIPPING CO shipment scheduled. Pay online or pay driver on delivery.,English,delivery,"authority,time/urgency",packlink shipping co,,308f2d0c6fb69376,0.4945542613475795,0
2023-10-04T16:34:00,"Hello, 71rs has been sent to your account, please check! Calculate your salary every day based on how many tasks you can complete.1. Recharge 200 to earn 51+71, withdraw 322 2. Recharge 1000rs earn 651rs+71rs withdraw 1372rs 3. Recharge 3000rs earn 1201rs+71rs withdraw 4359rs 4. Recharge 5000rs earn 3601rs+71rs withdraw 8672rs Please select a task and tell me For the orders you complete, the merchant will refund you 40% of the commission",English,others,need and greed,,,6ec65b3c2c3796ec,0.49458020889189064,0
February 23 4:11 PM,Dear SBI USER A/C will be blocked TODAY Update PAN CARD for KYC Verify login <NAMED_ENTITY> with <NAMED_ENTITY> hare <URL>,English,banking,"authority,time/urgency",State Bank of India,,54a2403e9223eeaf,0.49462039918553075,0
"Thursday, 07 April 2022, 12:00",<URL> has been reported as a malware site.,English,delivery,authority,,,3eb4498b52ee4f67,0.4946999447266116,0
04 April 2022,Malware detected! <URL> has been reported as a malware site.,English,delivery,"distraction,time/urgency",,,840c5303b0a238b0,0.4946999447266116,0
28 March 2022 13:13,We have noticed your application for Bajaj Finserv Insta EMI Card is still pending. Click <URL> to enjoy No Cost EMI upto <DATE_TIME>,English,banking,"authority,distraction,time/urgency",bajaj finserv,,94227d50742c3e02,0.4947830004963961,0
28/10 10:12AM,Lloyds: You added a new recipient 'Mr A <NAMED_ENTITY>' to your A/C. If you do NOT recognize this please visit:,English,banking,"authority,distraction,time/urgency",Lloyds Bank,,cc2f0fd0b326bea9,0.4949513038679751,0
08:10,NHS-UK Health Department: You have been in close contact with a confirmed Omicron case. You must book a home PCR test kit: <URL>,English,government,"authority,time/urgency",nhs-uk health department,,4b00883bb45788dd,0.4950142545049753,0
Sat 12:12,Dear Custome'r Your Vodafone/idea e.K.Y.C Document have been <URL><NAMED_ENTITY> immediately Otherwise your <URL> will be block in 24hrs,English,telecom,"authority,time/urgency",Vodafone,,487d57127f7c559f,0.49505708929062,0
"Thursday, 28 October 2021",Dear Custome'r Your Vodafone/idea e.K.Y.C Document have been <URL><NAMED_ENTITY> <PHONE_NUMBER> immediately Otherwise your <URL> will be block in 24hrs,English,telecom,"authority,time/urgency",Vodafone,,9be842709c893991,0.49505708929062,0
Tuesday 02 May 17:47,FNB:-) Your Fnb Account is not updated on the new 2023 server and will be blocked in <DATE_TIME> Click-> <URL> & Update Account,English,banking,"authority,time/urgency",fnb,rebrand.ly,39989e7903e84737,0.4951170112155106,0
Today 11:13,The time has come! You've reached the top of the queue and your YAP account is now ready to be activated. Please log back in to complete your activation and begin banking smarter.,English,banking,"authority,distraction",yap,,81d1e5ebe04c5ac8,0.4951301476224015,0
Tuesday 11 April 15:19,Account successfully loaded with 50 SMS/MMS that will expire at <DATE_TIME>. The rate per MB for this bundle is R 0.48.,English,others,,,,c62bb6e07ea2766d,0.4951779558146755,0
,A new payee was added to your CommBank account. Not you? Visit:,English,banking,"authority,time/urgency",commbank,,3ea40c7dad73d0b2,0.49521773032450683,0
"Thursday, June 30, 02:45",ICBC We are sending $110 to drivers with an auto insurance policy of ICBC due the rising gas prices. See the link to redeem your funds:,English,banking,"authority,need and greed,time/urgency",icbc,,0e795726294e1509,0.49527530258184177,0
"Monday, August 14, 2017 18:13",Bendigo Bank: Your account was locked and requires additional verification. <URL>,English,banking,"authority,need and greed,time/urgency",bendigo bank,,3d5d08e972c0299b,0.4953202442379553,0
03:56,"The content you tested you can push Make money online, with a <DATE_TIME> income of 20-50 pounds, no risk, just a mobile phone can be completed, the quota is limited, please contact <URL>",English,others,need and greed,,wa.me,77a05471f184b21f,0.4956727534519864,0
Monday 19 June 08:55,Hi Mum my phone's broken using a friend's phone but is on low battery. Please call or text me on my new number which is <PHONE_NUMBER> Urgent! <NAMED_ENTITY>,English,hey mum/dad,"distraction,kindness,time/urgency",,,b9356dfbd36b5094,0.49567547110018884,0
today 3:11 PM,SSH! Please keep this a secret. Here's your exclusive invite to The Secret Shopping Hour- a Premium Livestream scheduled on <DATE_TIME>. Get off-the-market deals on Premium Beauty Brands only for <DATE_TIME>. Click <URL> to register. Please DO NOT spread the word. T&C,English,others,"distraction,need and greed,time/urgency",,bit.ly,df41de359eaf1c93,0.4958462223826016,0
13:22,From <LOCATION>: We'll be in contact <DATE_TIME> to discuss your contract from ph number <PHONE_NUMBER>.,English,telecom,authority,electric ireland,,b98339818dc149bc,0.49586043989789014,0
18:24,"from, QUICK CASH CONTACT NO : JANIRBAN <NAMED_ENTITY> : Q 216/1, UMESH NEOGI ROAD, <LOCATION>, <LOCATION>, <LOCATION>, <DATE_TIME> has taken a small loan from our QUICK CASH Company and he has give us your number in reference, so please inform her pay his outstanding loan because he is already SOME overdue, if we don't received his payment in <DATE_TIME> the our company will contact. so please tell him to pay for avoid collection calls. Regards Quick Cash Recovery Team",English,banking,"authority,time/urgency",quick cash,,8e8ab81bccd7a548,0.49588010789975695,0
Yesterday • 2:38 PM,"<NAMED_ENTITY>-APP NO HAS RS2 CRORE 75 LAKH IN THE WHATSAPP GLOBAL AWARD <URL>R CLAIM,SEND NAME:AD:MOB NO:JOB:AGE:TO: <EMAIL_ADDRESS>",English,others,"authority,need and greed",whatsapp,,782d9d4a2f1baa51,0.4960604757887725,0
7:32 pm,<NAMED_ENTITY> will disconnect at 9:30pm as your <DATE_TIME> bill wasn't updated. Call us immediately <DATE_TIME> CCap,English,others,"authority,distraction,time/urgency",electricity power,,db5f29f97cf48db0,0.4961689448709766,0
2020-05-30 08:14:22,ALERT: You've spent Rs.2410.00 on CREDIT Card <US_DRIVER_LICENSE> at DHARMAVAT PETROLEUM,English,banking,"distraction,time/urgency",dharmavat petroleum,,e308efb05786865e,0.49617332792204444,0
50m ago,Your A/C can be credited with Rs.<PHONE_NUMBER>. Enter your details & check now <URL>,English,others,need and greed,,,3a282b70a8be102d,0.49619035553293606,0
10:37 AM,Your A/C can be credited with Rs. <PHONE_NUMBER>. Enter your details & check now <URL>,English,banking,"need and greed,time/urgency",,,2574c12f4cdd9489,0.49619035553293606,0
11:04,Home delivery it is! Your parcel is expected to be delivered in <DATE_TIME> working days. Your tracking code: #1W7839Z78894351,English,delivery,"authority,time/urgency",,,a1b934017173791b,0.49620672990266695,0
Today 14:03,"Confirmation: The phone number on your account has been changed successfully. If you didn't do this, go to: <URL>f-17273 <URL>",English,banking,"authority,distraction,time/urgency",Santander Bank,,820611d9115b078e,0.49623302915797235,0
,"Dear MGL customer, click link take photo and input reading, submit on or before <DATE_TIME> , for us to bill you at actual <URL>",English,others,"distraction,time/urgency",mahanagar gas limited mgl,,275f85bc2fd31921,0.49635486373519083,0
Today 6:57 PM,Attn: Thomas PLEASE READ THIS SECURE MESSAGE FROM PRESIDENT <NAMED_ENTITY> ON HIS INDICTMENT: <URL>,English,government,"authority,time/urgency",president donald j trump,,c7c385691ebaa145,0.49645076406533145,0
,USPS: Your package was temporarily returned due to an unavailable address: Please update the address in time:,English,delivery,"authority,time/urgency",USPS,,e2c5f1aa7cdec105,0.4965720015012483,0
Yesterday 21:04,HALIFAX ALERT: A new payee has been added A <NAMED_ENTITY> if this was not visit <URL> IMMEDIATELY,English,banking,"authority,time/urgency",halifax,,5b2048f286606ca0,0.4966770888427506,0
"Monday, 29 June 2020 14:44","There was an issue processing your last bill. To avoid termination of contract, update your billing at <URL>",English,telecom,"authority,distraction,time/urgency",ee,,e60397b8fc505831,0.4970388947667673,0
Today 10:56 AM,Your package will be returned due to missing address details. Please update the address in time:,English,delivery,time/urgency,,,2bac3d316943bfad,0.49706661527304496,0
Today 06:57,DPD UK: We had trouble trying to ship your order out to you. You can find out this happened by visiting: <URL>,English,delivery,"authority,distraction,time/urgency",dpd uk,,ad120f2ac25c0ae8,0.49709299381121197,0
"Friday, today 23:42",Your verification code <DATE_TIME> If you DID NOT request this code please visit <URL>,English,others,time/urgency,,,7708d535844d7b2b,0.4972416686933875,0
Mar 20 2023 9:06 AM,Evri: Your order 2A728<LOCATION> is waiting at your local depot as nobody answered. To book a slot visit: <URL>,English,delivery,"authority,time/urgency",evri,,abf0f4e9fb318ff8,0.4972932279554857,0
"Wed, Dec 14 at 8:33 AM",Your package cannot be delivered due to incorrect house number information. Please fill in the correct address online for re-deliver:,English,delivery,distraction,,,6bb64ca0c913450d,0.4973647828175997,0
Today 11:05 AM; Today 4:50 PM; Today 9:31 PM,Tap to reset your Instagram password: <URL> Tap to reset your Instagram password: <URL> Tap to reset your Instagram password: <URL> Tap to reset your Instagram password: <URL>,English,others,"authority,time/urgency",instagram,,53ec82d7ebded6c5,0.49737657554375475,0
"Mon, Jan 30 at 6:27 AM",Tap to reset your Instagram password: <URL>,English,others,"authority,time/urgency",instagram,,8a7899b387ddd783,0.49737657554375475,0
,"Your package has been left at a parcel shop. If you do not pick it up within <DATE_TIME>, it will be sent back to the sender. To pick up your parcel, please log in to the parcel store via the following link:",English,delivery,"distraction,time/urgency",,,d7c440db19202624,0.4973920817674296,0
16:32,"ecruitment: WhatsApp[Job] 1. Daily salary 3000-10000RS 2. Only need a mobile phone to work for <DATE_TIME>. No fees, free and safe withdrawal During the <NAMED_ENTITY> lockdown period. You are a housewife or an employee, and you can join my team at no cost. You can work anywhere every day and get a <DATE_TIME> salary. I now lead a team of 10,000 people to make money together. Click the link to contact Whats-App without request:<URL>",English,others,"distraction,herd,need and greed",whatsapp,wa.me,bcaea528fe5a797f,0.4974446969331885,0
Today 2:15 pm,"Hi, one last reminder to avoid a phone non-return fee. Your lease plan ended <DATE_TIME> on <DATE_TIME>, and you need to return your leased Apple iPhone X in store in a return-ready state and good working order by <DATE_TIME>. If you do not return your lease phone by this date you will be charged a non-return fee - talk to our friendly experts about your options. Find out more: <URL>",English,telecom,"distraction,time/urgency",apple,,724b78b1ca9d7874,0.49745370176233933,0
Today 11:34 AM,There is a $750 Cash*App that requires your attention. Expires <DATE_TIME>,English,others,"need and greed,time/urgency",cashapp,t.co,03911735bdc1d15d,0.4974628333309172,0
Yesterday 04:10,Your OTP code is <DATE_TIME>. If you did NOT request this please visit.,English,others,"distraction,time/urgency",,,deb944f5a4bde7b4,0.4976591688277147,0
,"NHS Test & Trace: Dear When you travel to <LOCATION> you must take a coronavirus test within <DATE_TIME>. If you do not, you may be fined. If you have taken a test or you have left <LOCATION>, reply YES within <DATE_TIME> of receiving this text. Find out more at",English,government,"authority,time/urgency",nhs test & trace,,6c12ae0b87e6fc3a,0.4977819054231077,0
2:14 pm,ONE MOTORING - You have entered the blacklist investigation period please process your unpaid toll within <DATE_TIME> after receiving the SMS,English,others,"authority,time/urgency",one motoring,t.ly,7aa8578f2d443643,0.49793048405787416,0
15 October 2017 15:25,"VND20000 was spent on your SBI Card no. ending <US_DRIVER_LICENSE> at FACEBK ADS on <DATE_TIME>. Remaining credit limit: Rs. <NAMED_ENTITY>. Transaction of VND16113268 made on SBI Credit Card <US_DRIVER_LICENSE> without effecting add'n factor of authentication mandated by RBI, at FACEBK J784YDS2K2 on <DATE_TIME>. VND20000 was spent on your SBI Card no. ending <US_DRIVER_LICENSE> at FACEBK ADS on <DATE_TIME>. Remaining credit limit: Rs. 188,718.34.",English,banking,"authority,distraction",State Bank of India,,f4036871fbf4b169,0.49805895150232754,0
Today 07:45,Evri: Your parcel is awaiting dispatch. Please confirm the £2.99 shipping fee using the link below: <URL>,English,delivery,"authority,time/urgency",evri,,6c3b8070c9a7e236,0.49809215085756064,0
5:53,"RECHARGE SUCCESSFUL ₹549 Data: <DATE_TIME> • SMS: <DATE_TIME> • Calls: Truly Unlimited | Data : <DATE_TIME> : <DATE_TIME> | Validity : <DATE_TIME> Validity: <DATE_TIME> For any queries regarding recharge, Please contact Airtel with reference number <PHONE_NUMBER>.",English,telecom,authority,Airtel,,ec588cba28914c7c,0.49811151875279414,0
19/10 14:39PM,"HALIFAX ALERT: You have successfully paired a NEW DEVICE on 19/10 at 14:39PM. If this was NOT you, visit: <URL>",English,banking,"authority,distraction,time/urgency",halifax,,3b9ba9d858f910a1,0.4981908675521174,0
"Wednesday, 13:53","Dear Sir, Thanks for Reaching us for Dating,Meeting & chat partner. Call: Madhu- <PHONE_NUMBER> For more information in details. BASTOP",English,others,need and greed,,,b77b86072a052bfa,0.49823999946863284,0
Yesterday 19:13,We need to verify your Revolut account.,English,banking,authority,Revolut,,bd049552e5775ceb,0.49825389071725945,0
Today 19:36,"You are able to get your NHS COVID pass which proves that you have had the vaccine against COVID-19, through <URL> now.",English,government,"authority,distraction,time/urgency",nhs,,27bcbf910666ceca,0.4983694096074721,0
Today 10:16 AM,SA Post Office - The order cannot be completed due to wrong address please confirm within <DATE_TIME> as follows:,English,delivery,"authority,time/urgency",sa post office,,d9b7712ccadf8788,0.4984046984590425,0
Tuesday 5th of April 2022 03:45:36 AM,Your parcel at the Australia Post has not been picked up for <DATE_TIME>. An amount of couner fee will occur If you wish to re-deliver it. IMPORTANT: Your parcel will be returned to the sender if payment is not received within <DATE_TIME>.,English,delivery,"authority,distraction,time/urgency",australia post,,7744dfaab3a2fe35,0.498449736332478,0
16:10,ONLINE CHASE - Security update requested! Please Log in to restore: <URL>,English,banking,"authority,distraction,time/urgency",online chase,,f9dfaf427810c453,0.4984735500023934,0
"['13 July 2020 16:44', '18 July 2020 23:09']","['OTP for online purchase of Rs, 31119.03 at PAYTM thru State Bank Debit Card. Do not share this with anyone', 'OTP for online purchase of Rs. 100.00 at One97 Communications thru State Bank Debit Card. Do not share this with anyone']",English,banking,"authority,distraction","one97 communications,Paytm,state bank",,c700127058b826f7,0.49861447042425067,0
,Dear Customer. Please note that the information on charges that apply when dialing USSD codes is not from FirstBank. You'll be informed if there are changes to our services. YouFirst,English,banking,authority,firstbank,,e7e47a7ce52f8ad5,0.49866487188111347,0
Today 1:34 am,LINKT-: Our system records indicate that you have an unpaid toll bill. Please pay now to waive the coming penalty notice.,English,others,"authority,time/urgency",linkt,,97e64cbbea03173a,0.4986838392429229,0
"00:01, Wednesday, 1 July 2020","<NAMED_ENTITY> , We have completed your refund of INR 1150, please check your email for details and break up. You can check your current refund status of this booking by clicking- <URL> Thank you for",English,others,"authority,distraction",goibibo,,fa9b5c93f18a7d40,0.4987676949893042,0
"5:24 PM, August 31",The company is excited to offer team member exclusive discounts as another ... <URL> or Reply with YES to confirm receipt.,English,others,"distraction,kindness,need and greed",,,9569d78e2a081651,0.4987958480269112,0
"Today, 3:45 PM","-Paytm never calls for <NAMED_ENTITY>. Do not share it with anyone. <NAMED_ENTITY>: **** Not You? Report <NAMED_ENTITY> has been stopped upon your request for <DATE_TIME>. This will get unblocked at <DATE_TIME>, 05 Apr. To unblock immediately: <NAMED_ENTITY>",English,banking,"authority,distraction,time/urgency",Paytm,,d96db1fd149c0505,0.49887949806833093,0
20:51,"Your identity is no longer verified, to avoid restrictions please confirm your identity at the following URL: <URL>",English,banking,"authority,time/urgency",Revolut,,2702357f07b0c281,0.4988807086334692,0
Today07:48,For Your TraderMoni Cashout. Follow: Visit Any ATM Machine that support Quickteller. Insert your card and Type your PIN. Select Quickteller. Select Pay Bills. Select your account type. Select Others. Enter <DATE_TIME> as the Payment Code. Enter CUSTOMER/Agent REF NO:which is <PHONE_NUMBER>) And Press PROCEED. It will authenticate and request for the AMOUNT C O DE: which is 10100. and PROCEED. Enter your phone number and press PROCEED & PAY. your transaction will be processed successful.,English,banking,"authority,distraction,time/urgency",tradermoni,,55d424eeb76723c2,0.4989796330496995,0
2023-04-27T14:52:00,Your delivery is at <LOCATION>. Please bring ID and collect by <DATE_TIME>. More details: <URL>,English,delivery,"authority,time/urgency",waterloo parcel collection,,b4557be2f8d385a3,0.49898855406602205,0
1:39 PM,We are sorry for your courier and we are unable to complete the shipment due to the wrong delivery address. <URL>,English,delivery,"distraction,time/urgency",,,5f266b7798e6565d,0.49907701625151885,0
3:24,Loan Number: <DATE_TIME> Loan Amount: <US_DRIVER_LICENSE> <DATE_TIME> EMI Amount: 12230 First EMI Date: <DATE_TIME>: <DATE_TIME> Last EMI cleared: Total installments paid: 0 Balance Tenure: If EMI debited on your due date then the amount will be updated in your loan account in <DATE_TIME>. To know the outstanding balance of your loan account visit branch,English,banking,"authority,time/urgency",,,efac17ae4d5fab40,0.4992310142806444,0
15:33,"ecruitment: WhatsApp[Job] 1. Daily salary 3000-10000RS 2. Only need a mobile phone to work for <DATE_TIME>. No fees, free and safe withdrawal During the <NAMED_ENTITY> lockdown period. You are a housewife or an employee, and you can join my team at no cost. You can work anywhere every day and get a <DATE_TIME> salary. I now lead a team of 10,000 people to make money together. Click the link to contact Whats-App without request:",English,others,"authority,herd,need and greed",whatsapp,wa.me,64cb04a607e86593,0.4992424910922348,0
20:08,"We have identified that you still have an outstanding vehicle tax refund of 61.77 GBP from an overpayment, request your refund.",English,government,"authority,need and greed,time/urgency",,,6aa27ee3cfcea73d,0.4994985448124369,0
Today 12:53,"Someone sent you special flower, Click on the link below. Login with your Meteor Mobile Number and password to see flower & sender",English,telecom,"authority,distraction",meteor,bit.do,4c136e3cf874e3ae,0.49953922446422255,0
"Friday, 29 January 2021 17:29","Great news, the product you ordered is ready to be booked for delivery. Please follow this link and select the best date for you.",English,delivery,"distraction,time/urgency",,,30eff8ca70f9ece3,0.49978949910196513,0
Today 14:34,SANTANDER: One-Time Passcode is <DATE_TIME> for 856.17GBP to ARGOS. If this was NOT you Please contact us immediately on <US_BANK_NUMBER>,English,banking,"authority,time/urgency",Santander Bank,,a360184f0a2726c5,0.49981320763029585,0
8:50 pm,State Bank of India : Rs. 20000 credited to a/c XXXXXXX0 14-03-23 by a/c linfked to <US_BANK_NUMBER>@ybl (UPI Ref No <US_BANK_NUMBER>),English,banking,authority,State Bank of India,,e6b86a6534612f1e,0.4999142508911466,0
"3 Sep 2020, 4:38 pm",It looks like your payment card ending <DATE_TIME> has expired. Update it <DATE_TIME> at <URL> to avoid suspension and additional fees.,English,others,"distraction,time/urgency",linktcomau,,b374dfe328665207,0.4999410713816968,0
07:59,Please do not telephone the practice for advice on self-isolation. Follow the guidance on NHS 111 online. Due to the extremely,English,others,authority,nhs 111,,c72f2705737f9368,0.4999840100955281,0
